CACHE type 5 produced by analog 6.0/Unix. Do not modify or delete!
T	0	0	21402	5044	286	6968	437650305
D	29725125	29833576
20642	129	1	0	66
20642	130	2	0	132
20642	229	5	1	5125
20646	9	37	4	579829
20646	10	4	1	1946
20646	11	4	2	2418160
20646	14	3	2	1271
20646	16	1	1	0
20646	17	159	5	2664713
20646	18	1	1	0
20646	26	1	1	973
20646	27	1	1	0
20646	33	1	1	443
20646	38	2	1	1271
20646	50	1	1	973
20646	54	1	0	298
20646	62	2	1	1416
20646	63	1	0	443
20646	64	2	0	886
20646	65	1	0	443
20646	66	2	0	886
20646	67	8	0	3544
20646	68	2	0	886
20646	70	4	0	1772
20646	71	1	0	443
20646	73	1	0	298
20646	74	1	1	973
20646	78	55	2	1344209
20646	86	1	1	973
20646	90	2	1	509
20646	94	1	1	443
20646	98	2	2	1416
20646	102	1	1	298
20646	108	1	0	298
20646	110	1	1	973
20646	115	1	0	298
20646	122	1	1	973
20646	128	4	4	886
20646	130	8	2	456218
20646	134	1	1	973
20646	136	1	1	973
20646	137	1	0	298
20646	146	1	1	973
20646	151	1	1	443
20646	157	1	0	298
20646	158	2	2	1416
20646	163	41	6	771956
20646	164	4	2	1627
20646	165	4	1	1772
20646	170	1	1	973
20646	177	1	0	298
20646	179	49	1	236787
20646	182	1	1	973
20646	187	1	0	298
20646	194	1	1	973
20646	198	1	0	298
20646	206	1	1	973
20646	218	2	1	1271
20646	221	1	0	443
20646	224	2	0	298
20646	225	1	0	298
20646	226	2	0	298
20646	229	1	0	298
20646	230	1	1	973
20646	234	33	3	1498331
20646	235	48	0	115968
20646	236	2	0	298
20646	238	1	0	298
20646	242	3	1	1859
20646	243	2	0	886
20646	244	5	0	2215
20646	245	10	2	2621948
20646	246	4	0	1772
20646	247	3	0	741
20646	248	6	0	2658
20646	249	9	0	3987
20646	251	1	0	298
20646	254	1	1	973
20646	257	2	0	298
20646	258	1	0	298
20646	266	1	1	973
20646	278	5	2	481337
20646	279	1	0	298
20646	283	5	2	2419046
20647	2	1	1	973
20647	4	1	1	443
20647	8	2	1	509
20647	10	4	1	518710
20647	11	3	2	741
20647	14	1	1	973
20647	18	1	0	0
20647	26	1	1	973
20647	34	2	0	741
20647	38	1	1	973
20647	50	1	1	973
20647	54	1	0	298
20647	61	1	1	443
20647	62	1	1	973
20647	67	1	1	443
20647	70	27	2	538019
20647	73	1	0	298
20647	74	1	1	973
20647	82	1	0	973
20647	86	1	1	973
20647	92	1	0	443
20647	95	1	0	298
20647	98	1	1	973
20647	99	2	1	509
20647	108	1	0	443
20647	109	1	1	443
20647	110	1	1	973
20647	117	1	0	298
20647	118	1	1	0
20647	122	1	1	973
20647	129	8	5	480021
20647	130	1	1	443
20647	132	1	1	0
20647	133	1	1	443
20647	134	2	1	973
20647	139	1	0	298
20647	140	3	1	1714
20647	146	1	1	973
20647	148	1	0	0
20647	154	2	0	298
20647	158	1	1	973
20647	159	1	0	298
20647	170	1	1	973
20647	179	1	1	443
20647	180	2	0	741
20647	182	1	1	973
20647	189	27	3	11961
20647	190	51	0	22593
20647	193	1	0	298
20647	194	79	3	35382
20647	197	2	2	886
20647	199	1	0	298
20647	200	1	1	443
20647	201	2	1	298
20647	206	1	1	973
20647	207	2	1	741
20647	208	1	1	443
20647	210	2	1	886
20647	217	25	2	58125
20647	218	1	1	973
20647	220	3	1	224851
20647	222	9	3	1610395
20647	227	1	0	298
20647	230	2	2	1416
20647	240	1	1	443
20647	242	1	1	973
20647	243	19	2	18487
20647	244	3	2	2411314
20647	245	1	0	0
20647	247	1	0	0
20647	248	1	0	298
20647	254	1	1	973
20647	256	1	0	298
20647	257	1	0	443
20647	260	8	2	957042
20647	261	3	2	0
20647	262	2	2	443
20647	263	1	1	0
20647	265	1	1	443
20647	266	1	1	973
20647	269	3	1	807
20647	278	1	1	973
20647	279	1	0	443
20647	280	3	1	1329
20647	282	3	1	1716
20647	286	1	0	443
20647	287	1	0	443
20648	1	2	1	741
20648	2	1	1	973
20648	4	2	1	509
20648	5	1	0	298
20648	11	1	0	102153
20648	14	3	2	1482
20648	15	2	1	18370
20648	16	46	1	480952
20648	19	3	0	525
20648	20	3	2	12883
20648	22	63	1	42406
20648	23	1	0	298
20648	24	2	1	408
20648	26	1	1	973
20648	28	81	3	61101
20648	29	3	1	0
20648	30	100	10	1062295
20648	31	35	9	575872
20648	32	52	9	4297132
20648	33	43	5	1213048
20648	34	37	3	1213048
20648	35	3	1	0
20648	36	4	2	449
20648	37	3	1	0
20648	38	1	1	979
20648	39	5	2	756
20648	40	3	1	0
20648	42	1	0	307
20648	49	1	1	449
20648	50	1	1	979
20648	52	1	0	449
20648	62	2	1	1286
20648	74	1	1	979
20648	82	1	0	307
20648	84	21	1	556120
20648	86	2	1	1958
20648	88	1	1	449
20648	89	1	0	449
20648	98	3	3	1877
20648	103	1	0	307
20648	104	1	0	307
20648	110	1	1	979
20648	117	3	1	0
20648	122	1	1	2185
20648	124	56	9	1380673
20648	126	1	0	702
20648	129	31	5	561413
20648	130	2	2	4358
20648	134	1	1	2179
20648	137	4	2	2913
20648	140	3	1	0
20648	142	1	1	878
20648	146	2	2	3057
20648	147	1	0	702
20648	158	1	1	2179
20648	160	30	1	642318
20648	163	56	0	469666
20648	164	39	1	690208
20648	167	1	1	702
20648	168	1	0	702
20648	169	1	0	702
20648	170	1	1	2179
20648	182	4	4	4813
20648	183	2	1	2881
20648	190	2	1	1580
20648	191	7	0	6146
20648	194	2	2	4358
20648	206	1	1	2179
20648	207	1	0	878
20648	208	1	0	878
20648	209	1	1	878
20648	210	2	0	1580
20648	211	1	0	878
20648	212	2	1	878
20648	213	1	0	878
20648	214	1	0	878
20648	215	1	0	878
20648	216	1	0	878
20648	217	2	0	1756
20648	218	3	1	3935
20648	219	2	0	1756
20648	220	2	0	1756
20648	221	2	0	1756
20648	222	5	0	4390
20648	223	3	1	2634
20648	230	3	2	3759
20648	237	5	3	2615736
20648	240	1	1	878
20648	242	1	1	2179
20648	244	1	0	702
20648	245	1	0	702
20648	248	1	1	878
20648	249	14	6	9828
20648	252	1	1	878
20648	253	2	1	1580
20648	254	2	1	2881
20648	260	1	0	0
20648	263	1	1	878
20648	266	1	1	1290
20648	271	1	1	898
20648	273	1	0	700
20648	274	11	4	2890547
20648	275	139	0	310943
20648	276	96	0	214752
20648	277	43	0	96191
20648	278	1	1	2237
20648	281	139	0	310943
20648	282	20	9	2727
20648	284	1	1	898
20648	285	1	0	700
20648	287	50	2	33372
20649	2	1	1	3066
20649	6	1	0	979
20649	14	1	1	3066
20649	15	2	2	2392
20649	24	1	1	1196
20649	26	2	1	4045
20649	38	1	1	3066
20649	42	1	1	1196
20649	46	2	0	4045
20649	50	1	1	3066
20649	56	1	0	979
20649	57	1	1	1196
20649	62	1	1	3066
20649	65	1	1	1196
20649	66	1	0	979
20649	67	2	2	2392
20649	74	1	1	3066
20649	78	14	4	1001687
20649	86	1	1	3066
20649	87	1	0	979
20649	98	2	1	4262
20649	99	2	0	2392
20649	100	2	1	2392
20649	101	2	0	2392
20649	102	2	0	2392
20649	103	3	0	3588
20649	104	2	0	2392
20649	105	2	0	2392
20649	106	2	0	2392
20649	107	3	1	3588
20649	108	2	0	2392
20649	109	4	0	4567
20649	110	6	1	9046
20649	111	6	0	7176
20649	112	2	0	2392
20649	122	1	1	3066
20649	128	36	4	543530
20649	129	3	2	2392
20649	130	3	2	2175
20649	134	1	1	3066
20649	140	1	1	1196
20649	141	1	1	1196
20649	146	1	1	3066
20649	147	1	1	1196
20649	149	1	0	979
20649	158	1	1	3066
20649	163	14	0	42924
20649	164	14	0	42924
20649	168	1	0	979
20649	170	2	1	4045
20649	180	1	1	1196
20649	182	1	1	3066
20649	187	1	1	1196
20649	190	1	0	979
20649	193	3	2	3154
20649	194	1	1	3066
20649	206	1	1	3066
20649	211	3	1	2937
20649	218	2	2	4262
20649	223	14	0	42924
20649	226	1	1	1196
20649	227	1	1	1196
20649	230	1	1	3066
20649	233	3	2	7111
20649	234	1	0	2411140
20649	241	27	1	537956
20649	242	7	3	4494
20649	253	1	0	979
20649	254	1	1	3066
20649	258	5	2	1297
20649	264	4	3	596471
20649	265	5	2	1297
20649	266	16	2	21006
20649	270	1	0	979
20649	274	1	0	979
20649	276	1	1	1196
20649	278	1	1	3066
20649	279	61	9	1048696
20649	280	4	1	2431921
20649	281	1	0	2394
20649	282	4	0	3874
20649	283	1	0	1196
20649	284	2	0	1423
20649	285	16	1	12897
20649	286	1	0	1196
20649	287	22	1	6618
20650	0	67	11	26511
20650	1	18	1	13091
20650	2	60	8	1342197
20650	3	62	4	54521
20650	4	51	1	158913
20650	5	15	0	161361
20650	6	5	1	3202
20650	7	3	0	3371
20650	8	1	0	1196
20650	9	2	1	2392
20650	10	3	0	3588
20650	11	4	0	158001
20650	14	7	2	8867
20650	17	1	1	1196
20650	22	43	1	108457
20650	23	40	0	475554
20650	26	1	1	4876
20650	28	1	0	1422
20650	31	2	0	0
20650	38	1	1	4876
20650	43	1	0	1422
20650	46	1	1	1658
20650	49	1	1	1658
20650	50	1	1	4876
20650	57	1	1	1658
20650	62	1	1	4876
20650	63	1	0	1422
20650	65	1	0	1658
20650	74	1	1	4876
20650	84	1	0	1422
20650	86	1	1	4876
20650	90	1	1	1658
20650	98	1	1	4876
20650	99	1	1	1658
20650	106	2	0	2844
20650	110	1	1	4876
20650	113	1	1	1658
20650	122	47	5	705722
20650	123	1	0	1139
20650	129	5	4	4738
20650	130	1	1	1658
20650	134	3	2	11174
20650	138	1	1	1422
20650	141	1	1	1658
20650	146	1	1	4876
20650	150	1	0	1422
20650	151	2	0	3316
20650	158	1	1	4876
20650	170	1	1	4876
20650	171	1	0	1658
20650	172	3	1	4738
20650	174	1	0	1658
20650	175	2	0	3316
20650	176	2	0	3316
20650	177	2	0	3316
20650	178	1	1	1658
20650	181	1	1	1658
20650	182	1	1	4876
20650	192	1	0	1422
20650	194	1	1	4876
20650	206	1	1	4876
20650	213	1	0	1422
20650	215	1	1	1658
20650	218	1	1	4876
20650	219	1	0	1422
20650	223	1	1	1658
20650	230	1	1	4876
20650	231	14	0	68264
20650	240	4	2	2625311
20650	241	1	0	1422
20650	242	1	1	4876
20650	248	1	1	1658
20650	254	1	1	4876
20650	256	1	0	4876
20650	257	1	1	1658
20650	259	1	0	1422
20650	262	1	0	1422
20650	265	1	1	1658
20650	266	1	1	4876
20650	269	1	1	4876
20650	278	1	1	4876
20650	279	5	1	474260
20650	280	3	0	3382
20650	281	1	0	1658
20650	284	1	0	1422
20651	2	1	1	4876
20651	5	1	1	4876
20651	10	1	1	1658
20651	14	1	1	4876
20651	18	1	1	1658
20651	19	1	0	1422
20651	26	1	1	4876
20651	33	1	1	1658
20651	38	1	1	4876
20651	40	1	0	1422
20651	50	1	1	4876
20651	53	1	1	1658
20651	61	2	1	3080
20651	62	1	1	4876
20651	66	1	0	1658
20651	67	1	1	1658
20651	74	1	1	4876
20651	78	33	4	545802
20651	81	1	0	1422
20651	86	1	1	4876
20651	88	1	0	1658
20651	90	1	1	1658
20651	97	1	0	1658
20651	98	2	2	6534
20651	102	1	0	1422
20651	106	1	1	1658
20651	110	1	1	4876
20651	112	1	1	1658
20651	122	2	1	6298
20651	134	2	1	6298
20651	135	2	2	3316
20651	146	1	1	4876
20651	151	1	1	4876
20651	152	2	0	676266
20651	155	2	1	3080
20651	158	1	1	4876
20651	170	1	1	4876
20651	176	1	0	1422
20651	179	1	0	4876
20651	182	1	1	4876
20651	183	1	1	1658
20651	194	1	1	4876
20651	195	85	3	140930
20651	196	2	1	3080
20651	206	1	1	4876
20651	209	1	0	1658
20651	212	1	0	1658
20651	214	1	1	1658
20651	217	1	0	1422
20651	218	2	2	6534
20651	219	1	1	1658
20651	227	1	1	1658
20651	230	2	1	6298
20651	233	5	1	523436
20651	238	1	0	1422
20651	241	46	4	659769
20651	242	1	1	4876
20651	254	1	1	4876
20651	258	1	0	1422
20651	266	1	1	4876
20651	278	1	1	4876
20651	279	3	2	11410
20651	280	2	0	2415851
20651	281	1	0	1658
20651	282	1	0	1658
20651	284	114	1	1022238
20652	2	1	1	4876
20652	4	2	1	1724
20652	9	1	1	1658
20652	11	2	1	1724
20652	13	1	0	1422
20652	14	1	1	4876
20652	23	1	0	1422
20652	26	1	1	4876
20652	33	1	1	1658
20652	38	1	1	4876
20652	44	1	0	1422
20652	45	1	1	1658
20652	50	1	1	4876
20652	56	27	1	582118
20652	62	1	1	4876
20652	64	1	0	1422
20652	73	1	1	1658
20652	74	1	1	4876
20652	85	1	0	1422
20652	86	1	1	4876
20652	98	1	1	4876
20652	103	39	3	73702
20652	105	1	0	1422
20652	110	1	1	4876
20652	115	1	1	1658
20652	120	1	0	4876
20652	122	1	1	4876
20652	126	1	0	1422
20652	128	2	1	2844
20652	131	1	1	1658
20652	134	1	1	4876
20652	135	1	1	1658
20652	142	1	1	1658
20652	145	1	0	1658
20652	146	1	1	4876
20652	147	1	0	1422
20652	158	1	1	4876
20652	164	1	1	1658
20652	167	1	0	1422
20652	170	1	1	4876
20652	178	3	1	4502
20652	180	2	0	2844
20652	182	1	1	4876
20652	184	1	1	1658
20652	187	1	0	1422
20652	194	1	1	4876
20652	205	1	1	1658
20652	206	1	1	4876
20652	208	1	0	1422
20652	218	1	1	4876
20652	219	1	1	1658
20652	221	31	2	1014813
20652	227	1	1	1658
20652	229	77	0	109494
20652	230	1	1	4876
20652	242	1	1	4876
20652	250	5	2	2626733
20652	251	2	1	2844
20652	254	1	1	4876
20652	263	2	1	6534
20652	266	2	2	6534
20652	271	1	0	1422
20652	277	1	0	4876
20652	278	1	1	4876
20652	280	1	1	1658
20652	287	1	1	4876
20653	2	1	1	4876
20653	14	1	1	4876
20653	24	1	0	1422
20653	26	4	2	9850
20653	37	9	0	14922
20653	38	1	1	4876
20653	44	1	0	1422
20653	50	1	1	4876
20653	58	1	1	1658
20653	62	1	1	4876
20653	64	1	0	1422
20653	73	1	0	1658
20653	74	1	1	4876
20653	79	76	5	1923102
20653	80	6	0	9948
20653	81	1	1	1658
20653	82	1	1	1658
20653	84	1	0	1422
20653	86	3	2	6600
20653	87	2	1	1724
20653	98	1	1	4876
20653	105	1	0	1422
20653	110	1	1	4876
20653	122	1	1	4876
20653	125	1	0	1422
20653	134	1	1	4876
20653	136	2	0	3316
20653	139	2	1	3316
20653	140	2	0	3316
20653	144	1	0	1422
20653	145	1	0	1422
20653	146	1	1	4876
20653	152	69	4	1214638
20653	157	1	0	1658
20653	158	2	2	6534
20653	161	1	1	1658
20653	162	2	1	2844
20653	164	3	1	14628
20653	165	1	0	1422
20653	170	1	1	4876
20653	182	1	1	4876
20653	184	1	0	1422
20653	194	1	1	4876
20653	196	1	0	1422
20653	205	1	0	1422
20653	206	1	1	4876
20653	215	8	1	7968
20653	216	1	0	4876
20653	217	1	1	1658
20653	218	2	2	6534
20653	220	2	1	6534
20653	225	1	1	1658
20653	226	1	0	1422
20653	230	1	1	4876
20653	231	1	1	1658
20653	232	5	0	4539
20653	236	42	4	698075
20653	239	4	2	4401
20653	240	34	1	648751
20653	241	4	2	2625311
20653	242	1	1	4876
20653	245	1	0	1422
20653	254	1	1	4876
20653	256	5	0	4540
20653	266	2	1	6298
20653	273	1	1	1658
20653	278	1	1	4876
20653	283	1	1	1658
20653	287	6	2	2428919
20654	2	1	1	4876
20654	3	1	1	1658
20654	5	2	1	1724
20654	13	1	0	1422
20654	14	1	1	4876
20654	21	1	1	1658
20654	26	1	1	4876
20654	28	2	0	3316
20654	32	1	1	1658
20654	33	1	0	1422
20654	38	1	1	4876
20654	41	2	2	6534
20654	50	1	1	4876
20654	54	1	0	1422
20654	62	1	1	4876
20654	74	4	2	8022
20654	75	1	1	1658
20654	84	1	1	1658
20654	85	2	1	3316
20654	86	1	1	4876
20654	94	1	0	1422
20654	97	1	0	0
20654	98	1	1	4876
20654	110	1	1	4876
20654	114	1	0	1422
20654	115	2	0	1422
20654	119	1	1	1658
20654	122	1	1	4876
20654	126	1	0	1422
20654	127	1	1	1658
20654	133	1	0	1422
20654	134	1	1	4876
20654	146	1	1	4876
20654	154	1	1	1658
20654	157	1	0	1422
20654	158	1	1	4876
20654	161	1	1	1658
20654	170	5	2	11508
20654	177	1	0	1422
20654	178	1	0	1658
20654	181	3	0	4974
20654	182	1	1	4876
20654	187	1	1	1658
20654	190	1	1	1658
20654	192	3	0	4974
20654	194	1	1	4876
20654	197	1	0	1422
20654	203	5	1	11508
20654	206	1	1	4876
20654	207	4	0	6632
20654	209	2	0	3316
20654	211	1	1	1658
20654	218	2	1	6298
20654	227	14	0	68264
20654	228	1	0	4876
20654	230	1	1	4876
20654	233	3	2	2424181
20654	238	1	0	1422
20654	239	1	0	1422
20654	242	1	1	4876
20654	243	1	1	1658
20654	251	2	1	1658
20654	254	1	1	4876
20654	257	1	1	1658
20654	260	1	0	1422
20654	266	1	1	4876
20654	276	1	0	1422
20654	278	1	1	4876
20654	280	1	0	1422
20654	283	1	1	1658
20655	2	1	1	4876
20655	3	1	1	1658
20655	13	1	0	1422
20655	14	1	1	4876
20655	25	1	0	1422
20655	26	1	1	4876
20655	27	1	0	1422
20655	34	1	0	1422
20655	36	1	1	1658
20655	38	1	1	4876
20655	43	4	2	4804
20655	49	1	1	1658
20655	50	1	1	4876
20655	62	1	1	4876
20655	64	1	0	1422
20655	67	1	1	1658
20655	68	1	1	1658
20655	74	1	1	4876
20655	76	1	1	1658
20655	84	2	1	3080
20655	86	23	5	1188768
20655	98	1	1	4876
20655	103	1	0	1422
20655	106	14	0	68264
20655	110	1	1	4876
20655	119	1	1	1658
20655	122	1	1	4876
20655	124	1	0	1422
20655	126	1	1	1658
20655	128	2	1	1422
20655	130	35	4	1292343
20655	134	1	1	4876
20655	135	116	1	655448
20655	140	35	4	663634
20655	141	3	1	0
20655	143	1	0	1422
20655	146	1	1	4876
20655	156	1	1	1658
20655	157	3	1	1790
20655	158	1	1	4876
20655	160	1	1	1658
20655	164	1	0	1422
20655	169	1	1	1658
20655	170	1	1	4876
20655	182	1	1	4876
20655	185	1	0	1422
20655	194	1	1	4876
20655	202	1	1	1658
20655	205	1	0	1422
20655	206	1	1	4876
20655	207	1	0	1658
20655	211	1	1	1658
20655	218	1	1	4876
20655	221	1	0	1422
20655	226	1	0	1422
20655	230	1	1	4876
20655	231	1	0	1422
20655	234	4	2	2625311
20655	236	1	0	1422
20655	240	7	1	11573
20655	241	2	0	31884
20655	242	1	1	4876
20655	243	1	1	1658
20655	248	1	0	1422
20655	251	5	0	7313
20655	252	1	1	1658
20655	254	1	1	4876
20655	265	63	2	718800
20655	266	21	1	54889
20655	269	1	0	1422
20655	270	1	1	1658
20655	271	83	2	1212023
20655	273	8	0	6542
20655	275	9	0	6630
20655	278	59	5	677908
20655	285	1	1	1658
20655	286	51	2	557834
20656	2	1	1	4876
20656	3	1	1	1658
20656	6	1	1	1658
20656	7	1	0	460
20656	14	1	1	4876
20656	24	1	0	1422
20656	26	1	1	4876
20656	28	2	1	1724
20656	36	1	0	1658
20656	38	1	1	4876
20656	40	3	2	4974
20656	44	1	0	1422
20656	49	2	1	3080
20656	50	1	1	4876
20656	62	2	2	6534
20656	64	1	0	1422
20656	74	1	1	4876
20656	83	1	1	1658
20656	85	1	0	1422
20656	86	1	1	4876
20656	93	1	1	1658
20656	98	1	1	4876
20656	105	1	0	1422
20656	108	1	0	1422
20656	110	1	1	4876
20656	114	1	1	1658
20656	122	1	1	4876
20656	125	1	0	1422
20656	126	1	1	1658
20656	132	1	0	1422
20656	134	1	1	4876
20656	135	1	1	1658
20656	136	1	1	1658
20656	146	1	1	4876
20656	152	2	0	3080
20656	154	1	1	1658
20656	158	1	1	4876
20656	161	1	1	1658
20656	169	1	1	1658
20656	170	1	1	4876
20656	173	1	0	1422
20656	175	19	2	587774
20656	176	1	1	1658
20656	179	1	1	1658
20656	180	1	0	4876
20656	182	1	1	4876
20656	193	1	0	1422
20656	194	1	1	4876
20656	203	1	1	4876
20656	206	1	1	4876
20656	213	1	1	1658
20656	214	1	0	1422
20656	216	18	2	13083
20656	217	2	2	3316
20656	218	1	1	4876
20656	225	6	1	706490
20656	227	1	1	1658
20656	230	1	1	4876
20656	234	3	2	2425966
20656	235	2	0	2844
20656	241	5	0	4339
20656	242	1	1	4876
20656	248	7	1	9954
20656	250	1	1	1658
20656	254	1	1	4876
20656	256	2	1	6298
20656	263	4	1	482612
20656	266	1	1	4876
20656	268	1	1	1658
20656	277	1	0	1422
20656	278	2	2	6534
20656	284	5	0	4339
20656	285	1	0	1422
20657	0	1	0	1422
20657	2	1	1	4876
20657	3	42	4	110439
20657	4	16	0	190691
20657	5	8	0	32123
20657	9	1	0	1422
20657	11	3	1	4266
20657	12	11	5	15642
20657	14	3	2	11174
20657	26	1	1	4876
20657	29	14	7	19908
20657	30	3	2	4502
20657	38	1	1	4876
20657	40	1	1	1658
20657	49	8	3	11376
20657	50	1	1	4876
20657	51	1	0	1422
20657	52	1	1	1658
20657	53	1	1	1658
20657	62	1	1	4876
20657	71	1	0	1422
20657	74	1	1	4876
20657	75	1	1	1658
20657	81	22	9	31284
20657	82	1	1	1658
20657	83	1	0	1658
20657	86	2	2	6534
20657	91	1	0	1422
20657	95	1	1	1658
20657	96	18	8	25596
20657	98	1	1	4876
20657	103	1	0	1658
20657	104	3	1	4266
20657	105	16	6	22752
20657	110	1	1	4876
20657	112	2	0	6298
20657	116	17	4	24174
20657	117	3	1	4266
20657	122	4	1	8258
20657	131	1	0	1422
20657	134	1	1	4876
20657	140	1	1	1658
20657	146	1	1	4876
20657	148	1	1	1658
20657	152	1	0	1422
20657	154	1	1	1658
20657	158	1	1	4876
20657	170	1	1	4876
20657	172	1	0	1422
20657	182	1	1	4876
20657	184	1	0	1422
20657	185	1	1	1658
20657	188	1	1	4876
20657	193	2	2	6534
20657	194	4	1	9142
20657	197	1	1	4876
20657	204	1	0	1422
20657	206	1	1	4876
20657	209	2	1	2844
20657	218	2	2	6534
20657	225	2	1	3080
20657	230	1	1	4876
20657	233	1	1	1658
20657	234	4	2	2627096
20657	239	6	0	6177
20657	240	63	4	612790
20657	242	1	1	4876
20657	243	38	3	1132155
20657	246	68	5	1363939
20657	247	1	0	1422
20657	250	1	0	1422
20657	254	1	1	4876
20657	266	2	2	6534
20657	267	1	0	1422
20657	268	36	4	768757
20657	274	1	1	1658
20657	278	1	1	4876
20658	0	1	0	1422
20658	1	1	0	7878
20658	2	1	1	4876
20658	7	1	0	1422
20658	14	2	1	6534
20658	16	1	0	4876
20658	19	1	1	1658
20658	22	1	0	1422
20658	26	3	2	6600
20658	28	1	1	1658
20658	37	1	1	1422
20658	38	1	1	4876
20658	40	1	0	1422
20658	44	1	0	1422
20658	50	1	1	4876
20658	60	1	1	1658
20658	62	1	1	4876
20658	64	1	0	1422
20658	69	1	1	1658
20658	74	1	1	4876
20658	85	1	0	1422
20658	86	1	1	4876
20658	89	1	0	1422
20658	92	1	0	1422
20658	98	37	4	814819
20658	100	1	0	1422
20658	105	2	1	3080
20658	110	1	1	4876
20658	114	1	1	1658
20658	121	1	0	1422
20658	122	1	1	4876
20658	124	4	2	19504
20658	134	1	1	4876
20658	142	1	0	1422
20658	146	1	1	4876
20658	150	1	1	1658
20658	154	1	1	1658
20658	156	2	1	1724
20658	158	2	2	6534
20658	160	2	0	3316
20658	161	2	0	3316
20658	162	35	3	1265313
20658	165	4	0	6632
20658	170	1	1	4876
20658	174	1	1	1658
20658	182	1	1	4876
20658	183	1	0	1422
20658	191	1	0	1658
20658	194	1	1	4876
20658	195	2	2	3316
20658	203	1	1	1658
20658	204	1	0	1422
20658	206	1	1	4876
20658	214	9	0	14922
20658	218	2	2	6534
20658	221	3	0	1838
20658	222	8	2	4407
20658	225	1	0	1422
20658	230	1	1	4876
20658	238	1	1	1658
20658	239	1	0	1658
20658	242	1	1	4876
20658	246	2	1	3080
20658	248	4	2	13068
20658	254	1	1	4876
20658	264	1	1	1658
20658	266	1	1	4876
20658	278	1	1	4876
20658	280	1	1	1658
20658	281	1	0	1422
20658	283	3	2	2425966
20659	0	2	1	3316
20659	2	1	1	4876
20659	6	1	1	1658
20659	14	2	1	6298
20659	26	37	5	839741
20659	35	1	1	1658
20659	36	2	1	3080
20659	38	1	1	4876
20659	44	1	1	1658
20659	50	1	1	4876
20659	56	1	0	1422
20659	60	1	1	1422
20659	62	1	1	4876
20659	68	2	1	2844
20659	74	2	1	6298
20659	77	1	0	1422
20659	78	1	1	1658
20659	83	1	1	1658
20659	86	1	1	4876
20659	88	1	1	1658
20659	90	11	0	15642
20659	91	1	0	1422
20659	97	2	1	3080
20659	98	1	1	4876
20659	110	1	1	4876
20659	118	2	0	2844
20659	122	1	1	4876
20659	123	1	1	1658
20659	129	2	2	1658
20659	131	1	1	1658
20659	134	1	1	4876
20659	139	1	0	1422
20659	146	1	1	4876
20659	150	2	2	3316
20659	158	2	2	6534
20659	163	1	0	1422
20659	166	1	1	1658
20659	170	2	1	6534
20659	178	1	1	1658
20659	182	1	1	4876
20659	184	1	0	1422
20659	194	1	1	4876
20659	197	3	1	3260
20659	198	1	0	1422
20659	205	1	0	1422
20659	206	1	1	4876
20659	208	2	2	3316
20659	211	1	1	1658
20659	218	1	1	4876
20659	219	1	1	1658
20659	226	1	0	1422
20659	230	1	1	4876
20659	240	1	0	0
20659	242	1	1	4876
20659	243	1	0	1422
20659	244	4	2	2627096
20659	245	1	1	1422
20659	247	1	0	1422
20659	248	20	2	605269
20659	253	1	0	0
20659	254	1	1	4876
20659	255	1	1	1658
20659	263	1	1	1658
20659	266	1	1	4876
20659	268	1	0	1422
20659	278	1	1	4876
20660	1	1	0	1422
20660	2	1	1	4876
20660	5	1	1	1658
20660	14	1	1	4876
20660	18	2	0	3259
20660	24	3	1	3146
20660	26	1	1	4876
20660	27	4	3	6632
20660	32	2	1	1422
20660	33	35	3	1287807
20660	36	28	3	611491
20660	38	1	1	4876
20660	39	1	1	1422
20660	40	4	2	19504
20660	44	1	0	1422
20660	46	25	3	509910
20660	50	1	1	4876
20660	56	1	0	1422
20660	57	1	0	1422
20660	60	1	1	1658
20660	62	2	2	6534
20660	67	1	1	1658
20660	74	1	1	4876
20660	77	1	0	1422
20660	82	95	8	2256321
20660	86	1	1	4876
20660	87	2	0	3316
20660	98	2	1	6298
20660	110	1	1	4876
20660	119	1	0	1422
20660	122	1	1	4876
20660	134	1	1	4876
20660	140	1	0	1422
20660	145	1	1	1658
20660	146	1	1	4876
20660	152	1	0	0
20660	158	1	1	4876
20660	161	1	0	1422
20660	168	1	0	1658
20660	170	1	1	4876
20660	181	1	0	1422
20660	182	2	2	6534
20660	191	1	1	1658
20660	194	1	1	4876
20660	198	1	1	1658
20660	203	1	0	1422
20660	206	1	1	4876
20660	208	2	1	2844
20660	211	30	3	1037746
20660	212	1	1	1658
20660	218	1	1	4876
20660	223	1	0	1422
20660	230	1	1	4876
20660	233	1	0	1422
20660	234	4	2	2627096
20660	241	1	1	1658
20660	242	1	1	4876
20660	243	3	0	1838
20660	251	5	1	7110
20660	254	2	1	6298
20660	260	2	1	1724
20660	261	1	1	1658
20660	265	3	1	9719
20660	266	1	1	4876
20660	267	6	3	2439978
20660	272	1	1	1658
20660	276	1	0	1422
20660	278	1	1	4876
20660	279	3	2	14320
20660	287	2	0	11633
20661	2	1	1	4876
20661	4	2	2	3316
20661	9	1	0	1422
20661	14	1	1	4876
20661	24	1	1	1658
20661	25	1	1	1658
20661	26	1	1	4876
20661	30	1	0	1422
20661	36	1	1	1658
20661	38	1	1	4876
20661	48	1	1	1658
20661	50	1	1	4876
20661	52	1	0	1422
20661	62	1	1	4876
20661	67	1	1	1658
20661	72	2	1	6298
20661	73	1	1	1658
20661	74	2	2	6534
20661	82	1	1	1658
20661	84	1	1	1658
20661	86	1	1	4876
20661	93	1	0	1422
20661	98	1	1	4876
20661	110	1	1	4876
20661	112	2	1	4876
20661	113	1	1	1658
20661	114	1	0	1422
20661	120	6	1	24380
20661	122	3	2	7956
20661	125	1	0	1422
20661	130	1	1	1658
20661	134	1	1	4876
20661	143	1	0	1422
20661	144	1	1	1658
20661	146	1	1	4876
20661	158	1	1	4876
20661	163	1	0	1422
20661	167	1	1	1658
20661	170	1	1	4876
20661	179	1	1	1658
20661	182	1	1	4876
20661	184	1	0	1422
20661	194	1	1	4876
20661	206	1	1	4876
20661	214	2	2	3316
20661	215	1	1	1422
20661	218	1	1	4876
20661	221	1	1	4876
20661	222	1	1	1658
20661	225	1	0	1422
20661	226	3	1	1790
20661	230	1	1	4876
20661	232	133	11	4086190
20661	234	4	2	2627096
20661	242	1	1	4876
20661	247	35	3	769838
20661	254	1	1	4876
20661	260	1	1	1658
20661	261	3	0	16186
20661	266	1	1	4876
20661	268	1	0	1422
20661	269	1	1	1658
20661	278	2	2	6298
20661	280	5	0	831
20661	283	2	2	3316
20662	1	1	0	1422
20662	2	1	1	4876
20662	6	33	0	93537
20662	7	29	1	412428
20662	8	69	5	1538256
20662	11	1	1	0
20662	14	1	1	4876
20662	21	2	2	1658
20662	23	1	0	1422
20662	26	3	2	6298
20662	38	1	1	4876
20662	41	1	1	1658
20662	45	1	0	1422
20662	50	1	1	4876
20662	52	1	1	1658
20662	54	1	1	1658
20662	55	1	1	1658
20662	57	1	1	1658
20662	62	1	1	4876
20662	66	1	0	1422
20662	68	1	1	1658
20662	74	1	1	4876
20662	85	2	1	1724
20662	86	1	1	4876
20662	87	1	0	1422
20662	88	35	4	1415444
20662	94	1	1	1658
20662	98	35	4	788980
20662	103	1	1	1658
20662	108	3	0	4738
20662	110	1	1	4876
20662	122	1	1	4876
20662	124	1	1	1658
20662	128	1	0	0
20662	129	1	0	1422
20662	133	35	4	1291580
20662	134	1	1	4876
20662	139	1	1	1658
20662	146	1	1	4876
20662	147	1	1	1658
20662	150	1	0	1422
20662	153	1	0	1658
20662	156	1	1	1658
20662	158	1	1	4876
20662	167	1	1	1658
20662	170	1	1	4876
20662	182	2	2	6534
20662	185	1	0	1422
20662	194	1	1	4876
20662	201	1	1	1658
20662	206	1	1	4876
20662	207	1	0	1422
20662	209	1	1	1658
20662	214	1	1	1422
20662	215	1	0	1422
20662	218	1	1	4876
20662	227	1	1	4876
20662	228	1	0	1422
20662	230	1	1	4876
20662	233	3	2	2425966
20662	237	1	0	1422
20662	242	6	4	11986
20662	243	1	1	1658
20662	249	1	0	1422
20662	251	1	1	1658
20662	252	1	1	1658
20662	254	1	1	4876
20662	257	8	5	11376
20662	266	1	1	4876
20662	269	6	2	8532
20662	271	2	0	2844
20662	278	1	1	4876
20662	280	9	7	12798
20662	285	114	1	1061106
20663	0	2	1	1724
20663	2	1	1	4876
20663	4	2	1	1724
20663	5	1	0	1422
20663	9	8	3	11376
20663	14	2	2	6534
20663	15	2	1	1724
20663	21	6	2	8532
20663	25	1	1	1658
20663	26	2	1	6298
20663	28	3	1	4266
20663	32	1	1	1658
20663	38	1	1	4876
20663	42	35	4	810769
20663	45	31	2	766513
20663	47	8	2	11376
20663	50	1	1	4876
20663	57	9	4	488025
20663	62	1	1	4876
20663	67	1	1	1658
20663	68	1	0	1422
20663	71	11	5	15642
20663	74	1	1	4876
20663	75	1	0	1422
20663	76	1	1	1658
20663	78	1	1	1658
20663	85	1	0	1658
20663	86	24	9	37582
20663	87	1	1	1658
20663	93	1	0	4876
20663	96	5	0	7110
20663	98	1	1	4876
20663	102	7	4	9954
20663	103	2	1	2844
20663	110	1	1	4876
20663	113	5	2	7110
20663	117	1	0	1422
20663	121	5	2	7110
20663	122	1	1	4876
20663	124	1	1	1658
20663	125	21	10	29862
20663	134	1	1	4876
20663	136	1	1	1658
20663	137	13	5	18486
20663	138	1	0	1422
20663	142	1	0	1422
20663	146	2	1	6298
20663	150	13	3	1396374
20663	153	2	2	3316
20663	156	1	1	4876
20663	158	1	1	4876
20663	159	1	0	1422
20663	161	22	8	31284
20663	163	1	1	1658
20663	170	1	1	4876
20663	174	1	1	1658
20663	176	9	2	12798
20663	178	1	1	4876
20663	179	1	0	1422
20663	182	2	2	6534
20663	189	3	0	4974
20663	191	3	0	4974
20663	194	1	1	4876
20663	200	2	0	3080
20663	206	1	1	4876
20663	210	1	0	1658
20663	211	1	0	1658
20663	217	1	0	1658
20663	218	2	2	6534
20663	220	1	1	1658
20663	221	6	0	9712
20663	222	1	1	1658
20663	227	1	1	1658
20663	228	1	1	1658
20663	230	1	1	4876
20663	233	4	2	2627096
20663	234	6	0	6812
20663	235	2	0	3316
20663	242	5	1	11272
20663	245	2	0	3316
20663	254	1	1	4876
20663	264	2	1	3080
20663	266	1	1	4876
20663	276	1	1	1658
20663	278	1	1	4876
20663	285	2	1	3080
20664	2	3	2	6600
20664	14	2	1	6534
20664	18	1	0	1422
20664	20	1	1	1658
20664	26	1	1	4876
20664	32	2	1	2844
20664	38	1	1	4876
20664	40	1	0	1422
20664	50	1	1	4876
20664	51	1	1	1658
20664	61	1	0	1422
20664	62	2	2	6534
20664	74	1	1	4876
20664	82	1	0	1422
20664	86	1	1	4876
20664	89	2	1	3316
20664	98	1	1	4876
20664	104	1	0	1422
20664	105	1	1	1658
20664	108	1	1	1658
20664	110	1	1	4876
20664	115	1	1	1658
20664	116	2	2	6298
20664	117	2	0	3316
20664	122	1	1	4876
20664	125	1	0	1422
20664	129	1	1	1658
20664	134	1	1	4876
20664	141	1	1	1658
20664	146	1	1	4876
20664	151	115	1	1062528
20664	154	1	1	1658
20664	157	1	0	1658
20664	158	1	1	4876
20664	161	1	1	1658
20664	163	2	2	3316
20664	166	2	2	3316
20664	170	1	1	4876
20664	172	3	2	4738
20664	178	2	1	1724
20664	182	1	1	4876
20664	193	1	0	1422
20664	194	1	1	4876
20664	195	1	1	1658
20664	201	1	1	1658
20664	203	1	1	1422
20664	206	1	1	4876
20664	209	1	1	1658
20664	212	1	1	4876
20664	215	1	0	1422
20664	216	1	1	1422
20664	218	1	1	4876
20664	230	1	1	4876
20664	236	1	0	1658
20664	237	1	0	1422
20664	242	1	1	4876
20664	245	1	1	1658
20664	254	1	1	4876
20664	255	1	1	1658
20664	256	2	1	9752
20664	258	1	0	1422
20664	259	2	0	3316
20664	265	1	1	1658
20664	266	1	1	4876
20664	278	1	1	4876
20664	281	1	0	1422
20664	287	1	1	4876
20665	2	1	1	4876
20665	12	4	2	1658
20665	14	1	1	4876
20665	15	1	0	1422
20665	20	1	1	1658
20665	26	1	1	4876
20665	29	1	0	1422
20665	38	1	1	4876
20665	39	1	1	1658
20665	50	1	1	4876
20665	51	1	0	1422
20665	58	1	0	1422
20665	60	27	2	587776
20665	62	1	1	4876
20665	68	1	1	1658
20665	73	2	0	6298
20665	74	1	1	4876
20665	82	1	1	1658
20665	86	1	1	4876
20665	95	1	1	1658
20665	98	1	1	4876
20665	100	1	1	1658
20665	110	1	1	4876
20665	112	30	1	805885
20665	113	88	3	1214868
20665	116	1	0	1422
20665	122	1	1	4876
20665	132	38	3	1472794
20665	134	1	1	4876
20665	136	1	1	1658
20665	137	1	0	1658
20665	138	1	0	1422
20665	144	1	1	1658
20665	145	1	1	1658
20665	146	1	1	4876
20665	156	1	1	1658
20665	158	1	1	4876
20665	160	1	0	1422
20665	164	34	3	768416
20665	170	1	1	4876
20665	172	1	0	1658
20665	181	1	0	1422
20665	182	1	1	4876
20665	184	1	1	1658
20665	191	1	0	1422
20665	193	1	1	1658
20665	194	1	1	4876
20665	206	2	1	6298
20665	211	1	1	1658
20665	212	1	1	4876
20665	218	1	1	4876
20665	227	1	1	1658
20665	228	1	0	1422
20665	230	1	1	4876
20665	234	1	1	1658
20665	235	1	1	1658
20665	237	1	1	1658
20665	242	1	1	4876
20665	249	2	0	1838
20665	250	1	0	1422
20665	254	1	1	4876
20665	264	3	2	2425966
20665	266	1	1	4876
20665	271	1	0	1422
20665	275	1	1	1658
20665	278	1	1	4876
20665	280	35	3	811183
20665	284	4	0	3676
20665	287	6	1	706490
20666	2	2	2	6534
20666	6	3	0	4266
20666	8	3	0	14628
20666	14	1	1	4876
20666	17	2	1	1724
20666	26	1	1	4876
20666	28	1	0	1422
20666	32	1	1	1422
20666	38	1	1	4876
20666	50	2	1	6298
20666	58	1	1	1658
20666	62	1	1	4876
20666	67	4	0	19504
20666	68	2	2	3316
20666	70	1	0	1422
20666	74	1	1	4876
20666	86	1	1	4876
20666	87	1	1	1658
20666	91	1	0	1422
20666	98	1	1	4876
20666	104	1	1	1658
20666	109	1	1	1658
20666	110	1	1	4876
20666	112	1	0	1422
20666	119	1	1	1658
20666	122	1	1	4876
20666	126	34	4	812499
20666	133	1	0	1422
20666	134	1	1	4876
20666	141	1	1	0
20666	146	1	1	4876
20666	154	1	0	1422
20666	158	2	2	6534
20666	167	1	1	1658
20666	170	1	1	4876
20666	175	1	0	1422
20666	178	1	1	1658
20666	182	1	1	4876
20666	187	1	0	1422
20666	194	1	1	4876
20666	198	1	0	1422
20666	205	1	1	1658
20666	206	1	1	4876
20666	207	1	1	1658
20666	209	1	0	1658
20666	213	36	9	59688
20666	216	1	0	1658
20666	217	1	1	1658
20666	218	5	1	11508
20666	220	1	0	1422
20666	225	1	0	1658
20666	230	1	1	4876
20666	233	1	0	1658
20666	235	4	2	2627096
20666	240	1	1	1658
20666	241	1	0	1422
20666	242	1	1	4876
20666	250	4	0	6632
20666	254	1	1	4876
20666	255	1	1	1658
20666	263	1	0	1422
20666	264	1	1	1658
20666	266	1	1	4876
20666	269	1	1	1658
20666	271	1	1	1658
20666	277	1	1	1658
20666	278	4	1	9850
20666	284	1	1	1658
20666	287	1	0	1658
20667	2	2	2	6534
20667	5	1	1	1658
20667	14	3	1	6713
20667	26	1	1	4876
20667	38	1	1	4876
20667	47	1	1	1658
20667	50	1	1	4876
20667	58	1	0	1422
20667	61	1	1	1658
20667	62	1	1	4876
20667	63	36	3	1031983
20667	74	1	1	4876
20667	81	2	1	1724
20667	83	85	8	2423008
20667	86	1	1	4876
20667	98	1	1	4876
20667	104	29	7	41238
20667	110	1	1	4876
20667	112	1	1	1658
20667	122	2	2	9752
20667	123	1	1	1658
20667	124	2	2	3316
20667	129	28	1	804048
20667	133	1	1	4876
20667	134	1	1	4876
20667	140	1	1	1658
20667	146	1	1	4876
20667	156	2	1	2844
20667	157	3	0	1838
20667	158	3	1	6714
20667	166	1	1	1658
20667	170	1	1	4876
20667	171	1	1	1658
20667	174	1	1	1658
20667	179	1	1	1658
20667	182	1	1	4876
20667	184	2	1	1724
20667	189	1	1	4876
20667	194	1	1	4876
20667	206	1	1	4876
20667	215	1	1	1422
20667	216	1	1	1658
20667	218	1	1	4876
20667	225	1	1	1658
20667	228	3	1	4974
20667	230	2	1	4876
20667	233	3	2	2425966
20667	240	1	1	1658
20667	242	1	1	4876
20667	246	12	1	1658
20667	254	1	1	4876
20667	263	1	1	1658
20667	266	1	1	4876
20667	270	3	1	1724
20667	271	1	1	1658
20667	278	1	1	4876
20668	0	1	0	1658
20668	2	1	1	4876
20668	5	1	1	4876
20668	6	1	0	0
20668	14	1	1	4876
20668	26	1	1	4876
20668	29	1	1	1658
20668	33	2	1	1724
20668	38	1	1	4876
20668	40	1	1	1658
20668	50	1	1	4876
20668	62	1	1	4876
20668	70	1	1	1658
20668	74	1	1	4876
20668	82	1	1	1658
20668	83	3	0	1837
20668	86	1	1	4876
20668	95	1	1	1658
20668	98	1	1	4876
20668	110	1	1	4876
20668	114	1	1	4876
20668	122	1	1	4876
20668	124	5	3	4974
20668	134	1	1	4876
20668	137	1	1	1658
20668	140	3	1	3496
20668	146	1	1	4876
20668	147	1	1	1658
20668	158	1	1	4876
20668	166	1	1	1422
20668	170	1	1	4876
20668	182	1	1	4876
20668	187	1	1	1658
20668	194	1	1	4876
20668	198	1	1	1658
20668	206	1	1	4876
20668	207	1	1	1658
20668	212	1	1	1658
20668	215	2	0	1837
20668	216	34	3	808105
20668	218	1	1	4876
20668	220	1	0	1658
20668	225	1	0	0
20668	228	1	0	0
20668	230	1	1	4876
20668	234	4	2	2627096
20668	236	61	9	2134894
20668	237	37	3	1474150
20668	242	1	1	4876
20668	245	1	1	1658
20668	254	1	1	4876
20668	266	1	1	4876
20668	274	1	1	1658
20668	278	1	1	4876
20668	281	1	0	0
20669	2	1	1	4876
20669	3	1	0	1422
20669	6	1	1	1658
20669	14	1	1	4876
20669	24	1	1	1658
20669	26	1	1	4876
20669	30	34	3	810883
20669	33	31	2	766513
20669	34	1	1	1658
20669	38	1	1	4876
20669	47	1	1	1658
20669	50	1	1	4876
20669	58	1	0	1422
20669	62	1	1	4876
20669	68	1	1	1658
20669	74	1	1	4876
20669	77	1	1	1658
20669	86	1	1	4876
20669	89	1	1	1658
20669	90	35	4	1291582
20669	98	2	1	4876
20669	109	1	1	1658
20669	110	1	1	4876
20669	111	1	1	1658
20669	122	1	1	4876
20669	124	2	2	3316
20669	129	1	1	1658
20669	134	43	5	1128497
20669	141	1	1	1658
20669	146	1	1	4876
20669	154	3	1	3382
20669	158	1	1	4876
20669	168	1	1	1658
20669	170	1	1	4876
20669	172	1	0	1658
20669	173	1	0	1658
20669	175	1	0	1658
20669	176	1	0	1658
20669	177	1	0	1658
20669	180	2	1	3316
20669	181	1	0	1658
20669	182	1	1	4876
20669	183	1	0	1658
20669	185	1	0	1658
20669	189	1	1	1658
20669	194	1	1	4876
20669	198	1	1	1658
20669	206	1	1	4876
20669	212	1	1	1658
20669	226	1	1	1658
20669	230	1	1	4876
20669	231	2	1	3316
20669	233	3	2	2425966
20669	235	1	1	1658
20669	238	1	1	1658
20669	242	1	1	4876
20669	246	1	0	1658
20669	253	1	0	1422
20669	254	5	4	10564
20669	266	1	1	4876
20669	270	136	10	3363648
20669	274	1	0	1422
20669	278	2	2	6534
20669	286	1	1	1422
20670	2	1	1	4876
20670	6	1	1	1658
20670	8	1	0	1422
20670	14	1	1	4876
20670	24	1	1	1658
20670	26	1	1	4876
20670	29	3	2	4266
20670	30	5	2	7110
20670	33	1	0	1422
20670	38	1	1	4876
20670	39	2	1	1724
20670	42	29	11	41238
20670	43	1	0	1422
20670	50	1	1	4876
20670	54	1	0	1422
20670	62	1	1	4876
20670	64	3	2	3382
20670	69	1	1	1658
20670	74	1	1	4876
20670	75	1	1	1658
20670	76	2	1	3080
20670	79	2	1	1724
20670	81	1	1	1658
20670	82	2	0	2844
20670	85	1	0	1658
20670	86	1	1	4876
20670	97	1	0	1422
20670	98	1	1	4876
20670	110	1	1	4876
20670	117	1	1	1658
20670	119	1	0	1422
20670	122	1	1	4876
20670	125	1	1	1658
20670	134	1	1	4876
20670	138	1	0	1422
20670	140	1	0	1422
20670	146	1	1	4876
20670	158	1	1	4876
20670	162	1	1	1658
20670	163	1	0	1422
20670	170	1	1	4876
20670	173	1	1	1658
20670	182	1	1	4876
20670	183	1	1	1658
20670	184	2	1	3080
20670	185	3	0	4974
20670	188	3	0	4974
20670	194	2	2	9752
20670	196	2	0	3316
20670	206	1	1	4876
20670	207	1	0	1422
20670	209	1	1	1658
20670	218	2	2	6534
20670	219	1	0	1422
20670	226	1	0	1422
20670	230	1	1	4876
20670	233	4	2	2627096
20670	242	1	1	4876
20670	243	1	0	1422
20670	254	2	2	6534
20670	261	1	1	1658
20670	262	3	1	1790
20670	263	1	1	1658
20670	265	2	1	6298
20670	266	1	1	4876
20670	268	1	1	1658
20670	277	1	1	1658
20670	278	1	1	4876
20670	285	1	1	1658
20671	0	1	0	1422
20671	2	1	1	4876
20671	10	1	1	1658
20671	14	1	1	4876
20671	16	1	0	1658
20671	22	1	0	1422
20671	26	1	1	4876
20671	31	1	1	1422
20671	37	2	1	3316
20671	38	1	1	4876
20671	42	1	0	1422
20671	45	2	0	2844
20671	49	1	1	1658
20671	50	1	1	4876
20671	51	1	0	1422
20671	58	1	0	1422
20671	62	1	1	4876
20671	67	1	0	1422
20671	70	1	0	4876
20671	74	1	1	4876
20671	86	1	1	4876
20671	88	1	0	1422
20671	93	1	1	1658
20671	98	2	1	6298
20671	99	1	0	1422
20671	102	1	1	1658
20671	110	1	1	4876
20671	112	1	1	1658
20671	120	1	0	1422
20671	122	1	1	4876
20671	134	1	1	4876
20671	141	1	1	1658
20671	142	2	1	3080
20671	146	1	1	4876
20671	150	1	1	1658
20671	158	1	1	4876
20671	164	1	0	1422
20671	170	1	1	4876
20671	177	1	0	1422
20671	179	2	2	3080
20671	182	1	1	4876
20671	184	2	1	1724
20671	186	5	2	7346
20671	187	1	1	1658
20671	194	1	1	4876
20671	196	1	1	1658
20671	206	1	1	4876
20671	208	1	0	1422
20671	218	1	1	4876
20671	227	29	4	41238
20671	230	2	1	6298
20671	231	1	1	1658
20671	233	3	2	2425966
20671	240	1	1	1658
20671	242	1	1	4876
20671	244	1	0	1658
20671	250	1	1	1422
20671	254	2	1	6298
20671	266	1	1	4876
20671	278	1	1	4876
20671	281	1	1	1658
20671	282	1	0	1422
20671	286	1	1	1658
20672	0	1	1	4876
20672	2	1	1	4876
20672	9	1	1	1658
20672	13	1	0	1422
20672	14	2	1	9752
20672	17	3	1	3146
20672	24	2	1	1724
20672	26	1	1	4876
20672	38	1	1	4876
20672	40	1	0	1422
20672	50	1	1	4876
20672	52	1	0	1422
20672	54	1	0	1422
20672	62	2	1	6298
20672	64	1	1	1658
20672	74	1	1	4876
20672	75	1	1	1658
20672	83	1	1	1658
20672	84	1	0	1422
20672	86	1	1	4876
20672	98	2	2	6298
20672	106	1	0	1422
20672	110	2	1	6298
20672	117	1	1	1658
20672	122	1	1	4876
20672	126	1	1	1658
20672	127	12	1	1658
20672	128	2	0	3080
20672	133	35	4	837837
20672	134	2	1	459306
20672	137	31	2	766513
20672	139	1	1	1658
20672	144	70	10	4057869
20672	145	3	1	1554
20672	146	3	3	7720
20672	147	35	2	5607095
20672	148	1	0	2416214
20672	149	40	3	1454226
20672	150	33	4	546083
20672	151	1	1	1658
20672	152	1	1	1658
20672	158	34	5	550959
20672	159	1	1	1658
20672	165	7	6	26104
20672	166	6	5	24446
20672	168	59	4	1530871
20672	169	2	0	0
20672	170	1	1	4876
20672	173	1	0	1422
20672	176	1	1	1658
20672	182	1	1	4876
20672	184	6	1	8768
20672	194	1	1	4876
20672	195	1	0	1422
20672	196	2	1	1724
20672	206	3	1	7445
20672	207	31	2	805772
20672	211	1	1	1658
20672	212	3	2	4266
20672	217	1	0	1422
20672	218	2	2	6534
20672	225	1	1	1658
20672	226	1	0	4876
20672	229	1	1	1658
20672	230	1	1	4876
20672	240	1	0	1422
20672	242	2	2	9752
20672	253	2	1	1724
20672	254	1	1	4876
20672	261	1	1	1658
20672	263	7	2	2631087
20672	264	1	0	0
20672	266	3	3	8192
20672	274	1	1	1658
20672	278	1	1	4876
20672	286	1	0	1422
20673	1	28	2	541903
20673	2	1	1	4876
20673	14	1	1	4876
20673	20	1	0	1422
20673	24	3	0	4266
20673	26	1	1	4876
20673	31	1	0	1422
20673	32	2	0	2844
20673	38	1	1	4876
20673	39	2	1	3316
20673	41	1	0	1422
20673	43	1	0	1422
20673	47	1	0	1422
20673	50	3	3	14628
20673	52	1	1	1658
20673	55	1	0	1658
20673	56	1	0	1422
20673	62	2	1	6298
20673	64	1	1	1658
20673	67	77	8	1967909
20673	68	1	1	1658
20673	69	97	5	2779920
20673	70	1	1	1658
20673	74	1	1	4876
20673	77	3	1	3382
20673	78	31	3	544122
20673	79	34	5	547741
20673	80	36	3	1248184
20673	86	1	1	4876
20673	87	1	0	1422
20673	91	1	1	1658
20673	98	1	1	4876
20673	99	1	0	1422
20673	110	2	2	6534
20673	119	2	1	3316
20673	121	1	0	1422
20673	122	1	1	4876
20673	125	2	2	3316
20673	131	1	1	1658
20673	132	1	1	1658
20673	134	1	1	4876
20673	136	1	1	1658
20673	143	1	0	1422
20673	146	1	1	4876
20673	158	2	2	6534
20673	159	2	1	3316
20673	165	1	0	1422
20673	167	1	1	1658
20673	170	1	1	4876
20673	182	1	1	4876
20673	187	1	0	1422
20673	188	1	0	0
20673	194	2	2	6534
20673	206	2	2	6534
20673	209	1	0	1422
20673	210	6	0	9948
20673	213	6	0	9948
20673	216	1	1	1658
20673	218	1	1	4876
20673	230	1	1	4876
20673	232	1	0	1422
20673	233	3	2	2425966
20673	242	1	1	4876
20673	245	1	1	4876
20673	252	3	0	4974
20673	253	1	1	1658
20673	254	6	2	13166
20673	256	1	0	1422
20673	259	1	1	1658
20673	262	3	0	4974
20673	263	1	1	1658
20673	264	3	0	4974
20673	266	1	1	4876
20673	267	3	0	4974
20673	278	1	1	4876
20673	279	2	0	2844
20673	286	1	1	1658
20674	1	2	0	3316
20674	2	1	1	4876
20674	14	2	1	6298
20674	26	1	1	4876
20674	30	1	1	1658
20674	33	6	3	8532
20674	34	22	3	31284
20674	37	1	0	1422
20674	38	1	1	4876
20674	44	2	1	1724
20674	48	1	1	1658
20674	49	4	3	2430842
20674	50	1	1	4876
20674	54	2	1	1724
20674	58	1	0	1658
20674	59	1	0	1422
20674	61	26	5	36972
20674	62	6	5	2437376
20674	74	1	1	4876
20674	80	1	0	1422
20674	85	90	8	2598027
20674	86	1	1	4876
20674	97	4	1	474384
20674	98	2	2	6298
20674	102	1	0	1422
20674	110	1	1	4876
20674	112	1	1	1658
20674	122	2	2	6534
20674	124	1	0	1422
20674	125	1	1	1658
20674	127	40	9	56880
20674	134	1	1	4876
20674	139	1	0	1422
20674	145	1	1	1658
20674	146	1	1	4876
20674	154	1	1	1658
20674	158	1	1	4876
20674	161	1	0	1422
20674	163	1	1	1658
20674	170	1	1	4876
20674	176	1	1	1658
20674	182	1	1	4876
20674	183	1	0	1422
20674	194	1	1	4876
20674	206	2	1	6298
20674	207	1	1	1658
20674	212	1	1	1658
20674	216	1	1	1658
20674	218	1	1	4876
20674	220	1	1	1658
20674	227	1	0	1422
20674	230	1	1	4876
20674	233	4	2	2627096
20674	242	1	1	4876
20674	251	1	0	1422
20674	254	1	1	4876
20674	260	1	1	1658
20674	266	1	1	4876
20674	268	1	1	1658
20674	273	1	0	1422
20674	278	1	1	4876
20674	279	1	0	1658
20674	280	1	1	1658
20675	2	1	1	4876
20675	7	1	0	1422
20675	14	1	1	4876
20675	20	1	0	1422
20675	24	1	1	1658
20675	26	2	1	4942
20675	30	1	1	1658
20675	35	1	1	4876
20675	39	1	1	4876
20675	42	1	0	1422
20675	43	1	1	1658
20675	50	1	1	4876
20675	56	1	0	1422
20675	62	1	1	4876
20675	64	1	0	1422
20675	68	16	16	26528
20675	74	1	1	4876
20675	79	3	1	4974
20675	86	2	1	6298
20675	91	29	2	1013527
20675	96	1	1	1658
20675	98	1	1	4876
20675	107	2	1	3080
20675	110	1	1	4876
20675	116	1	1	1658
20675	122	1	1	4876
20675	124	1	1	1658
20675	129	1	0	1422
20675	134	1	1	4876
20675	146	1	1	4876
20675	151	1	0	1422
20675	152	1	1	1658
20675	158	1	1	4876
20675	161	1	1	1658
20675	164	3	0	4974
20675	168	1	0	4876
20675	170	1	1	4876
20675	173	1	0	1422
20675	175	3	0	4974
20675	178	3	0	4974
20675	180	2	0	3316
20675	181	1	0	1658
20675	182	1	1	4876
20675	194	2	1	6298
20675	199	1	1	4876
20675	205	1	1	1658
20675	206	1	1	4876
20675	207	1	0	1658
20675	211	1	0	1422
20675	212	1	0	1658
20675	215	1	1	1658
20675	218	1	1	4876
20675	227	1	1	4876
20675	229	38	4	1342890
20675	230	1	1	4876
20675	234	4	2	2627096
20675	236	1	1	1422
20675	241	126	11	3894866
20675	242	1	1	4876
20675	253	1	1	4876
20675	254	1	1	4876
20675	255	1	1	1658
20675	256	1	0	1422
20675	265	1	1	1658
20675	266	1	1	4876
20675	268	1	0	0
20675	278	2	1	6298
20675	280	1	1	1658
20675	281	1	1	1658
20675	287	1	1	4876
20676	2	1	1	4876
20676	7	1	1	1658
20676	13	1	0	1422
20676	14	1	1	4876
20676	15	1	1	1658
20676	20	1	0	1658
20676	24	2	1	1724
20676	26	1	1	4876
20676	35	1	0	1422
20676	38	1	1	4876
20676	40	2	0	2844
20676	46	1	0	1422
20676	47	1	1	1658
20676	50	1	1	4876
20676	57	1	0	1422
20676	61	1	1	1658
20676	62	1	1	4876
20676	74	1	1	4876
20676	78	1	0	1422
20676	80	1	1	1658
20676	86	1	1	4876
20676	90	34	4	1241408
20676	98	1	1	4876
20676	100	1	0	1422
20676	109	1	1	1658
20676	110	1	1	4876
20676	114	1	0	1422
20676	120	1	1	1658
20676	122	1	1	4876
20676	134	1	1	4876
20676	135	38	4	1123388
20676	141	1	0	1422
20676	144	1	0	1658
20676	145	1	1	1658
20676	146	1	1	4876
20676	156	3	0	4974
20676	157	1	0	1422
20676	158	3	0	4974
20676	160	1	1	1658
20676	163	4	1	5688
20676	164	1	0	1422
20676	167	3	0	4974
20676	169	3	0	4974
20676	170	1	1	4876
20676	173	1	1	1658
20676	180	1	0	1422
20676	182	1	1	4876
20676	188	1	1	1658
20676	192	1	0	4876
20676	194	1	1	4876
20676	202	1	0	1422
20676	206	1	1	4876
20676	213	1	1	1658
20676	218	1	1	4876
20676	221	1	1	1658
20676	224	1	0	1422
20676	230	1	1	4876
20676	233	4	2	2627096
20676	236	1	0	1422
20676	242	1	1	4876
20676	247	1	0	1422
20676	254	1	1	4876
20676	262	1	1	1658
20676	266	1	1	4876
20676	269	1	0	1422
20676	275	1	1	1658
20676	277	1	1	1658
20676	278	1	1	4876
20676	280	1	0	4876
20676	281	4	2	498384
20676	285	1	1	4876
20677	2	1	1	4876
20677	4	1	0	1422
20677	6	1	1	1658
20677	9	2	1	3080
20677	14	1	1	4876
20677	26	1	1	4876
20677	27	1	0	1422
20677	28	1	0	1422
20677	38	1	1	4876
20677	49	2	1	3080
20677	50	1	1	4876
20677	58	1	1	1658
20677	62	1	1	4876
20677	70	2	1	3080
20677	74	1	1	4876
20677	77	1	0	1658
20677	78	46	8	859755
20677	86	1	1	4876
20677	93	1	0	1422
20677	97	1	0	1422
20677	98	1	1	4876
20677	100	1	1	1658
20677	104	4	2	6632
20677	107	1	1	1658
20677	110	1	1	4876
20677	114	1	0	1422
20677	117	1	1	1658
20677	122	1	1	4876
20677	126	1	1	1658
20677	134	1	1	4876
20677	136	1	0	1422
20677	146	1	1	4876
20677	155	18	7	25596
20677	156	1	0	4876
20677	158	2	1	6298
20677	166	1	1	1658
20677	170	1	1	4876
20677	179	1	1	1658
20677	180	1	0	1422
20677	182	1	1	4876
20677	186	1	0	1422
20677	194	1	1	4876
20677	206	1	1	4876
20677	208	1	0	1422
20677	215	5	3	6632
20677	217	1	1	1658
20677	218	1	1	4876
20677	226	1	1	1658
20677	230	3	2	7956
20677	233	3	2	2425966
20677	242	1	1	4876
20677	251	2	2	3080
20677	254	2	1	6298
20677	261	1	0	1422
20677	265	1	1	1658
20677	266	1	1	4876
20677	268	1	0	1422
20677	270	1	1	1658
20677	276	1	0	1422
20677	278	1	1	4876
20677	280	1	1	1658
20678	2	1	1	4876
20678	10	3	1	3146
20678	11	1	0	1658
20678	13	2	1	1724
20678	14	1	1	4876
20678	17	36	3	1034873
20678	20	31	2	766569
20678	26	1	1	4876
20678	29	1	1	1658
20678	32	1	0	1422
20678	38	1	1	4876
20678	41	2	1	1724
20678	43	1	0	1658
20678	50	1	1	4876
20678	53	1	0	1422
20678	56	2	0	2844
20678	60	1	1	1658
20678	62	1	1	4876
20678	65	1	1	1658
20678	72	1	1	1658
20678	74	2	1	6298
20678	86	3	1	7720
20678	96	1	0	1422
20678	98	1	1	4876
20678	107	2	2	9752
20678	109	1	1	4876
20678	110	1	1	4876
20678	118	2	1	3080
20678	122	1	1	4876
20678	127	1	1	1658
20678	134	1	1	4876
20678	140	1	0	1422
20678	146	1	1	4876
20678	150	1	0	4876
20678	152	3	0	4974
20678	154	1	0	1658
20678	158	1	1	4876
20678	160	1	1	1658
20678	162	1	0	1422
20678	166	3	0	4974
20678	167	1	1	1658
20678	170	1	1	4876
20678	180	1	1	1658
20678	182	1	1	4876
20678	184	1	0	1422
20678	185	4	2	3448
20678	194	1	1	4876
20678	204	3	0	4974
20678	205	5	1	8054
20678	206	15	1	28088
20678	207	11	1	18238
20678	208	13	0	21554
20678	209	2	0	3316
20678	217	1	1	1658
20678	218	1	1	4876
20678	223	2	0	3316
20678	226	1	1	1658
20678	228	1	0	1422
20678	230	2	1	6534
20678	232	2	1	3080
20678	233	4	2	2627096
20678	234	1	0	1422
20678	242	2	1	6298
20678	243	1	0	4876
20678	247	1	1	1658
20678	250	1	0	1422
20678	254	1	1	4876
20678	264	1	0	1422
20678	266	1	1	4876
20678	267	1	1	1658
20678	268	1	0	1422
20678	271	4	1	522300
20678	278	1	1	4876
20678	283	1	1	1658
20678	286	1	0	1422
20679	2	1	1	4876
20679	14	1	1	4876
20679	15	1	1	1658
20679	21	2	0	2844
20679	26	1	1	4876
20679	38	1	1	4876
20679	43	1	0	1422
20679	50	1	1	4876
20679	53	1	1	1658
20679	62	1	1	4876
20679	63	4	4	6632
20679	65	1	0	1422
20679	70	5	0	8290
20679	71	29	0	48082
20679	72	13	0	21554
20679	74	1	1	1658
20679	75	1	1	4876
20679	86	1	1	4876
20679	87	1	0	1422
20679	95	1	0	1422
20679	98	1	1	4876
20679	109	1	1	1422
20679	110	2	1	6298
20679	112	1	1	1658
20679	119	1	1	1658
20679	122	1	1	4876
20679	128	3	2	3382
20679	130	5	0	8054
20679	133	1	0	1422
20679	134	3	1	8192
20679	146	2	2	6534
20679	147	1	0	1422
20679	149	1	1	1658
20679	152	1	0	1422
20679	158	1	1	4876
20679	167	1	0	1658
20679	168	1	1	1658
20679	170	1	1	4876
20679	173	1	0	1422
20679	180	1	1	1658
20679	182	1	1	4876
20679	189	3	1	496962
20679	194	1	1	4876
20679	195	1	0	1422
20679	206	1	1	4876
20679	210	1	1	1658
20679	212	1	1	4876
20679	217	1	0	1422
20679	218	2	2	6534
20679	219	2	0	3316
20679	220	30	1	52958
20679	221	5	1	8290
20679	228	1	1	1658
20679	230	1	1	4876
20679	239	1	0	4876
20679	241	1	0	1422
20679	242	1	1	4876
20679	254	1	1	4876
20679	262	4	2	2627096
20679	263	1	0	1422
20679	266	1	1	4876
20679	267	1	1	1658
20679	278	1	1	4876
20679	281	3	0	1894
20679	283	2	1	1658
20679	286	1	0	1422
20680	2	1	1	4876
20680	4	1	1	1658
20680	9	2	1	1724
20680	11	1	0	1422
20680	14	1	1	4876
20680	21	1	0	1422
20680	22	2	0	1894
20680	26	1	1	4876
20680	29	1	0	1422
20680	38	1	1	4876
20680	50	1	1	4876
20680	53	1	0	1422
20680	54	1	0	1422
20680	62	2	2	6534
20680	65	2	1	3316
20680	67	6	4	9948
20680	74	2	2	6534
20680	76	1	0	1422
20680	79	3	0	4974
20680	80	5	0	8290
20680	81	24	0	39792
20680	82	3	0	4974
20680	86	1	1	4876
20680	98	1	1	4876
20680	99	1	0	1422
20680	107	1	0	1658
20680	110	1	1	4876
20680	115	1	0	1422
20680	119	1	1	1658
20680	122	1	1	4876
20680	123	1	0	1422
20680	124	1	1	1658
20680	125	1	1	1658
20680	129	1	1	1658
20680	132	1	1	1658
20680	134	1	1	4876
20680	145	1	0	1422
20680	146	1	1	4876
20680	151	1	0	1422
20680	158	1	1	4876
20680	169	1	0	1422
20680	170	1	1	4876
20680	171	1	1	1658
20680	181	1	1	1658
20680	182	1	1	4876
20680	192	1	0	1422
20680	194	1	1	4876
20680	198	1	0	0
20680	199	34	3	808217
20680	205	1	1	1658
20680	206	3	2	7720
20680	211	1	1	1658
20680	218	1	1	4876
20680	219	1	1	1658
20680	224	1	1	1658
20680	228	1	0	1658
20680	229	1	0	1658
20680	230	7	2	14588
20680	231	2	0	3316
20680	233	3	2	2425966
20680	237	1	0	0
20680	242	1	1	4876
20680	254	3	1	7720
20680	266	1	1	4876
20680	269	1	1	1658
20680	277	1	0	1422
20680	278	2	2	6534
20681	0	1	1	1658
20681	2	1	1	4876
20681	13	1	0	1422
20681	14	1	1	4876
20681	26	1	1	4876
20681	30	3	1	4738
20681	36	2	0	3080
20681	38	1	1	4876
20681	45	1	1	1422
20681	50	1	1	4876
20681	55	1	1	1658
20681	59	1	0	1422
20681	62	1	1	4876
20681	71	1	1	1658
20681	72	34	4	807679
20681	74	1	1	4876
20681	76	32	3	771445
20681	80	2	1	1724
20681	82	1	0	1422
20681	84	1	1	1658
20681	86	1	1	4876
20681	87	84	8	2422828
20681	92	1	0	1658
20681	93	1	0	1658
20681	94	4	0	6632
20681	95	9	0	14686
20681	98	1	1	4876
20681	110	1	1	4876
20681	111	2	1	2844
20681	112	1	0	1422
20681	116	1	1	1422
20681	120	2	2	3080
20681	122	1	1	4876
20681	124	1	1	1658
20681	125	1	1	1422
20681	131	1	1	1658
20681	134	1	1	4876
20681	136	1	1	1658
20681	138	1	0	1422
20681	144	1	1	1658
20681	146	1	1	4876
20681	150	2	1	1724
20681	158	1	1	4876
20681	170	1	1	4876
20681	182	1	1	4876
20681	184	1	1	1658
20681	185	1	0	1422
20681	190	1	1	1658
20681	194	2	2	6534
20681	198	3	0	2625
20681	206	1	1	4876
20681	208	1	0	1422
20681	218	1	1	4876
20681	230	1	1	4876
20681	232	2	1	3080
20681	233	4	2	2627096
20681	242	2	2	6534
20681	245	1	0	1658
20681	247	1	0	1658
20681	254	1	1	4876
20681	257	2	0	3080
20681	266	1	1	4876
20681	278	1	1	4876
20681	281	1	1	1658
20681	282	2	1	3080
20682	2	1	1	4876
20682	4	1	1	1658
20682	14	1	1	4876
20682	15	2	1	1724
20682	19	1	0	1422
20682	26	1	1	4876
20682	33	1	0	1422
20682	38	1	1	4876
20682	40	1	1	1658
20682	43	1	0	1422
20682	50	1	1	4876
20682	60	1	1	1658
20682	62	1	1	4876
20682	67	1	0	1422
20682	69	1	1	0
20682	70	1	0	1422
20682	71	1	1	1658
20682	74	1	1	4876
20682	79	2	2	3316
20682	86	1	1	4876
20682	90	1	0	1422
20682	98	1	1	4876
20682	102	3	1	4974
20682	110	1	1	4876
20682	113	1	0	1422
20682	122	2	2	6534
20682	127	1	0	1658
20682	128	6	0	9948
20682	129	2	0	3316
20682	130	1	0	1658
20682	132	1	1	1658
20682	134	1	1	4876
20682	136	1	1	1658
20682	137	1	0	1422
20682	146	1	1	4876
20682	158	1	1	4876
20682	160	1	0	1422
20682	168	2	0	1488
20682	170	1	1	4876
20682	172	1	0	4876
20682	173	1	1	1658
20682	176	1	1	4876
20682	180	1	1	1658
20682	182	1	1	4876
20682	184	1	0	1422
20682	189	1	1	1658
20682	191	1	0	1658
20682	194	1	1	4876
20682	201	5	1	7110
20682	206	1	1	4876
20682	208	1	0	1422
20682	218	1	1	4876
20682	219	1	0	1422
20682	225	1	1	1658
20682	230	1	1	4876
20682	232	2	1	3080
20682	234	3	2	2425966
20682	235	2	2	9752
20682	239	1	1	1658
20682	242	2	2	6534
20682	246	96	11	3576714
20682	254	3	2	7956
20682	256	1	0	1422
20682	261	1	0	1422
20682	266	1	1	4876
20682	273	1	1	1658
20682	278	1	1	4876
20682	279	1	1	1658
20682	280	1	0	1422
20682	281	2	2	3316
20683	2	1	1	4876
20683	4	1	0	1422
20683	7	1	1	1658
20683	9	1	1	1658
20683	14	1	1	4876
20683	16	1	0	1422
20683	17	1	0	1658
20683	26	1	1	4876
20683	32	1	1	1658
20683	38	1	1	4876
20683	39	1	0	1422
20683	50	1	1	4876
20683	62	1	1	4876
20683	63	1	0	1422
20683	70	1	1	1658
20683	74	1	1	4876
20683	86	155	2	740018
20683	89	1	1	1658
20683	92	29	3	566211
20683	98	1	1	4876
20683	99	2	2	3080
20683	102	1	0	1422
20683	109	2	0	2844
20683	110	2	1	6298
20683	122	1	1	4876
20683	127	1	0	1658
20683	132	1	0	4876
20683	133	1	0	1422
20683	134	1	1	4876
20683	136	36	4	1121432
20683	137	1	1	1658
20683	145	1	1	1658
20683	146	1	1	4876
20683	151	1	0	1422
20683	156	2	1	3080
20683	158	1	1	4876
20683	170	57	5	873783
20683	173	22	6	31284
20683	180	1	0	1422
20683	182	1	1	4876
20683	190	2	0	3316
20683	192	1	0	1658
20683	194	1	1	4876
20683	198	1	1	1658
20683	206	1	1	4876
20683	208	1	1	1658
20683	213	1	0	1422
20683	216	3	1	3316
20683	218	9	1	12452
20683	220	1	0	1422
20683	229	36	3	1251075
20683	231	1	1	4876
20683	232	53	2	1145731
20683	233	4	2	2627096
20683	236	1	0	1422
20683	237	2	0	1422
20683	240	1	0	0
20683	242	1	1	4876
20683	249	1	1	1658
20683	254	1	1	4876
20683	260	1	1	1658
20683	262	1	0	1422
20683	266	2	1	6298
20683	277	1	1	1658
20683	278	1	1	4876
20683	279	1	1	1658
20683	287	1	0	1422
20684	3	1	1	4876
20684	6	2	1	1724
20684	11	18	3	25596
20684	14	1	1	4876
20684	19	5	1	7110
20684	22	1	0	1422
20684	26	1	1	4876
20684	27	1	1	1422
20684	38	1	1	4876
20684	41	1	0	1422
20684	46	1	1	1658
20684	47	1	0	1422
20684	50	1	1	4876
20684	53	5	1	7110
20684	55	29	5	41238
20684	60	1	1	1658
20684	62	2	1	6534
20684	69	2	0	2844
20684	70	2	2	2844
20684	71	1	0	1422
20684	74	1	1	4876
20684	75	9	2	500537
20684	86	1	1	4876
20684	93	33	7	46926
20684	94	1	0	1422
20684	96	1	0	1658
20684	98	2	1	6534
20684	101	1	0	4876
20684	110	1	1	4876
20684	113	1	1	1658
20684	114	1	1	1658
20684	117	1	0	1422
20684	122	1	1	4876
20684	123	1	1	1658
20684	134	2	1	6298
20684	135	1	1	1658
20684	146	1	1	4876
20684	154	1	1	4876
20684	158	2	1	6298
20684	166	1	1	1658
20684	168	1	0	1422
20684	170	1	1	4876
20684	171	1	0	1658
20684	179	1	1	1658
20684	182	2	1	6298
20684	183	1	1	1658
20684	194	1	1	4876
20684	203	1	0	1658
20684	206	4	3	9614
20684	218	2	2	6534
20684	227	2	0	2844
20684	228	1	1	1658
20684	230	1	1	4876
20684	232	1	0	1422
20684	233	3	2	2425966
20684	235	1	1	1658
20684	237	1	0	66
20684	242	1	1	4876
20684	248	2	1	3316
20684	254	1	1	4876
20684	255	1	0	1422
20684	258	1	0	1422
20684	259	1	0	1422
20684	266	1	1	4876
20684	269	1	1	1658
20684	272	1	0	1658
20684	273	1	0	1658
20684	274	1	0	1658
20684	275	1	0	1658
20684	277	1	0	1658
20684	278	1	1	4876
20684	280	1	1	1658
20684	283	1	0	1422
20684	284	1	0	1658
20685	0	1	1	1658
20685	2	1	1	4876
20685	14	1	1	4876
20685	20	1	0	1422
20685	24	1	1	1658
20685	25	1	0	1422
20685	26	1	1	4876
20685	33	37	6	1292893
20685	34	74	25	2686919
20685	37	1	1	4876
20685	38	2	1	4942
20685	43	7	5	34814
20685	44	7	3	11606
20685	45	2	1	2844
20685	46	1	1	1422
20685	47	4	4	5688
20685	49	1	0	4876
20685	50	1	1	4876
20685	55	1	0	1422
20685	62	1	1	4876
20685	65	1	1	1658
20685	69	2	1	3080
20685	74	1	1	4876
20685	79	1	1	1658
20685	81	1	1	1422
20685	82	1	1	1658
20685	86	1	1	4876
20685	91	1	1	1658
20685	93	1	0	1422
20685	98	1	1	4876
20685	106	1	1	1658
20685	110	1	1	4876
20685	115	1	1	1658
20685	116	1	0	1422
20685	122	1	1	4876
20685	126	1	1	1658
20685	133	1	1	1658
20685	134	1	1	4876
20685	140	2	1	3080
20685	141	1	1	1658
20685	146	1	1	4876
20685	151	1	1	4876
20685	153	1	0	1422
20685	155	1	0	1422
20685	156	1	1	1658
20685	158	1	1	4876
20685	163	1	0	1658
20685	164	2	0	3316
20685	165	3	0	4974
20685	167	1	0	1422
20685	168	1	1	1658
20685	169	1	1	1658
20685	170	1	1	4876
20685	173	2	1	1724
20685	177	1	0	1422
20685	181	1	1	1658
20685	182	1	1	4876
20685	190	1	1	1658
20685	191	8	1	605585
20685	194	1	1	4876
20685	202	1	0	1422
20685	205	2	0	3316
20685	206	1	1	4876
20685	207	1	0	1422
20685	215	1	0	1658
20685	218	1	1	4876
20685	219	40	3	789899
20685	224	1	0	4876
20685	226	2	1	3080
20685	228	1	1	1658
20685	230	1	1	4876
20685	231	1	1	1658
20685	240	1	1	1658
20685	241	1	1	1658
20685	242	35	4	773405
20685	243	16	0	44820
20685	244	24	1	65666
20685	247	3	0	3316
20685	248	1	0	1422
20685	251	1	0	1658
20685	252	1	0	1422
20685	254	1	1	4876
20685	260	1	1	1658
20685	263	1	0	1658
20685	266	3	2	6600
20685	276	1	0	1422
20685	278	1	1	4876
20685	280	1	1	1422
20685	281	1	0	1422
20685	286	1	1	1658
20685	287	2	2	3316
20686	1	1	0	4876
20686	2	1	1	4876
20686	4	1	1	1658
20686	8	1	1	4876
20686	12	1	1	1658
20686	13	1	0	1422
20686	14	2	1	6298
20686	17	2	0	3316
20686	26	1	1	4876
20686	29	1	1	1658
20686	38	2	1	6298
20686	41	1	1	1422
20686	42	2	1	1724
20686	46	1	1	4876
20686	50	1	1	4876
20686	51	34	3	808217
20686	52	7	1	708383
20686	61	1	1	1658
20686	62	1	1	4876
20686	64	1	1	1658
20686	75	1	1	4876
20686	77	1	0	1422
20686	83	1	1	1658
20686	86	1	1	4876
20686	95	1	1	1658
20686	98	1	1	4876
20686	102	1	0	1422
20686	110	1	1	4876
20686	117	2	1	1724
20686	122	1	1	4876
20686	124	1	1	1658
20686	126	1	1	1658
20686	127	1	0	1422
20686	130	1	0	1422
20686	132	1	1	1658
20686	135	1	1	4876
20686	137	1	1	1658
20686	140	4	1	3552
20686	141	2	1	1724
20686	143	1	1	1658
20686	144	1	0	1658
20686	146	1	1	4876
20686	148	1	1	1658
20686	150	40	5	772909
20686	151	1	0	1422
20686	156	1	0	0
20686	158	10	1	42282
20686	161	2	0	3315
20686	162	1	0	0
20686	163	2	0	1894
20686	170	1	1	4876
20686	176	1	0	1422
20686	178	2	0	2844
20686	182	1	1	4876
20686	183	1	0	0
20686	187	1	1	1658
20686	190	1	1	1658
20686	193	2	2	6534
20686	194	1	1	4876
20686	195	1	1	4876
20686	196	1	1	1658
20686	199	1	1	1658
20686	201	1	0	1422
20686	205	1	0	1422
20686	206	1	1	4876
20686	218	1	1	4876
20686	220	2	1	6298
20686	225	4	2	2627096
20686	226	2	0	1894
20686	228	77	5	2063283
20686	230	2	2	6298
20686	231	1	1	1658
20686	239	35	4	770187
20686	242	36	4	776720
20686	246	1	0	1422
20686	247	1	1	1658
20686	254	1	1	4876
20686	256	7	2	9004
20686	257	1	0	4876
20686	259	3	1	1790
20686	260	1	1	4876
20686	261	1	1	0
20686	263	3	0	1894
20686	266	1	1	4876
20686	267	1	1	1658
20686	269	1	0	0
20686	270	4	0	5209
20686	273	1	0	1422
20686	274	1	1	1658
20686	278	1	1	4876
20686	283	34	3	769951
20686	284	64	5	1534669
20686	285	4	1	3618
20687	2	1	1	4876
20687	8	1	0	1422
20687	14	1	1	4876
20687	16	3	2	3382
20687	26	1	1	4876
20687	27	1	0	1422
20687	29	1	1	1422
20687	32	1	0	1422
20687	38	2	2	6534
20687	41	1	1	1658
20687	43	1	1	1658
20687	50	2	1	6298
20687	56	1	0	1422
20687	59	1	0	1422
20687	62	1	1	4876
20687	74	1	1	4876
20687	80	1	0	1422
20687	82	2	0	3316
20687	86	1	1	4876
20687	89	1	0	1422
20687	90	1	1	1658
20687	98	1	1	4876
20687	100	2	1	3080
20687	104	2	2	3316
20687	110	3	1	6770
20687	111	34	3	808217
20687	112	4	0	3788
20687	119	1	0	1422
20687	122	1	1	4876
20687	125	1	0	1422
20687	134	1	1	4876
20687	136	68	7	1541396
20687	137	2	0	2625
20687	138	2	0	1894
20687	139	33	2	768440
20687	144	1	1	1658
20687	145	1	1	0
20687	146	2	2	6534
20687	147	1	0	1422
20687	149	1	0	1422
20687	154	1	1	1658
20687	158	1	1	4876
20687	170	2	2	6534
20687	174	1	0	1422
20687	176	1	0	1658
20687	182	1	1	4876
20687	194	4	2	8428
20687	198	1	0	1422
20687	201	1	0	4876
20687	205	1	1	1658
20687	206	2	2	6298
20687	216	1	0	0
20687	217	1	0	1422
20687	218	3	2	4266
20687	219	1	1	4876
20687	220	2	0	132
20687	224	5	2	976730
20687	226	15	3	1017785
20687	227	1	1	1658
20687	228	2	1	3080
20687	230	2	2	6298
20687	231	1	0	1422
20687	233	1	1	1658
20687	242	1	1	4876
20687	243	2	1	3316
20687	249	1	0	1422
20687	254	2	2	6534
20687	265	1	1	1422
20687	266	2	1	6298
20687	271	2	1	455852
20687	277	1	0	1422
20687	278	1	1	4876
20687	279	31	3	1000414
20687	280	1	1	1658
20687	285	1	1	1658
20688	1	2	1	3080
20688	2	1	1	4876
20688	10	1	1	1658
20688	12	1	0	1658
20688	14	34	2	49260
20688	16	1	0	4876
20688	24	1	1	1658
20688	26	1	1	4876
20688	32	1	1	1658
20688	35	1	1	1658
20688	38	1	1	4876
20688	39	1	0	1422
20688	50	3	2	7956
20688	57	2	2	3316
20688	60	20	2	33160
20688	61	3	3	4738
20688	62	1	1	4876
20688	63	1	0	1422
20688	75	1	1	4876
20688	87	1	1	4876
20688	88	1	0	1422
20688	90	68	7	1817293
20688	98	1	1	4876
20688	99	2	1	3080
20688	104	1	1	1658
20688	111	1	1	4876
20688	112	1	0	1422
20688	113	1	1	1658
20688	117	1	1	1658
20688	122	1	1	4876
20688	133	1	1	1658
20688	135	1	1	4876
20688	137	1	0	1422
20688	143	1	1	1422
20688	144	1	1	4876
20688	146	1	1	4876
20688	151	1	0	1422
20688	153	1	0	4876
20688	158	1	1	4876
20688	160	2	1	3080
20688	161	3	1	14628
20688	170	1	1	4876
20688	171	2	1	1724
20688	172	1	1	1658
20688	176	2	1	1724
20688	178	8	8	6632
20688	182	1	1	4876
20688	185	1	0	1422
20688	191	1	0	1422
20688	194	1	1	4876
20688	195	1	1	1658
20688	197	2	1	3080
20688	206	1	1	4876
20688	207	5	0	4519
20688	210	1	0	1422
20688	211	3	1	3552
20688	212	2	0	1894
20688	213	2	1	6770
20688	219	2	1	6298
20688	220	1	1	1658
20688	230	1	1	4876
20688	234	38	3	591420
20688	235	1	0	1422
20688	237	1	0	1658
20688	239	1	0	1422
20688	242	1	1	4876
20688	254	1	1	4876
20688	258	1	0	1422
20688	259	1	1	1658
20688	260	2	1	3080
20688	267	1	1	4876
20688	269	1	1	1658
20688	273	2	0	1894
20688	279	1	1	4876
20688	285	1	0	1422
20689	0	2	0	1893
20689	2	1	1	4876
20689	5	1	1	1658
20689	6	1	1	0
20689	7	34	3	546522
20689	8	2	0	1894
20689	10	1	0	4876
20689	14	2	1	6298
20689	21	1	0	1422
20689	27	1	1	4876
20689	29	1	0	1422
20689	31	1	1	1658
20689	35	1	1	1658
20689	38	1	1	4876
20689	42	1	1	1658
20689	46	1	0	1422
20689	50	1	1	4876
20689	52	1	1	1658
20689	62	1	1	4876
20689	69	1	0	1422
20689	70	2	1	6298
20689	71	4	1	6632
20689	75	1	1	4876
20689	84	4	4	3316
20689	86	1	0	1422
20689	87	1	1	4876
20689	88	1	0	1422
20689	89	1	1	1658
20689	90	1	1	1658
20689	92	2	2	9752
20689	93	1	0	1422
20689	94	1	0	1422
20689	98	1	1	1658
20689	99	5	2	504310
20689	100	3	2	7956
20689	105	1	0	1422
20689	110	1	1	4876
20689	114	3	2	2425966
20689	118	1	0	1422
20689	122	1	1	4876
20689	126	2	0	1894
20689	127	4	0	3788
20689	128	33	3	921325
20689	130	1	0	1422
20689	134	1	1	4876
20689	135	2	0	1894
20689	141	3	0	3316
20689	142	1	0	1422
20689	144	1	0	3542
20689	146	2	2	6534
20689	157	1	1	1658
20689	158	1	1	4876
20689	159	1	1	1658
20689	165	2	1	3080
20689	166	2	0	3080
20689	170	1	1	4876
20689	175	1	1	1658
20689	182	1	1	4876
20689	190	2	0	2844
20689	194	1	1	4876
20689	200	1	1	1658
20689	203	1	0	2416214
20689	207	1	1	4876
20689	209	1	1	1658
20689	214	1	0	1422
20689	217	1	1	4876
20689	219	1	1	4876
20689	220	1	1	1658
20689	221	1	0	1422
20689	230	1	1	4876
20689	232	1	0	1422
20689	233	1	0	1422
20689	243	1	1	4876
20689	246	2	1	3316
20689	247	16	4	11376
20689	250	1	1	1658
20689	252	118	11	3410841
20689	254	1	1	4876
20689	258	1	0	1422
20689	260	1	0	1422
20689	261	4	2	5924
20689	264	2	0	3316
20689	267	1	1	4876
20689	274	1	1	1658
20689	276	1	0	1422
20689	278	1	1	4876
20689	280	5	1	11734
20689	282	1	0	1422
20689	284	1	1	1658
20689	285	3	1	3552
20689	286	2	0	7084
20690	0	2	0	1893
20690	2	7	2	10387
20690	11	4	0	3788
20690	15	1	1	4876
20690	27	1	1	4876
20690	28	1	0	1658
20690	37	1	0	1422
20690	38	2	1	6298
20690	43	2	2	3316
20690	44	2	1	3080
20690	51	1	1	4876
20690	58	1	1	1658
20690	60	4	2	9378
20690	62	2	1	6534
20690	68	1	0	1422
20690	74	3	1	8192
20690	86	4	4	3316
20690	87	2	1	6298
20690	91	1	0	1422
20690	92	33	4	1191528
20690	97	31	4	560023
20690	98	1	1	1658
20690	99	1	1	4876
20690	100	1	1	1422
20690	102	1	0	1658
20690	103	3	0	4266
20690	104	1	1	1658
20690	110	1	1	4876
20690	113	4	2	2627096
20690	117	1	1	1658
20690	122	34	3	771172
20690	123	2	2	6534
20690	124	2	0	1838
20690	125	29	2	542612
20690	126	2	1	3316
20690	127	1	0	1422
20690	135	1	1	4876
20690	138	33	4	1067667
20690	139	1	1	1422
20690	146	2	2	6534
20690	151	1	0	1422
20690	153	1	1	1658
20690	158	1	1	1658
20690	159	1	1	4876
20690	164	1	0	1422
20690	168	1	1	1658
20690	170	1	1	4876
20690	175	1	0	1422
20690	181	5	1	8290
20690	183	1	1	4876
20690	184	1	1	1658
20690	195	1	1	4876
20690	200	1	0	1422
20690	207	1	1	4876
20690	211	1	1	1658
20690	217	29	2	582300
20690	219	1	1	4876
20690	220	1	1	1658
20690	225	1	0	1422
20690	228	1	0	1422
20690	230	1	1	4876
20690	234	2	1	455852
20690	243	1	1	4876
20690	250	1	1	1658
20690	251	1	0	1422
20690	255	1	1	4876
20690	259	1	0	1422
20690	262	1	1	1658
20690	266	1	1	4876
20690	275	2	2	3316
20690	276	1	0	1422
20690	279	1	1	4876
20691	3	1	1	4876
20691	11	1	1	1658
20691	13	1	0	1422
20691	14	1	1	4876
20691	16	1	0	4876
20691	25	1	1	1658
20691	27	1	1	4876
20691	32	1	0	1658
20691	38	1	0	1422
20691	39	1	1	4876
20691	41	1	0	1658
20691	50	1	1	4876
20691	52	1	1	1658
20691	59	1	1	1658
20691	62	1	1	4876
20691	63	1	0	1422
20691	71	1	1	1658
20691	75	1	1	4876
20691	86	1	1	4876
20691	87	1	0	1422
20691	95	2	2	3316
20691	96	2	2	1658
20691	99	1	1	4876
20691	110	3	3	6534
20691	111	4	2	2427388
20691	119	1	1	1658
20691	123	1	1	4876
20691	124	1	1	1422
20691	129	1	1	1658
20691	135	2	1	6298
20691	136	1	0	1422
20691	137	1	1	4876
20691	147	2	2	6298
20691	158	1	1	4876
20691	160	1	0	1422
20691	161	1	1	4876
20691	171	1	1	4876
20691	173	1	1	1658
20691	182	1	1	4876
20691	183	1	1	1658
20691	184	2	1	3080
20691	195	1	1	4876
20691	206	1	1	1658
20691	207	1	1	4876
20691	210	1	0	1422
20691	217	1	1	1658
20691	219	1	1	4876
20691	222	1	1	1658
20691	231	1	1	4876
20691	233	1	1	1658
20691	235	2	0	6298
20691	240	1	1	1422
20691	242	1	1	1658
20691	243	2	2	9752
20691	255	1	1	4876
20691	256	1	0	0
20691	260	1	0	1422
20691	261	1	0	1658
20691	262	6	0	9948
20691	266	1	1	4876
20691	267	1	1	1422
20691	274	1	0	0
20691	277	1	1	1658
20691	278	1	1	4876
20691	282	2	2	3316
20691	284	1	0	1422
20691	286	1	0	1658
20692	2	1	1	4876
20692	6	1	1	1658
20692	9	2	1	1724
20692	13	1	0	1422
20692	15	1	1	4876
20692	19	2	0	1838
20692	22	1	0	1422
20692	26	1	1	4876
20692	33	1	1	1658
20692	39	1	1	4876
20692	46	1	0	1422
20692	49	5	1	7110
20692	50	2	1	6298
20692	57	1	1	1658
20692	59	2	0	3316
20692	63	1	1	4876
20692	65	4	0	19504
20692	71	1	0	1422
20692	72	1	1	1658
20692	74	1	1	4876
20692	84	1	1	1658
20692	87	1	1	4876
20692	95	2	0	2844
20692	99	1	1	4876
20692	108	1	0	1658
20692	110	1	1	4876
20692	116	2	2	1658
20692	117	2	2	1658
20692	119	4	0	6160
20692	120	5	3	2628754
20692	122	2	2	6298
20692	128	161	4	857760
20692	131	1	1	1422
20692	135	1	1	4876
20692	140	2	1	3316
20692	142	1	1	1658
20692	143	1	0	1422
20692	146	10	4	14220
20692	147	1	1	4876
20692	155	3	1	1790
20692	156	16	2	69922
20692	159	1	1	4876
20692	160	1	1	1422
20692	168	1	0	1422
20692	171	1	1	4876
20692	176	2	0	2844
20692	177	4	0	5688
20692	181	1	1	1658
20692	183	1	1	4876
20692	187	1	1	1658
20692	190	2	1	3316
20692	193	1	0	1422
20692	195	1	1	4876
20692	207	4	3	9378
20692	208	4	0	6632
20692	212	14	0	68264
20692	218	2	1	6298
20692	230	1	1	1658
20692	231	2	1	6298
20692	234	1	0	1422
20692	240	1	1	1658
20692	243	2	1	6298
20692	244	1	0	1422
20692	250	9	1	548068
20692	251	2	1	1724
20692	255	1	1	4876
20692	267	1	1	4876
20692	268	1	0	1422
20692	279	1	1	4876
20692	281	3	0	4974
20692	283	2	0	3316
20693	2	1	1	1658
20693	3	1	1	4876
20693	4	1	0	1422
20693	13	1	0	1422
20693	14	3	0	4974
20693	15	1	1	4876
20693	20	2	1	3080
20693	23	1	1	1422
20693	26	1	1	4876
20693	29	1	0	1422
20693	30	1	1	1658
20693	35	1	0	1658
20693	36	2	0	3316
20693	39	1	1	4876
20693	40	1	0	1422
20693	41	1	1	1658
20693	48	1	0	1422
20693	51	1	1	4876
20693	56	3	1	4974
20693	61	1	0	1422
20693	63	1	1	4876
20693	67	1	0	1422
20693	74	1	1	4876
20693	81	1	1	1658
20693	85	1	0	1422
20693	87	1	1	4876
20693	89	1	0	1422
20693	96	1	1	1658
20693	99	1	1	4876
20693	100	2	2	1658
20693	101	2	2	1658
20693	105	2	0	2844
20693	106	1	0	1422
20693	110	1	1	4876
20693	111	1	1	1658
20693	122	1	1	4876
20693	123	1	0	1422
20693	124	1	0	1658
20693	125	1	0	1422
20693	134	1	1	4876
20693	138	1	1	1658
20693	140	1	0	1422
20693	144	2	1	3080
20693	147	1	1	4876
20693	148	1	1	4876
20693	152	1	1	1422
20693	154	34	4	587584
20693	157	30	2	543003
20693	158	1	1	1658
20693	159	1	1	4876
20693	162	1	0	1422
20693	171	1	1	4876
20693	175	1	1	1658
20693	182	1	0	1422
20693	183	1	1	4876
20693	190	1	0	1422
20693	194	1	1	4876
20693	201	1	1	1658
20693	202	2	1	3080
20693	206	1	1	4876
20693	211	1	1	1658
20693	218	1	1	4876
20693	221	1	0	1422
20693	226	1	1	1658
20693	228	1	1	1658
20693	230	1	1	4876
20693	242	2	1	6298
20693	248	1	1	1658
20693	250	1	0	1422
20693	254	1	1	4876
20693	258	1	0	731
20693	260	1	1	1658
20693	262	1	0	1422
20693	266	1	1	4876
20693	273	7	1	9954
20693	279	1	1	4876
20693	280	4	2	1067413
20693	282	3	2	4502
20693	287	2	1	6298
20694	1	1	1	1658
20694	2	1	1	4876
20694	5	1	1	1658
20694	13	1	0	1422
20694	14	1	1	4876
20694	16	2	1	3316
20694	18	1	0	1422
20694	26	1	1	4876
20694	28	1	1	1658
20694	34	1	0	1422
20694	37	1	1	1658
20694	38	1	1	4876
20694	40	1	1	1658
20694	51	1	1	4876
20694	52	1	1	1658
20694	53	1	0	1422
20694	57	4	2	2427624
20694	62	1	1	4876
20694	72	1	0	1422
20694	74	1	1	4876
20694	86	1	1	4876
20694	91	1	0	1422
20694	98	2	2	6534
20694	101	1	1	1658
20694	104	4	4	3316
20694	110	2	1	6298
20694	112	1	1	1658
20694	119	1	1	4876
20694	122	1	1	4876
20694	125	2	2	1658
20694	129	1	0	1422
20694	130	2	0	3080
20694	134	1	1	4876
20694	137	1	1	1658
20694	141	1	0	4876
20694	146	1	1	4876
20694	148	3	0	4266
20694	149	1	0	1422
20694	152	1	0	1658
20694	154	2	1	3080
20694	157	2	1	2844
20694	158	1	1	4876
20694	162	1	1	1658
20694	168	3	0	4738
20694	170	1	1	4876
20694	182	1	1	4876
20694	187	2	0	3080
20694	194	1	1	4876
20694	196	1	1	1658
20694	197	4	1	19504
20694	205	1	1	1658
20694	206	2	1	6298
20694	214	1	1	1658
20694	218	1	1	4876
20694	219	30	5	42660
20694	222	2	1	3080
20694	226	1	0	1422
20694	230	1	1	4876
20694	242	1	1	4876
20694	247	2	1	6298
20694	252	2	2	3316
20694	254	1	1	4876
20694	263	1	1	1658
20694	264	1	1	1658
20694	266	1	1	4876
20694	267	1	0	1422
20694	268	17	2	24174
20694	278	1	1	4876
20694	281	7	3	10190
20694	282	8	1	10492
20694	286	1	0	1422
20695	2	1	1	4876
20695	14	1	1	4876
20695	18	1	0	1422
20695	20	1	1	1658
20695	25	2	2	3316
20695	26	4	2	9850
20695	27	33	2	1063881
20695	29	35	6	49770
20695	34	6	1	706490
20695	37	1	0	1422
20695	38	54	4	606968
20695	47	1	1	1658
20695	48	1	1	1658
20695	50	1	1	4876
20695	57	1	0	1422
20695	60	1	0	1422
20695	61	1	0	1422
20695	62	12	2	20754
20695	74	1	0	1658
20695	75	2	1	6298
20695	82	1	0	1422
20695	87	1	1	4876
20695	92	78	8	2249669
20695	94	1	0	1422
20695	99	1	1	4876
20695	100	6	3	8768
20695	101	11	1	15642
20695	111	1	1	4876
20695	114	2	1	3080
20695	123	1	1	4876
20695	124	1	1	1658
20695	125	4	4	5688
20695	130	1	0	4876
20695	133	1	0	1422
20695	135	1	1	4876
20695	138	1	1	1658
20695	143	1	0	1422
20695	147	1	1	4876
20695	152	1	0	1422
20695	157	6	1	7582
20695	159	1	1	4876
20695	164	1	0	1422
20695	165	1	1	1658
20695	166	15	4	21330
20695	167	1	1	1658
20695	171	2	1	6298
20695	180	1	1	1658
20695	183	2	2	6534
20695	187	16	2	14830
20695	189	11	2	15642
20695	190	13	1	18486
20695	191	2	0	2844
20695	195	1	1	4876
20695	200	2	1	1724
20695	202	12	2	15944
20695	204	2	0	2844
20695	205	1	0	1422
20695	206	1	0	1422
20695	207	2	1	6298
20695	208	1	0	1422
20695	210	1	0	1422
20695	211	1	0	4876
20695	212	1	0	4876
20695	213	1	0	1658
20695	218	2	1	1658
20695	219	1	1	4876
20695	223	1	0	4876
20695	225	1	0	4876
20695	226	7	1	9954
20695	227	1	1	1658
20695	229	1	0	1422
20695	231	1	1	4876
20695	233	1	0	1422
20695	235	1	0	1422
20695	239	2	2	3316
20695	243	1	1	4876
20695	245	1	0	4876
20695	246	1	0	1422
20695	248	1	0	1422
20695	249	1	0	1422
20695	250	8	1	11376
20695	255	12	1	20518
20695	256	1	1	4876
20695	267	2	2	6534
20695	268	1	0	4876
20695	269	3	1	11174
20695	276	2	0	3316
20695	278	1	1	1658
20695	279	1	1	4876
20695	282	1	1	1658
20695	285	4	3	5688
20695	286	5	1	7110
20696	0	2	0	2844
20696	1	4	2	2627096
20696	3	1	1	4876
20696	5	1	1	1658
20696	7	1	0	1658
20696	14	1	0	1422
20696	15	1	1	4876
20696	17	33	3	587373
20696	19	1	0	1422
20696	20	30	2	543003
20696	27	1	1	4876
20696	30	1	1	1658
20696	35	1	1	1422
20696	37	6	2	8532
20696	38	1	0	1422
20696	39	1	1	4876
20696	40	1	1	1658
20696	42	2	1	1724
20696	48	1	0	4876
20696	51	2	2	6534
20696	53	14	3	19908
20696	57	1	0	1422
20696	59	1	0	1422
20696	63	1	1	4876
20696	64	1	1	1658
20696	68	4	1	5688
20696	70	1	1	1658
20696	71	1	0	1422
20696	72	27	1	38394
20696	74	1	1	4876
20696	77	1	0	1422
20696	87	1	1	4876
20696	95	1	0	1422
20696	99	2	1	9752
20696	100	1	1	1658
20696	107	2	2	9752
20696	110	8	2	11376
20696	111	1	1	4876
20696	112	1	1	1658
20696	113	1	1	1658
20696	114	1	0	1422
20696	116	3	1	4974
20696	123	1	1	4876
20696	133	2	1	3080
20696	134	1	1	4876
20696	137	1	1	1658
20696	141	2	2	4876
20696	143	1	0	1658
20696	145	1	0	1422
20696	146	1	1	4876
20696	156	1	0	1658
20696	157	1	1	1658
20696	158	1	1	4876
20696	163	1	0	1422
20696	169	1	1	1658
20696	170	1	1	4876
20696	172	3	1	28182
20696	182	1	1	4876
20696	183	1	0	1422
20696	193	1	1	1422
20696	194	1	1	4876
20696	198	1	1	1658
20696	203	1	0	1422
20696	207	1	1	4876
20696	208	1	0	1422
20696	211	1	1	1658
20696	219	1	1	4876
20696	221	1	1	1658
20696	222	1	0	1422
20696	223	1	0	1658
20696	229	1	0	1422
20696	231	2	2	6534
20696	243	3	1	7720
20696	250	1	0	1422
20696	253	1	1	1422
20696	254	1	1	4876
20696	255	5	1	498069
20696	258	14	0	68264
20696	262	1	0	1422
20696	263	1	1	1658
20696	267	1	1	4876
20696	273	30	2	543003
20696	277	1	1	1658
20696	279	1	1	4876
20696	282	1	0	1422
20696	286	1	0	1422
20697	3	1	1	4876
20697	4	1	0	1658
20697	14	2	0	2153
20697	15	1	1	4876
20697	27	2	1	6298
20697	34	1	1	1658
20697	39	1	1	4876
20697	48	1	0	1422
20697	51	1	1	4876
20697	59	1	1	1658
20697	63	1	1	4876
20697	65	2	2	3316
20697	67	1	0	1422
20697	71	1	1	1658
20697	75	1	1	4876
20697	76	1	0	1658
20697	83	1	0	1658
20697	86	1	0	1422
20697	87	1	1	4876
20697	94	16	3	684886
20697	95	21	1	560506
20697	97	1	1	1658
20697	98	1	1	4876
20697	106	1	0	1422
20697	108	1	0	1658
20697	109	2	0	3316
20697	111	1	1	4876
20697	114	2	0	9752
20697	119	1	1	1658
20697	122	1	0	1422
20697	123	1	1	4876
20697	125	1	0	1422
20697	128	1	1	1658
20697	135	1	1	4876
20697	138	1	1	1658
20697	139	43	4	1124171
20697	140	1	0	1658
20697	144	2	1	3080
20697	147	1	1	4876
20697	158	1	1	4876
20697	161	1	1	1658
20697	162	1	0	1658
20697	164	1	0	1422
20697	165	1	1	1658
20697	168	14	0	68264
20697	171	1	1	4876
20697	172	1	1	1658
20697	183	3	2	7956
20697	194	1	0	1422
20697	195	1	1	4876
20697	197	1	0	1422
20697	201	1	1	1658
20697	207	1	1	4876
20697	211	1	0	1422
20697	214	1	0	1422
20697	219	6	2	9728
20697	221	1	1	1658
20697	224	1	1	1658
20697	225	1	1	0
20697	231	1	1	4876
20697	232	1	1	1658
20697	234	2	1	6298
20697	238	5	2	2628518
20697	241	1	1	1658
20697	243	1	1	4876
20697	254	1	1	4876
20697	255	1	0	1422
20697	259	2	0	3316
20697	267	1	1	4876
20697	269	1	1	1658
20697	275	2	1	3080
20697	277	2	1	1724
20697	279	1	1	4876
20697	281	1	1	1658
20698	3	1	1	4876
20698	4	1	1	1658
20698	6	1	0	1422
20698	15	1	1	4876
20698	19	1	0	1658
20698	27	2	1	6298
20698	38	2	1	1724
20698	39	1	1	4876
20698	46	1	0	1422
20698	51	1	1	4876
20698	54	1	0	4876
20698	60	1	1	1658
20698	63	1	1	4876
20698	66	1	0	1422
20698	67	1	1	1422
20698	70	1	1	1658
20698	73	1	0	1422
20698	75	2	1	6534
20698	80	13	0	21554
20698	81	1	0	1422
20698	83	1	1	1658
20698	87	1	1	4876
20698	88	10	0	48760
20698	92	2	0	3080
20698	99	1	1	4876
20698	111	2	1	6298
20698	123	1	1	4876
20698	125	2	2	3316
20698	126	1	1	1658
20698	128	1	1	1658
20698	131	1	0	1422
20698	135	2	1	6298
20698	138	1	1	1658
20698	143	1	1	1658
20698	147	1	1	4876
20698	150	6	1	8532
20698	159	1	1	4876
20698	165	13	1	18486
20698	168	2	0	2844
20698	170	1	0	1422
20698	171	1	1	4876
20698	175	1	0	1422
20698	179	2	1	3080
20698	183	1	1	4876
20698	184	1	1	1658
20698	186	1	1	1658
20698	190	1	0	1422
20698	195	2	2	6534
20698	196	1	0	1658
20698	197	1	0	1658
20698	207	1	1	4876
20698	209	1	0	1658
20698	211	1	0	1422
20698	212	1	1	4876
20698	219	1	1	4876
20698	224	1	0	4876
20698	231	3	1	7720
20698	234	1	1	1658
20698	241	1	0	1658
20698	243	2	2	6534
20698	248	1	0	1422
20698	251	2	0	3080
20698	252	1	1	1658
20698	254	1	0	1422
20698	255	1	1	4876
20698	262	5	1	2432911
20698	267	1	1	4876
20698	268	1	0	1422
20698	279	2	2	9752
20698	282	1	1	1658
20699	0	1	0	1422
20699	3	2	1	9752
20699	9	1	1	1658
20699	10	6	1	600611
20699	12	1	0	1422
20699	15	1	1	4876
20699	19	91	2	150878
20699	20	1	0	1422
20699	26	1	1	4876
20699	28	1	0	1658
20699	31	1	1	1658
20699	34	1	1	4876
20699	39	1	1	4876
20699	40	1	0	1422
20699	44	12	0	19896
20699	45	2	0	3316
20699	49	2	1	1724
20699	50	2	1	6298
20699	59	1	0	1422
20699	61	1	0	1658
20699	63	1	1	4876
20699	75	1	1	4876
20699	78	1	1	1422
20699	79	1	0	1422
20699	82	1	1	1422
20699	83	1	1	1658
20699	87	1	1	4876
20699	90	1	1	1658
20699	96	1	1	1658
20699	98	2	1	6298
20699	103	1	1	1658
20699	105	1	1	1422
20699	111	2	2	6298
20699	116	1	1	1422
20699	118	1	0	1422
20699	119	2	0	3316
20699	123	1	1	4876
20699	127	1	0	1422
20699	128	1	0	1658
20699	131	1	0	1422
20699	135	1	1	4876
20699	138	1	1	1422
20699	140	1	1	1658
20699	142	1	1	1422
20699	145	1	0	1422
20699	146	1	1	1422
20699	147	1	1	4876
20699	148	1	1	1658
20699	151	1	0	1422
20699	155	1	1	1658
20699	158	3	1	3146
20699	159	1	1	4876
20699	160	2	0	2844
20699	161	1	0	1422
20699	162	2	0	2844
20699	163	1	1	1658
20699	164	2	0	2844
20699	165	2	0	2844
20699	167	1	0	1422
20699	168	3	0	4266
20699	170	1	0	1422
20699	171	2	1	6298
20699	173	1	0	1658
20699	174	1	1	1422
20699	177	1	0	1658
20699	183	1	1	4876
20699	189	2	1	3080
20699	190	1	0	1422
20699	195	1	1	4876
20699	198	1	1	1658
20699	207	1	1	4876
20699	211	1	0	1422
20699	214	1	0	1658
20699	219	1	1	4876
20699	223	1	1	1422
20699	227	2	1	6298
20699	228	2	2	6298
20699	231	3	1	7720
20699	233	91	2	150878
20699	238	1	1	1658
20699	241	4	2	2627096
20699	243	1	1	4876
20699	246	1	1	1658
20699	252	3	0	4502
20699	255	2	1	6298
20699	262	1	1	1422
20699	265	1	1	1422
20699	266	1	0	1658
20699	267	1	1	4876
20699	269	3	0	4266
20699	272	1	0	1422
20699	278	1	1	1422
20699	279	2	1	6298
20699	285	1	0	1422
20700	3	1	1	4876
20700	4	1	0	1422
20700	14	1	1	1658
20700	15	1	1	4876
20700	18	1	0	1422
20700	19	1	0	1422
20700	22	2	1	1724
20700	27	1	1	4876
20700	34	3	1	496962
20700	36	1	1	1658
20700	38	1	0	1422
20700	39	1	1	4876
20700	46	1	0	1422
20700	51	1	1	4876
20700	55	1	1	1658
20700	57	1	0	1422
20700	59	1	1	1658
20700	63	1	1	4876
20700	75	1	1	4876
20700	76	1	0	1422
20700	87	2	2	6534
20700	95	1	0	1422
20700	98	1	1	1658
20700	99	1	1	4876
20700	104	1	0	1658
20700	111	1	1	4876
20700	115	2	1	3080
20700	116	1	1	1658
20700	120	1	0	1658
20700	123	1	1	4876
20700	134	1	0	1422
20700	135	1	1	4876
20700	142	1	1	1658
20700	150	1	1	1658
20700	154	1	0	1422
20700	159	1	1	4876
20700	163	1	1	1658
20700	164	1	0	1422
20700	170	2	1	6298
20700	174	1	1	1658
20700	176	1	0	4876
20700	177	2	1	1724
20700	178	1	1	1658
20700	179	4	2	9850
20700	181	4	0	6632
20700	183	1	1	4876
20700	190	1	0	1422
20700	191	1	1	1658
20700	195	1	1	4876
20700	201	1	1	1658
20700	206	1	1	4876
20700	210	1	0	1422
20700	218	1	1	4876
20700	223	1	0	1422
20700	224	1	1	1658
20700	227	1	0	1422
20700	230	1	1	4876
20700	240	2	2	3316
20700	242	1	1	4876
20700	249	1	1	1658
20700	252	11	3	16580
20700	254	1	1	4876
20700	258	2	0	3316
20700	266	1	1	4876
20700	276	2	0	3316
20700	278	1	1	4876
20700	279	1	0	4876
20700	281	1	1	4876
20701	2	1	1	4876
20701	14	1	1	4876
20701	17	1	1	1658
20701	26	1	1	4876
20701	37	1	1	1658
20701	38	1	1	4876
20701	39	2	1	3316
20701	47	1	1	1422
20701	48	1	0	1422
20701	50	1	1	4876
20701	57	1	0	1658
20701	62	1	1	4876
20701	74	1	1	4876
20701	81	1	1	1658
20701	86	1	1	4876
20701	91	1	1	1658
20701	98	1	1	4876
20701	100	1	1	1658
20701	101	2	1	2844
20701	110	1	1	4876
20701	111	1	0	4876
20701	116	2	2	4876
20701	122	1	1	4876
20701	124	1	1	1658
20701	131	2	1	3316
20701	134	1	1	4876
20701	135	1	0	1422
20701	136	1	0	1422
20701	139	1	1	1658
20701	144	1	1	1658
20701	146	1	1	4876
20701	147	1	1	1658
20701	149	1	1	1658
20701	154	1	1	1658
20701	155	1	0	1422
20701	158	1	1	4876
20701	170	14	2	68264
20701	174	1	1	1658
20701	175	1	0	1422
20701	181	1	0	1658
20701	182	1	1	4876
20701	194	2	2	6534
20701	195	1	0	1422
20701	204	1	1	1658
20701	207	1	1	4876
20701	208	1	1	1658
20701	215	1	0	1422
20701	218	1	1	4876
20701	230	1	1	4876
20701	236	1	0	1422
20701	242	4	3	2427624
20701	243	1	1	4876
20701	245	1	1	1658
20701	251	1	1	1658
20701	254	1	1	4876
20701	255	2	2	0
20701	256	1	0	1422
20701	260	1	0	1658
20701	264	2	1	1724
20701	265	1	0	1422
20701	266	1	1	4876
20701	267	1	0	4876
20701	273	1	1	1658
20701	274	1	1	4876
20701	275	5	0	2429693
20701	276	1	0	1422
20701	278	1	1	4876
20701	283	1	1	1658
20701	285	1	0	1422
20702	0	1	0	1658
20702	2	1	1	4876
20702	9	1	0	1422
20702	10	2	1	1724
20702	15	1	1	4876
20702	21	1	1	1658
20702	26	1	1	4876
20702	29	1	0	1422
20702	30	1	1	1658
20702	38	1	1	4876
20702	45	1	1	1658
20702	47	1	1	1658
20702	49	1	0	1422
20702	50	1	1	4876
20702	62	1	1	4876
20702	64	3	1	4974
20702	65	18	4	25596
20702	68	1	0	1422
20702	75	1	1	4876
20702	87	1	1	4876
20702	88	1	0	1422
20702	91	1	0	1422
20702	93	1	0	1422
20702	95	87	8	2324463
20702	99	1	1	4876
20702	100	1	1	1658
20702	101	63	0	129024
20702	107	1	0	1422
20702	109	3	2	4502
20702	111	1	1	4876
20702	113	1	1	1658
20702	114	1	0	1658
20702	118	1	0	1422
20702	123	1	1	4876
20702	127	1	0	1422
20702	135	1	1	4876
20702	147	2	1	6298
20702	148	2	1	3080
20702	157	1	1	1658
20702	159	1	1	4876
20702	160	1	1	4876
20702	166	1	1	1658
20702	167	1	0	1422
20702	171	1	1	4876
20702	172	1	1	1658
20702	177	1	0	1422
20702	181	1	0	1658
20702	183	1	1	4876
20702	186	1	0	1422
20702	187	2	1	3316
20702	189	1	0	1658
20702	195	1	1	4876
20702	197	1	0	1422
20702	199	1	0	1422
20702	200	30	2	989896
20702	206	1	0	1422
20702	207	1	1	4876
20702	208	1	1	1658
20702	218	1	1	1658
20702	219	1	1	4876
20702	226	2	1	3080
20702	231	1	1	4876
20702	237	1	1	1658
20702	242	1	1	4876
20702	247	1	0	1422
20702	255	1	1	4876
20702	258	1	1	1658
20702	260	2	1	2844
20702	267	1	1	4876
20702	268	1	1	1658
20702	272	1	0	1422
20702	277	1	0	4876
20702	278	1	1	4876
20702	279	1	1	4876
20702	285	27	1	38394
20703	2	2	1	1724
20703	3	1	1	4876
20703	5	1	0	1422
20703	6	1	1	1658
20703	7	1	0	1422
20703	9	1	0	1658
20703	13	1	1	1658
20703	15	1	1	4876
20703	27	2	1	6298
20703	30	2	0	2844
20703	31	1	1	1658
20703	38	1	1	4876
20703	43	1	1	1658
20703	50	2	0	2844
20703	51	1	1	4876
20703	58	13	1	63388
20703	63	1	1	4876
20703	69	1	0	1422
20703	75	2	2	6534
20703	87	2	2	6534
20703	89	1	0	1422
20703	93	2	1	6534
20703	99	1	1	4876
20703	103	1	1	1658
20703	108	1	0	1422
20703	111	2	1	6534
20703	113	1	0	1422
20703	115	1	0	1658
20703	119	6	1	9948
20703	121	1	1	4876
20703	122	2	2	6534
20703	126	16	15	26528
20703	127	1	0	1658
20703	131	1	1	4876
20703	132	4	0	2428035
20703	135	1	1	4876
20703	138	2	2	3316
20703	141	1	1	1658
20703	147	1	1	4876
20703	148	4	0	5688
20703	158	1	1	4876
20703	162	2	2	3316
20703	167	1	0	1422
20703	168	1	1	1658
20703	169	1	1	1658
20703	170	2	2	6534
20703	175	1	1	1658
20703	183	1	1	4876
20703	191	1	0	1422
20703	194	1	1	4876
20703	198	1	0	1422
20703	202	1	1	1658
20703	206	1	1	1658
20703	207	1	1	4876
20703	211	1	0	1422
20703	216	1	1	1658
20703	219	1	1	4876
20703	231	2	1	6298
20703	237	1	1	4876
20703	241	1	1	1658
20703	243	5	3	2631972
20703	250	1	0	1422
20703	255	1	1	4876
20703	257	1	1	1658
20703	259	3	0	2960
20703	260	1	0	0
20703	262	34	4	1191921
20703	263	149	10	3312412
20703	264	1	1	1658
20703	267	2	2	6534
20703	270	1	0	1422
20703	275	3	1	1724
20703	278	1	1	4876
20703	283	2	0	1838
20703	284	28	2	40052
20704	2	1	0	1422
20704	3	1	1	4876
20704	6	2	0	1837
20704	7	3	0	3259
20704	8	2	0	1838
20704	9	4	0	3674
20704	10	2	0	1837
20704	13	2	0	1837
20704	15	3	1	6714
20704	16	72	6	1097045
20704	23	3	1	3146
20704	26	1	0	1422
20704	27	1	1	4876
20704	30	1	0	1422
20704	36	2	2	9752
20704	39	1	1	4876
20704	43	1	0	1422
20704	50	2	2	3316
20704	51	1	1	4876
20704	53	1	0	1422
20704	56	1	0	1658
20704	61	1	0	4876
20704	63	2	2	6534
20704	65	1	0	1422
20704	75	1	1	4876
20704	76	1	0	1422
20704	80	1	0	4876
20704	84	1	0	1422
20704	87	1	1	4876
20704	96	37	7	61346
20704	97	34	4	1117381
20704	99	1	1	4876
20704	102	1	1	1658
20704	104	1	0	1422
20704	106	1	0	1422
20704	110	1	0	1658
20704	111	3	3	8192
20704	112	1	1	1658
20704	118	37	7	61346
20704	122	1	1	1658
20704	123	1	1	4876
20704	124	3	1	4502
20704	128	1	0	1658
20704	135	1	1	4876
20704	141	35	5	1193579
20704	142	1	0	1658
20704	145	1	0	1422
20704	147	1	1	4876
20704	159	1	1	4876
20704	162	1	0	1422
20704	164	3	2	4502
20704	165	1	0	1422
20704	166	1	1	1658
20704	171	1	1	4876
20704	173	91	2	150878
20704	179	1	1	1658
20704	183	1	1	4876
20704	185	1	0	1422
20704	189	1	1	1422
20704	195	1	1	4876
20704	205	1	0	1422
20704	207	1	1	4876
20704	218	1	1	1658
20704	219	1	1	4876
20704	220	1	1	1422
20704	225	1	0	1422
20704	228	1	1	1658
20704	231	1	1	4876
20704	240	1	0	470118
20704	243	1	1	4876
20704	244	1	0	1422
20704	253	1	1	1658
20704	255	1	1	4876
20704	261	1	0	1422
20704	265	1	0	1422
20704	267	1	1	4876
20704	270	1	0	1658
20704	279	1	1	4876
20704	281	1	0	1658
20704	284	1	1	1658
20704	286	1	0	1422
20705	0	1	1	1658
20705	1	1	1	1658
20705	3	1	1	4876
20705	12	1	1	1658
20705	13	1	1	1658
20705	15	1	1	4876
20705	17	1	0	1422
20705	19	3	1	14628
20705	27	1	1	4876
20705	28	1	1	1658
20705	32	1	0	1422
20705	33	7	1	524831
20705	34	2	1	3316
20705	39	2	1	6298
20705	51	1	1	4876
20705	58	2	0	2844
20705	59	1	0	1422
20705	63	1	1	4876
20705	67	1	1	1658
20705	69	1	1	1658
20705	71	1	1	1658
20705	75	1	1	4876
20705	78	3	1	4502
20705	80	1	1	1658
20705	86	1	1	1658
20705	87	1	1	4876
20705	88	1	0	1422
20705	96	1	0	4876
20705	98	1	0	1422
20705	99	2	1	6298
20705	101	1	0	1422
20705	106	2	0	3080
20705	108	1	0	1658
20705	111	1	1	4876
20705	112	7	5	32514
20705	113	1	0	1837
20705	115	1	1	1422
20705	122	1	0	1422
20705	123	1	1	4876
20705	130	1	1	1658
20705	135	1	1	4876
20705	140	1	1	1658
20705	143	1	0	1422
20705	145	1	1	1658
20705	147	4	2	9850
20705	151	1	1	1658
20705	155	1	1	1658
20705	159	1	1	4876
20705	163	1	0	1422
20705	167	91	2	150878
20705	171	1	1	4876
20705	180	2	2	6534
20705	183	1	1	4876
20705	184	1	0	1422
20705	187	2	2	3316
20705	190	26	2	43108
20705	194	1	1	4876
20705	195	1	1	1658
20705	196	1	0	1422
20705	202	1	1	1658
20705	204	1	0	1422
20705	205	3	1	14628
20705	206	1	1	1658
20705	207	1	1	4876
20705	214	1	1	1658
20705	219	1	1	4876
20705	220	1	0	1658
20705	224	1	0	1422
20705	225	1	0	1422
20705	230	1	1	4876
20705	236	3	2	2425966
20705	243	1	1	4876
20705	245	1	0	1422
20705	252	1	1	1658
20705	254	1	1	4876
20705	265	1	1	1658
20705	266	1	0	1422
20705	267	2	2	6534
20705	274	4	4	3316
20705	279	1	1	4876
20705	285	1	1	1658
20705	286	1	0	1422
20706	0	1	1	4876
20706	3	1	1	4876
20706	6	2	1	3080
20706	15	1	1	4876
20706	26	2	1	3080
20706	27	1	1	4876
20706	33	1	0	1658
20706	36	2	1	1724
20706	39	1	1	4876
20706	42	1	1	1658
20706	43	1	1	1658
20706	47	1	0	1422
20706	51	1	1	4876
20706	53	1	1	1658
20706	62	1	1	4876
20706	64	1	1	1658
20706	66	1	0	1422
20706	69	1	1	1658
20706	74	1	0	1422
20706	75	1	1	4876
20706	81	1	1	1658
20706	86	1	0	1422
20706	87	1	1	4876
20706	99	1	1	4876
20706	107	1	0	1422
20706	111	1	1	4876
20706	112	1	0	4876
20706	113	3	0	1838
20706	117	1	0	1658
20706	120	33	2	1063880
20706	123	53	3	605310
20706	124	1	1	1658
20706	125	1	1	1422
20706	126	1	0	1422
20706	131	1	0	1422
20706	132	2	2	2844
20706	134	91	2	150878
20706	135	2	2	6534
20706	141	1	1	1658
20706	145	1	1	1658
20706	147	2	1	6298
20706	150	1	0	1658
20706	152	1	0	1658
20706	159	1	1	4876
20706	168	2	1	3080
20706	171	1	1	4876
20706	177	2	0	1838
20706	183	2	1	6298
20706	185	1	0	1422
20706	187	1	0	1422
20706	188	1	1	4876
20706	192	31	3	584112
20706	194	1	1	1658
20706	195	1	1	4876
20706	197	1	1	1658
20706	207	1	1	4876
20706	208	1	0	1422
20706	212	1	1	1658
20706	213	2	0	9752
20706	219	1	1	4876
20706	221	1	0	1658
20706	229	1	0	1422
20706	231	1	1	4876
20706	238	1	1	4876
20706	243	1	1	4876
20706	249	1	0	1422
20706	255	1	1	4876
20706	256	2	0	3316
20706	267	1	1	4876
20706	270	1	0	1422
20706	275	1	0	1422
20706	277	1	1	1658
20706	279	1	1	4876
20706	285	1	1	1658
20706	287	1	0	1422
20707	3	2	1	6298
20707	15	1	1	4876
20707	16	1	1	1658
20707	19	2	0	3316
20707	24	1	0	1422
20707	27	1	1	4876
20707	32	3	0	4266
20707	39	1	1	4876
20707	40	1	1	1658
20707	41	2	1	1724
20707	44	1	0	1422
20707	48	1	0	1422
20707	51	1	1	4876
20707	53	1	0	1422
20707	63	1	1	4876
20707	64	5	1	252060
20707	70	1	1	1422
20707	73	1	0	1422
20707	74	1	1	1658
20707	75	1	1	4876
20707	83	1	0	1658
20707	87	1	1	4876
20707	89	1	0	4876
20707	93	1	0	1422
20707	94	1	1	4876
20707	96	1	1	1658
20707	97	1	1	4876
20707	99	1	1	4876
20707	107	1	1	1658
20707	111	1	1	4876
20707	113	1	0	1422
20707	118	1	0	1658
20707	121	1	1	1658
20707	123	1	1	4876
20707	133	1	1	1658
20707	134	1	0	1422
20707	135	1	1	4876
20707	141	1	1	1658
20707	142	1	0	1658
20707	147	1	1	4876
20707	149	2	0	3316
20707	154	1	1	1658
20707	155	1	0	1422
20707	156	1	1	1658
20707	157	1	0	1658
20707	159	2	1	6298
20707	160	1	1	1658
20707	163	91	2	150878
20707	167	2	2	3316
20707	170	2	0	9752
20707	171	1	1	4876
20707	175	1	0	1422
20707	179	1	1	1658
20707	183	1	1	4876
20707	187	1	1	1658
20707	189	2	0	3316
20707	195	2	1	6298
20707	199	2	1	3316
20707	204	1	1	1658
20707	206	1	1	1658
20707	207	1	1	4876
20707	216	2	1	3080
20707	219	2	2	6534
20707	226	1	1	1658
20707	227	1	1	1658
20707	231	1	1	4876
20707	234	1	0	1422
20707	238	1	1	1658
20707	243	1	1	4876
20707	244	91	2	150878
20707	254	1	1	4876
20707	257	1	0	1422
20707	258	19	6	2648426
20707	266	1	1	4876
20707	267	3	1	4974
20707	273	31	2	584113
20707	278	2	1	6298
20707	285	2	2	3316
20708	3	1	1	4876
20708	11	1	0	1422
20708	15	3	2	8192
20708	24	1	0	4876
20708	27	1	1	4876
20708	32	4	1	522300
20708	33	1	0	1422
20708	39	2	1	6534
20708	40	2	1	1724
20708	51	1	1	4876
20708	53	1	0	1422
20708	54	1	0	1422
20708	62	1	1	4876
20708	74	2	1	6298
20708	76	1	1	1658
20708	77	1	1	1658
20708	86	1	1	4876
20708	90	1	1	1658
20708	93	1	0	1422
20708	99	1	1	4876
20708	104	1	0	1422
20708	106	1	1	1658
20708	110	1	1	4876
20708	123	1	1	4876
20708	124	1	0	1422
20708	132	2	2	3316
20708	135	1	1	4876
20708	144	1	1	1658
20708	145	1	0	1422
20708	147	3	1	8192
20708	150	1	0	1422
20708	159	1	1	4876
20708	161	2	1	1724
20708	166	1	0	1422
20708	169	1	1	1658
20708	171	1	1	4876
20708	182	1	1	4876
20708	183	2	1	6534
20708	186	2	1	3080
20708	188	1	0	1422
20708	194	1	1	4876
20708	195	1	1	1658
20708	197	16	1	22752
20708	200	19	4	27018
20708	207	2	1	6298
20708	218	1	1	4876
20708	223	2	0	3316
20708	227	2	1	3316
20708	228	1	0	1422
20708	231	1	1	4876
20708	235	36	1	59688
20708	236	1	1	1658
20708	242	1	0	1658
20708	243	1	1	4876
20708	244	1	1	1658
20708	245	1	0	1422
20708	249	1	0	1422
20708	255	1	1	4876
20708	267	1	1	4876
20708	270	1	0	1422
20708	275	1	1	1658
20708	279	1	1	4876
20708	285	1	0	4876
20709	0	1	1	1658
20709	2	1	1	4876
20709	3	1	0	1422
20709	9	1	0	1422
20709	11	1	1	1658
20709	14	2	2	3080
20709	15	1	1	4876
20709	24	1	0	1422
20709	27	1	1	4876
20709	29	2	1	3316
20709	35	1	1	1658
20709	39	1	1	4876
20709	40	1	1	1658
20709	46	1	0	1422
20709	48	1	0	1658
20709	51	1	1	4876
20709	54	1	0	1422
20709	56	1	1	1658
20709	59	1	0	1658
20709	61	1	1	4876
20709	63	1	1	4876
20709	67	1	0	1422
20709	73	1	1	1658
20709	75	1	1	4876
20709	84	1	0	1422
20709	85	1	0	1422
20709	87	1	1	4876
20709	92	1	1	1658
20709	95	1	0	1658
20709	99	1	1	4876
20709	103	1	1	1658
20709	105	1	0	1422
20709	111	1	1	4876
20709	123	1	1	4876
20709	125	3	2	4266
20709	131	4	2	3448
20709	134	1	0	1658
20709	135	1	1	4876
20709	144	2	2	3316
20709	146	1	0	1422
20709	147	1	1	4876
20709	149	2	1	3080
20709	159	2	2	6534
20709	162	1	1	0
20709	165	3	1	520878
20709	166	32	3	65139
20709	167	1	0	1422
20709	170	1	1	4876
20709	181	1	0	1658
20709	183	1	1	4876
20709	188	1	0	1422
20709	191	2	2	3316
20709	192	1	0	1422
20709	195	92	3	155754
20709	202	1	1	1658
20709	204	2	1	6534
20709	207	1	1	4876
20709	208	1	0	1422
20709	211	1	1	1658
20709	212	6	0	8532
20709	216	6	0	8532
20709	219	1	1	4876
20709	220	1	0	4876
20709	225	1	1	1658
20709	229	2	0	3080
20709	230	1	0	1422
20709	231	1	1	4876
20709	242	1	1	4876
20709	243	1	1	4876
20709	246	1	0	1422
20709	249	1	1	4876
20709	250	5	3	2429046
20709	255	1	1	4876
20709	256	1	0	1422
20709	258	1	0	1422
20709	261	1	1	1658
20709	267	1	1	4876
20709	268	1	0	1422
20709	276	1	1	1658
20709	278	1	0	1422
20709	279	1	1	4876
20709	280	1	0	1422
20710	0	1	0	1658
20710	3	1	1	4876
20710	6	185	1	1410517
20710	10	101	2	143622
20710	12	1	0	1422
20710	14	1	1	4876
20710	16	1	1	1658
20710	18	1	0	4876
20710	27	1	1	4876
20710	32	1	1	1658
20710	33	2	1	3080
20710	39	1	1	4876
20710	41	2	1	1724
20710	50	1	1	4876
20710	53	1	0	1422
20710	54	1	0	1422
20710	58	3	1	4974
20710	63	1	1	4876
20710	66	1	1	0
20710	74	2	1	6298
20710	78	1	1	1658
20710	83	2	2	4876
20710	87	1	1	4876
20710	93	1	1	1658
20710	95	1	0	1422
20710	99	1	1	4876
20710	110	4	2	4568
20710	111	85	4	2143430
20710	115	3	1	3146
20710	116	1	0	1422
20710	119	1	1	1658
20710	123	1	1	4876
20710	135	1	1	4876
20710	136	3	0	4682
20710	139	1	1	1658
20710	147	1	1	4876
20710	149	1	1	1658
20710	150	1	0	1422
20710	157	1	0	1422
20710	159	1	1	4876
20710	164	20	2	97520
20710	167	1	0	1658
20710	171	1	1	4876
20710	174	3	1	496962
20710	175	1	1	4876
20710	178	1	0	1422
20710	183	1	1	4876
20710	185	1	1	1658
20710	192	1	1	1658
20710	195	1	1	4876
20710	199	1	0	1422
20710	204	1	1	1658
20710	207	1	1	4876
20710	210	30	2	545116
20710	219	1	1	4876
20710	221	1	0	1422
20710	231	1	1	4876
20710	242	2	1	3080
20710	243	1	1	4876
20710	245	1	0	1422
20710	248	27	2	523501
20710	253	2	2	3316
20710	255	1	1	4876
20710	261	91	2	150878
20710	264	1	0	1422
20710	265	1	1	1658
20710	267	1	1	4876
20710	270	2	2	3316
20710	279	1	1	4876
20710	286	2	0	2844
20711	3	1	1	4876
20711	5	1	1	1658
20711	15	1	1	4876
20711	17	2	0	3080
20711	21	1	0	4876
20711	24	1	1	1658
20711	27	1	1	4876
20711	39	2	1	6298
20711	42	1	1	1658
20711	48	1	0	1658
20711	51	1	1	4876
20711	54	1	0	1422
20711	60	1	0	1422
20711	63	2	1	6298
20711	66	2	1	3080
20711	75	1	1	4876
20711	78	1	1	4876
20711	80	1	0	1422
20711	87	1	1	4876
20711	88	1	0	1422
20711	95	1	1	1658
20711	99	50	5	1255337
20711	100	1	0	1422
20711	106	1	1	1658
20711	110	38	4	66222
20711	121	1	0	1422
20711	122	1	1	4876
20711	135	1	1	4876
20711	139	2	0	9752
20711	142	34	4	1068062
20711	143	1	0	1422
20711	147	1	1	4876
20711	149	2	1	3080
20711	157	1	1	1658
20711	159	2	2	6534
20711	163	1	0	1422
20711	166	1	0	1658
20711	171	1	1	4876
20711	178	3	3	4974
20711	183	1	1	4876
20711	184	1	0	1422
20711	186	1	0	4876
20711	192	19	4	27018
20711	195	2	2	6534
20711	198	1	0	1422
20711	203	1	1	1658
20711	207	1	1	4876
20711	212	1	1	1658
20711	219	2	1	6298
20711	220	1	0	1422
20711	224	1	1	1658
20711	231	1	1	4876
20711	238	1	1	1658
20711	239	4	2	2627096
20711	241	1	0	1422
20711	242	1	1	4876
20711	246	1	0	1422
20711	251	1	1	1658
20711	253	1	1	1658
20711	255	1	1	4876
20711	262	1	0	1422
20711	263	1	1	1658
20711	266	2	1	3316
20711	267	1	1	4876
20711	270	3	1	4974
20711	279	1	1	4876
20711	284	1	0	1422
20712	3	1	1	4876
20712	10	2	1	3316
20712	15	1	1	4876
20712	20	4	0	6396
20712	26	1	1	4876
20712	31	2	1	1724
20712	32	1	1	1658
20712	33	1	1	1658
20712	39	1	1	4876
20712	42	1	0	1422
20712	45	1	1	1658
20712	46	1	1	1658
20712	51	1	1	4876
20712	53	1	0	1422
20712	58	1	0	1422
20712	60	1	1	1658
20712	62	1	0	1422
20712	63	1	1	4876
20712	75	1	1	4876
20712	85	1	0	1422
20712	87	1	1	4876
20712	88	1	1	1658
20712	99	1	1	4876
20712	105	1	0	1422
20712	107	2	0	6298
20712	109	1	1	1658
20712	111	1	1	4876
20712	120	1	1	1658
20712	122	3	1	4974
20712	123	1	1	4876
20712	126	1	0	1422
20712	132	3	1	4974
20712	133	2	1	3316
20712	134	1	1	4876
20712	135	1	0	1422
20712	147	2	1	6298
20712	150	1	0	1422
20712	157	49	2	81242
20712	158	1	1	1658
20712	159	2	1	6298
20712	161	1	1	1658
20712	168	1	0	1422
20712	169	1	1	1658
20712	170	49	2	81242
20712	171	1	1	4876
20712	174	1	1	1658
20712	176	1	1	1658
20712	182	1	1	4876
20712	189	1	0	1422
20712	195	1	1	4876
20712	196	1	0	1658
20712	197	1	1	1658
20712	207	1	1	4876
20712	211	1	0	1422
20712	213	35	3	1092102
20712	214	50	2	82664
20712	215	1	1	1658
20712	219	1	1	4876
20712	224	1	1	1658
20712	231	1	1	4876
20712	232	1	0	1422
20712	233	1	1	1658
20712	242	1	0	1422
20712	243	4	1	9850
20712	245	1	0	1422
20712	248	20	1	23110
20712	249	37	3	598400
20712	250	2	0	1838
20712	253	4	1	5688
20712	254	1	0	1422
20712	255	1	1	4876
20712	265	1	1	1658
20712	266	1	0	1422
20712	267	2	2	9752
20712	268	3	1	4974
20712	270	1	1	1658
20712	274	1	1	4876
20712	276	1	0	1422
20712	279	2	2	6534
20712	280	1	1	1658
20712	285	1	0	1422
20713	3	1	1	4876
20713	11	1	0	1422
20713	15	1	1	4876
20713	16	185	1	1370829
20713	27	1	1	4876
20713	35	1	0	1422
20713	38	1	0	1422
20713	39	1	1	4876
20713	51	1	1	4876
20713	54	1	0	1422
20713	56	1	0	1422
20713	63	1	1	4876
20713	65	1	0	4876
20713	67	1	1	1658
20713	69	20	2	33160
20713	73	1	0	1422
20713	74	1	0	1422
20713	75	1	1	4876
20713	77	1	0	1422
20713	82	1	1	1658
20713	84	91	2	150878
20713	87	1	1	4876
20713	99	2	1	6298
20713	106	1	1	1658
20713	107	1	1	1658
20713	111	1	1	4876
20713	112	34	3	587764
20713	116	121	4	693880
20713	120	1	0	1422
20713	123	1	1	4876
20713	127	1	1	1658
20713	128	1	0	1658
20713	135	1	1	4876
20713	141	1	1	1658
20713	143	1	0	1422
20713	147	1	1	4876
20713	149	1	0	1422
20713	159	1	1	4876
20713	160	1	0	1422
20713	168	1	0	1422
20713	170	1	0	1422
20713	171	1	1	4876
20713	173	1	1	1658
20713	174	32	2	53056
20713	182	1	1	1658
20713	183	3	1	7956
20713	188	1	1	1658
20713	191	1	1	1658
20713	194	1	1	1658
20713	195	1	1	4876
20713	205	1	0	1422
20713	207	1	1	4876
20713	219	1	1	4876
20713	227	1	0	1422
20713	231	1	1	4876
20713	232	1	1	1658
20713	237	30	2	582691
20713	238	6	2	2630412
20713	241	3	3	8192
20713	243	3	2	6600
20713	247	1	0	1422
20713	249	1	0	1422
20713	255	1	1	4876
20713	267	1	1	4876
20713	269	1	0	1658
20713	272	1	0	1422
20713	273	1	0	1422
20713	279	1	1	4876
20714	3	2	2	6534
20714	4	1	1	4876
20714	5	1	0	4876
20714	6	2	1	1724
20714	8	1	0	1422
20714	15	1	1	4876
20714	22	1	1	1658
20714	27	1	1	4876
20714	31	1	0	1422
20714	35	1	1	4876
20714	39	1	1	4876
20714	48	1	0	1422
20714	51	1	1	4876
20714	54	1	0	1422
20714	61	1	1	4876
20714	62	1	1	4876
20714	63	1	0	1658
20714	70	1	0	1422
20714	72	1	0	1422
20714	75	2	2	9752
20714	80	1	1	1658
20714	81	1	1	1658
20714	84	1	0	1658
20714	86	1	1	4876
20714	89	1	1	4876
20714	92	1	0	1422
20714	95	1	1	1658
20714	99	1	1	4876
20714	109	1	1	1658
20714	111	1	1	4876
20714	113	1	0	1422
20714	117	1	0	1658
20714	123	1	1	4876
20714	130	1	0	1658
20714	135	1	1	4876
20714	136	1	0	1422
20714	138	1	1	1658
20714	145	1	1	1658
20714	147	1	1	4876
20714	148	1	1	1658
20714	151	1	0	1422
20714	157	1	0	1422
20714	159	1	1	4876
20714	171	1	1	4876
20714	172	1	0	1422
20714	173	1	1	1658
20714	178	1	0	1422
20714	183	1	1	4876
20714	186	1	1	1658
20714	190	1	1	1658
20714	195	1	1	4876
20714	198	2	0	3316
20714	201	2	1	3080
20714	207	1	1	4876
20714	214	1	1	1658
20714	215	2	1	1724
20714	219	1	1	4876
20714	223	2	0	2844
20714	225	11	0	18238
20714	231	1	1	4876
20714	240	1	1	1658
20714	243	1	1	4876
20714	245	1	0	1422
20714	247	1	0	1422
20714	250	1	1	1658
20714	253	1	0	1422
20714	255	1	1	4876
20714	267	1	1	4876
20714	271	3	0	4974
20714	275	1	0	1422
20714	279	1	1	4876
20715	0	1	0	1658
20715	3	2	1	6298
20715	11	1	0	1422
20715	13	1	1	1658
20715	15	1	1	4876
20715	21	1	0	1422
20715	23	2	1	3080
20715	27	1	1	4876
20715	32	1	0	1422
20715	39	1	1	4876
20715	42	1	1	1658
20715	51	1	1	4876
20715	54	2	1	3080
20715	55	1	0	1422
20715	57	1	1	1658
20715	63	1	1	4876
20715	68	1	0	1658
20715	71	85	8	2075487
20715	75	1	1	4876
20715	76	1	0	1422
20715	87	1	1	4876
20715	97	2	1	3080
20715	99	1	1	4876
20715	102	65	2	107770
20715	110	1	1	1658
20715	111	1	1	4876
20715	112	21	6	31894
20715	119	1	0	1422
20715	123	1	1	4876
20715	135	1	1	4876
20715	138	1	0	1422
20715	147	1	1	4876
20715	154	1	1	1658
20715	157	3	0	4974
20715	159	1	1	4876
20715	160	1	0	1422
20715	161	1	0	1658
20715	162	2	1	3316
20715	165	1	0	1422
20715	171	1	1	4876
20715	182	1	0	1422
20715	183	1	1	4876
20715	194	1	1	1658
20715	195	1	1	4876
20715	204	2	0	2844
20715	205	3	1	52098
20715	206	1	1	1658
20715	207	1	1	4876
20715	211	9	0	50838
20715	215	1	1	1658
20715	217	1	0	1422
20715	218	2	1	6714
20715	222	1	0	1658
20715	227	3	1	3146
20715	231	1	1	4876
20715	239	1	0	4876
20715	241	4	2	2627096
20715	242	2	1	1724
20715	243	1	1	4876
20715	247	1	0	1422
20715	249	1	0	1422
20715	250	1	0	1422
20715	255	2	2	6534
20715	260	1	1	1658
20715	265	2	1	3080
20715	267	1	1	4876
20715	271	1	0	1422
20715	279	1	1	4876
20715	280	1	1	1658
20716	3	1	1	4876
20716	7	1	0	1422
20716	12	2	1	1724
20716	14	1	1	4876
20716	19	2	1	1724
20716	23	1	0	1658
20716	27	1	1	4876
20716	28	33	3	586957
20716	30	1	1	1658
20716	39	1	1	4876
20716	50	1	1	4876
20716	51	1	1	1658
20716	57	1	0	1422
20716	61	4	1	499655
20716	63	1	1	4876
20716	64	1	1	1658
20716	69	1	0	1422
20716	75	1	1	4876
20716	79	1	0	1422
20716	87	1	1	4876
20716	98	66	8	1764961
20716	99	1	1	4876
20716	101	1	1	1658
20716	102	1	0	1422
20716	111	1	1	4876
20716	118	1	1	1658
20716	123	2	1	6298
20716	125	1	1	1422
20716	129	1	1	1658
20716	135	1	1	4876
20716	144	1	0	66
20716	146	2	1	6298
20716	150	1	0	1658
20716	151	1	0	1422
20716	159	2	2	6534
20716	169	1	0	1422
20716	171	1	1	4876
20716	173	1	1	1658
20716	181	1	0	1422
20716	183	4	4	13068
20716	191	2	0	2844
20716	195	1	1	4876
20716	198	2	1	1724
20716	207	1	1	4876
20716	212	1	0	1422
20716	219	1	1	4876
20716	223	1	1	1658
20716	225	1	1	4876
20716	231	1	1	4876
20716	233	1	0	4876
20716	234	1	1	1658
20716	242	1	0	1422
20716	243	1	1	4876
20716	244	1	1	4876
20716	255	33	3	1067335
20716	258	53	2	601856
20716	261	1	0	1422
20716	265	1	0	1422
20716	267	1	1	4876
20716	275	1	1	1658
20716	279	1	1	4876
20716	286	1	1	1658
20716	287	1	0	1422
20717	3	1	1	4876
20717	5	65	2	107770
20717	15	1	1	4876
20717	18	1	1	1658
20717	22	1	0	1422
20717	27	1	1	4876
20717	29	2	1	1724
20717	38	1	1	4876
20717	44	1	0	1422
20717	49	1	1	1658
20717	51	1	1	4876
20717	52	3	1	4974
20717	53	54	0	89532
20717	55	1	0	1422
20717	61	1	1	1658
20717	63	1	1	4876
20717	66	1	0	1422
20717	75	1	1	4876
20717	80	1	0	1658
20717	83	1	1	1658
20717	87	1	1	4876
20717	88	1	0	1422
20717	99	1	1	4876
20717	102	1	1	1658
20717	105	1	1	1422
20717	111	2	2	6534
20717	112	1	0	1422
20717	117	1	1	1658
20717	123	2	2	6534
20717	125	11	3	53636
20717	135	2	1	6298
20717	138	1	1	1658
20717	139	1	1	1658
20717	147	1	1	4876
20717	148	1	1	1658
20717	155	1	0	1422
20717	157	37	5	588793
20717	159	1	1	4876
20717	165	1	0	1422
20717	171	1	1	4876
20717	173	1	1	1658
20717	179	1	0	1422
20717	182	1	0	1658
20717	183	1	1	4876
20717	185	1	1	1658
20717	187	2	1	1724
20717	194	6	0	8532
20717	195	1	1	4876
20717	202	1	0	1422
20717	207	1	1	4876
20717	219	1	1	4876
1	0	0	0	46	0	0	29832749	0	0	29730892	0	/.env.local
1	1	0	0	0	29811385	0	0	29811385	0	0	2048	/localhost.sql
1	3	0	0	1	29812612	0	29797120	29805563	0	29797120	14628	/storage/logs/laravel.log
1	0	0	0	2	0	0	29783952	0	0	29743877	0	/api/v1/config
1	0	0	0	22	0	0	29832509	0	0	29732630	0	/temp/.env
1	0	0	0	1	0	0	29797120	0	0	29797120	0	/api/image?url=http://169.254.169.254/latest/meta-data/iam/security-credentials/
1	1	0	0	0	29760107	0	0	29760107	0	0	1658	/wp-content/plugins/clickdesk-live-support-chat/readme.txt
1	1	0	0	0	29790793	0	0	29790793	0	0	1422	/config/application.yml
1	6	0	0	0	29797120	0	0	29743877	0	0	9712	/config.js
1	1	0	0	0	29822452	0	0	29822452	0	0	1422	/scripts/filemanager/dialog.php
1	1	0	0	0	29820699	0	0	29820699	0	0	1658	/wp-content/wp-setting.php
1	0	0	1	0	0	29822452	0	0	29822452	0	0	/assets/app-assets/data/jquery-file-upload/server/php/
1	2	0	0	0	29793970	0	0	29750838	0	0	3316	/enhancecp
1	1	0	0	0	29822452	0	0	29822452	0	0	1422	/cms/tinymce/filemanager/filemanager/dialog.php
1	1	0	0	0	29740027	0	0	29740027	0	0	1422	/wp-admin/xfun.php
1	1	0	0	1	29735893	0	29769220	29735893	0	29769220	1196	/wordpress
1	0	0	4	0	0	29793396	0	0	29793396	0	0	/webmail/
1	3	0	0	0	29808909	0	0	29733743	0	0	4200	/administrator/components/com_jce
1	1	0	0	0	29811385	0	0	29811385	0	0	2048	/wwwroot.tar.gz
1	0	0	0	1	0	0	29759376	0	0	29759376	0	/wp-content/plugins/owfsmac/mar.php
1	1	0	0	0	29829288	0	0	29829288	0	0	1658	/images/images/images/images/images/cache.php
1	3	0	0	0	29734528	0	0	29734498	0	0	6711	/1337.php
1	0	0	0	1	0	0	29759084	0	0	29759084	0	/bajah.php
1	1	0	0	0	29740027	0	0	29740027	0	0	1422	/wp-admin/admin.php
1	4	0	0	0	29801589	0	0	29734557	0	0	4512	/.env.development.local
1	6	0	0	0	29826802	0	0	29730329	0	0	7408	/assets/assets/book-open-Bi6sJ5u3.js
1	0	0	0	22	0	0	29832509	0	0	29732630	0	/mailer/.env
1	2	0	0	0	29783952	0	0	29750632	0	0	3080	/TotalIncome-7BTVq9wM.js
1	3	0	0	0	29797120	0	0	29743877	0	0	4974	/env.js
1	2	0	0	0	29783952	0	0	29750632	0	0	3080	/EmergencyPrescription-Bi3knV-p.js
1	4	0	0	0	29830386	0	0	29825380	0	0	6632	/postnews.php
1	0	0	0	23	0	0	29832509	0	0	29732630	0	/crm/.env
1	1	0	0	0	29733202	0	0	29733202	0	0	5295	/phpmyadmin/js/vendor/codemirror/addon/hint/show-hint.js?v=5.2.3
1	0	0	0	3	0	0	29797120	0	0	29743877	0	/.openclaw/.env
1	6	0	0	0	29826802	0	0	29730329	0	0	7408	/assets/assets/layers-DwYKTjmE.js
1	1	0	0	0	29822452	0	0	29822452	0	0	1422	/plugins/jquery.filer/php/readme.txt
1	1	0	0	0	29735893	0	0	29735893	0	0	1196	/wp/wp-admin/install.php?step=1&language=en_GB
1	1	0	0	0	29797120	0	0	29797120	0	0	1658	/secrets.env
1	2	0	0	0	29797120	0	0	29783952	0	0	3316	/environment.js
1	0	0	0	2	0	0	29783952	0	0	29743877	0	/.hermes/.env
1	2	0	0	0	29783952	0	0	29743877	0	0	3080	/dist/.vite/manifest.json
1	6	0	0	0	29826802	0	0	29730329	0	0	7408	/assets/assets/upload-10Urw3kY.js
1	3	0	0	0	29734527	0	0	29734497	0	0	6711	/wp-omao.php
1	1	0	0	0	29797120	0	0	29797120	0	0	1658	/fetch?target=http://169.254.169.254/latest/meta-data/
1	0	0	1	0	0	29769219	0	0	29769219	0	0	/site/
1	7	0	0	0	29765013	0	0	29746229	0	0	9954	/wp-json/webmention/1.0
1	7	0	0	0	29814580	0	0	29759003	0	0	11606	/.well-known/traffic-advice
1	21	0	0	0	29832509	0	0	29732630	0	0	32388	/tmp/phpinfo.php
1	0	0	0	18	0	0	29832509	0	0	29732630	0	/svelte/.env
1	3	0	0	0	29812981	0	0	29806433	0	0	14628	/sw.js.map
1	0	0	0	22	0	0	29832509	0	0	29732630	0	/express/.env
1	2	0	0	0	29783952	0	0	29743877	0	0	3316	/nginx_status
1	1	0	0	0	29730286	0	0	29730286	0	0	0	/nonexistent-file-xyz.js
1	2	0	0	0	29806784	0	0	29805524	0	0	3316	/backup/wp-admin/install.php
1	7	0	0	0	29733274	0	0	29733231	0	0	8029	/api/staff/list.php
1	1	0	0	0	29733202	0	0	29733202	0	0	566	/phpmyadmin/js/vendor/jquery/jquery.debounce-1.0.6.js?v=5.2.3
1	0	0	0	1	0	0	29797120	0	0	29797120	0	/_next/.env
1	1	0	0	0	29818934	0	0	29818934	0	0	4876	/index.php/wp-json/batch/v1
1	1	0	0	0	29734557	0	0	29734557	0	0	0	/.claude/.credentials.json
1	0	0	0	23	0	0	29832509	0	0	29732630	0	/project/.env
1	1	0	0	0	29822452	0	0	29822452	0	0	1422	/js/tinymce/kcfinder/upload.php
1	0	0	0	22	0	0	29832509	0	0	29732630	0	/bulk/.env
1	0	0	0	1	0	0	29725757	0	0	29725757	0	/assets/advice-enhancement.js
1	0	0	0	1	0	0	29753002	0	0	29753002	0	/api/clinical/orders-list.php?patient_id=1
1	0	0	1	0	0	29822452	0	0	29822452	0	0	/assets/global/plugins/server/php/
1	11	0	0	0	29826802	0	0	29731138	0	0	2926	/assets/message-circle-qSON-RM2.js
1	1	0	0	0	29790793	0	0	29790793	0	0	1422	/phpinfo/info.php
1	0	0	0	19	0	0	29832508	0	0	29732629	0	/cakephp/.env
1	14	0	0	0	29829153	0	0	29787426	0	0	23212	/wp-includes/js/jquery/jquery.js
1	2	0	0	0	29783952	0	0	29750632	0	0	3080	/AuditLog-BszF6XcX.js
1	11	0	0	0	29826802	0	0	29731138	0	0	3465	/assets/database-Ck9e-_FX.js
1	65	0	0	8	29747282	0	29744428	29735957	0	29739989	69152	/api/frontpage/get.php?key=siteConfig
1	1	0	0	0	29759376	0	0	29759376	0	0	4876	/login.phtml
1	1	0	0	0	29826520	0	0	29826520	0	0	1422	/contact-us
1	1	0	0	0	29740027	0	0	29740027	0	0	1422	/users.php
1	3	0	0	0	29832749	0	0	29797120	0	0	4974	/config/aws.json
1	1	0	0	0	29733202	0	0	29733202	0	0	22900	/phpmyadmin/js/vendor/bootstrap/bootstrap.bundle.min.js?v=5.2.3
1	6	0	0	0	29826802	0	0	29730329	0	0	7408	/assets/assets/LandingPage-Dv8SefYP.js
1	2	0	0	0	29814352	0	0	29814241	0	0	3316	/@fs/proc/self/environ?import&raw
1	6	0	0	0	29826802	0	0	29730329	0	0	7408	/assets/assets/arrow-right-left-DxaL83fz.js
1	0	0	0	1	0	0	29768404	0	0	29768404	0	/api/config.php
1	20	0	0	0	29832509	0	0	29732630	0	0	30730	/smtp/phpinfo.php
1	1	0	0	0	29811385	0	0	29811385	0	0	2048	/app.zip
1	6	0	0	0	29826802	0	0	29730329	0	0	7408	/assets/assets/sparkles-BXWJULex.js
1	345	0	0	3	29833267	0	29800149	29730286	0	29769220	15297234	/assets/index-JEdqxkTH.css
1	7	0	0	1	29732987	0	29769220	29731176	0	29769220	298	/Patients
1	0	0	2	0	0	29778958	0	0	29769220	0	0	/wordpress/
1	1	0	0	0	29797120	0	0	29797120	0	0	1658	/aws.config.json
1	0	0	2	0	0	29778958	0	0	29769221	0	0	/wp/
1	11	0	0	0	29826802	0	0	29731138	0	0	5687	/assets/test-tube-AQ_p65EL.js
1	12	0	0	0	29826802	0	0	29730329	0	0	45564	/assets/Patients-B0bSwJv4.js
1	0	0	0	1	0	0	29759376	0	0	29759376	0	/images/sym.php
1	1	0	0	0	29811451	0	0	29811451	0	0	1658	/.esmtprc 
1	1	0	0	0	29811385	0	0	29811385	0	0	2048	/db.sql.gz
1	0	0	0	1	0	0	29797120	0	0	29797120	0	/home/node/.aws/credentials
1	1	0	0	0	29811385	0	0	29811385	0	0	2048	/dbdump.sql
1	19	0	0	11	29827300	0	29832508	29732629	0	29749713	29072	/.env.preprod
1	1	0	0	0	29824391	0	0	29824391	0	0	1658	/storage/ovh-backups.json
1	1	0	0	0	29822452	0	0	29822452	0	0	1422	/admin/galerie/server/php
1	1	0	0	0	29797120	0	0	29797120	0	0	1658	/fetch?dest=http://169.254.169.254/latest/meta-data/iam/security-credentials/
1	1	0	0	0	29760107	0	0	29760107	0	0	1658	/wp-content/plugins/sourceafrica/readme.txt
1	0	0	0	1	0	0	29759376	0	0	29759376	0	/images/upload.php
1	2	0	0	0	29740724	0	0	29734076	0	0	2536	/wp-content/plugins/updraftplus/js/updraftplus-admin.js
1	2	0	0	0	29783952	0	0	29743877	0	0	3316	/ssl/server.key
1	0	0	0	19	0	0	29832508	0	0	29732630	0	/bin/.env
1	0	0	0	23	0	0	29832509	0	0	29732630	0	/dashboard/.env
1	1	0	0	0	29797120	0	0	29797120	0	0	1658	/twilio/.env.php
1	1	0	0	0	29797120	0	0	29797120	0	0	1658	/fetch?path=http://169.254.169.254/latest/meta-data/
1	0	0	0	22	0	0	29832509	0	0	29732630	0	/mailgun/.env
1	1	0	0	0	29759376	0	0	29759376	0	0	4876	/1.aspx
1	1	0	0	0	29811385	0	0	29811385	0	0	2048	/bak.zip
1	0	0	0	1	0	0	29797120	0	0	29797120	0	/api/webhook?url=http://169.254.169.254/latest/meta-data/iam/security-credentials/
1	0	0	0	19	0	0	29832508	0	0	29732629	0	/zend/.env
1	0	0	0	24	0	0	29832509	0	0	29732630	0	/saas/.env
1	1	0	0	0	29822452	0	0	29822452	0	0	1422	/arquivos/javascript/responsive_filemanager/filemanager/dialog.php
1	1	0	0	0	29740027	0	0	29740027	0	0	1422	/wp-content/1.php
1	2	0	0	0	29761003	0	0	29761003	0	0	2844	/wordpress/wp-login.php
1	0	0	0	4	0	0	29817925	0	0	29817353	0	/.svn/wc.db
1	1	0	0	0	29734557	0	0	29734557	0	0	0	/.netrc
1	6	0	0	0	29826802	0	0	29730329	0	0	7408	/assets/assets/thermometer-CrPE917O.js
1	1	0	0	0	29797120	0	0	29797120	0	0	1658	/.aws/credentials.bak
1	1	0	0	2	29797120	0	29725450	29797120	0	29725449	1658	/@vite/env
1	20	0	0	6	29805947	0	29785429	29745881	0	29770730	28440	/wp-json/wp/v2/users?per_page=100&_fields=slug
1	3	0	0	0	29734527	0	0	29734497	0	0	6711	/xper1.php
1	0	0	0	1	0	0	29797120	0	0	29797120	0	/api/config/
1	0	0	0	1	0	0	29797120	0	0	29797120	0	/config/.env.local
1	0	0	0	1	0	0	29759376	0	0	29759376	0	/images/1.php
1	7	0	0	0	29733274	0	0	29733231	0	0	45319	/api/run-tests.php
1	2	2	6	0	29731069	29808909	0	29731063	29733743	0	886	/administrator/components/com_jce/
1	3	0	0	0	29734527	0	0	29734497	0	0	6711	/wp-sing.php
1	49	0	0	5	29786202	0	29729664	29730590	0	29725182	73145	/wp-includes/sodium_compat/src/Core/AEGIS/logo.php
1	5	0	0	0	29744632	0	0	29744556	0	0	1422	/Appointments
1	17	0	0	13	29742798	0	29729668	29730553	0	29725174	17488	/wp-content/plugins/additional-charge/bind.php
1	8	0	0	0	29826802	0	0	29730329	0	0	42040	/assets/OutstandingBalances-Bl_iWFFm.js
1	1	0	0	0	29811385	0	0	29811385	0	0	2048	/database.sqlite
1	1	0	0	0	29797120	0	0	29797120	0	0	1658	/management/env
1	12	0	0	8	29823221	0	29788818	29732895	0	29727175	49179	/2019/wp-includes/wlwmanifest.xml
1	11	0	0	3	29804520	0	29776868	29732895	0	29727175	44303	/2020/wp-includes/wlwmanifest.xml
1	0	0	0	2	0	0	29814352	0	0	29814241	0	/@fs/proc/self/cwd/.env.production
1	6	0	0	0	29826802	0	0	29730329	0	0	7408	/assets/assets/map-pin-BVGvB4pd.js
1	0	0	0	1	0	0	29759084	0	0	29759084	0	/footer.php
1	0	0	0	1	0	0	29759377	0	0	29759377	0	/images/bypass.php
1	0	0	0	22	0	0	29832509	0	0	29732630	0	/brevo/.env
1	1	0	0	0	29797120	0	0	29797120	0	0	1658	/claude_desktop_config.json
1	7	0	0	6	29735972	0	29729685	29730577	0	29725162	5795	/wp-content/plugins/validar-certificados-de-cursos/admin/partials/retries.php
1	1	0	0	0	29822452	0	0	29822452	0	0	1422	/assets/filemanager/dialog.php
1	1	0	0	0	29749410	0	0	29749410	0	0	1422	/wp-login.php/wp-content/index.php?ping=1
1	2	0	0	0	29797120	0	0	29782721	0	0	3316	/static../etc/passwd
1	1	0	0	0	29733202	0	0	29733202	0	0	9000	/phpmyadmin/favicon.ico
1	2	0	0	0	29783952	0	0	29750632	0	0	3080	/PatientDashboard-Cuwbdual.js
1	6	0	0	0	29826802	0	0	29730329	0	0	7408	/assets/assets/droplets-Dr40MrVb.js
1	7	0	0	0	29826802	0	0	29733938	0	0	2093	/assets/lock-BfuJZcFd.js
1	1	0	0	0	29797120	0	0	29797120	0	0	1658	/.env.openai
1	2	0	0	0	29783952	0	0	29743877	0	0	3316	/private-key
1	6	0	0	0	29826802	0	0	29730329	0	0	7408	/assets/assets/BarChart-Ch6XFCj8.js
1	0	0	0	1	0	0	29759227	0	0	29759227	0	/index1.php
1	6	0	0	0	29826802	0	0	29730329	0	0	7408	/assets/assets/InvestigationPaymentPage-DbUqWJ51.js
1	0	0	0	1	0	0	29759084	0	0	29759084	0	/wp-includes/sodium_compat/
1	116	0	0	0	29818404	0	0	29730327	0	0	18210703	/assets/fonts/BricolageGrotesque.woff2
1	1	0	0	0	29790790	0	0	29790790	0	0	1422	/app.js
1	3	0	0	0	29797120	0	0	29743877	0	0	4738	/.vite/manifest.json
1	0	0	0	2	0	0	29725449	0	0	29725449	0	/___proxy_subdomain_cpanel
1	0	0	1	0	0	29740027	0	0	29740027	0	0	/wp-content/mu-plugins-old/
1	0	0	1	0	0	29812953	0	0	29812953	0	0	/feed/?wpcb93d9a7a7
1	2	0	0	0	29768317	0	0	29761710	0	0	0	/media/jui/js/jquery.min.js
1	0	0	0	17	0	0	29832509	0	0	29732630	0	/actions/.env
1	1	0	0	0	29822452	0	0	29822452	0	0	1422	/editor/filemanager/dialog.php
1	1	1	0	0	29821682	0	0	29821682	0	0	1658	/?rest_route=/wp/v2/users
1	6	0	0	0	29826802	0	0	29730329	0	0	7408	/assets/assets/BedManagement-B6IsYOJd.js
1	4	0	0	0	29820259	0	0	29804226	0	0	6632	/images/images/cache.php
1	0	0	0	1	0	0	29759377	0	0	29759377	0	/images/leaf.php
1	16	0	0	0	29832509	0	0	29732630	0	0	24098	/docs/phpinfo.php
1	0	0	0	2	0	0	29814352	0	0	29814241	0	/@fs/proc/self/cwd/.env?raw
1	0	0	0	1	0	0	29759084	0	0	29759084	0	/199.php
1	2	0	0	0	29822452	0	0	29822452	0	0	2844	/kcfinder/upload.php
1	0	0	0	1	0	0	29749726	0	0	29749726	0	/.git/config?128.90.128.9
1	0	0	0	1	0	0	29728032	0	0	29728032	0	/?34.24.176.120
1	2	0	0	0	29783952	0	0	29743877	0	0	3316	/ngsw.json
1	1	0	0	0	29797120	0	0	29797120	0	0	1658	/fetch?path=http://169.254.169.254/latest/meta-data/iam/info
1	2	0	0	0	29783952	0	0	29743877	0	0	3316	/host.key
1	1	0	0	0	29829289	0	0	29829289	0	0	1658	/wp-content/plugins/plugins/cache.php
1	1	0	0	0	29811385	0	0	29811385	0	0	2048	/backup.rar
1	2	0	0	0	29740724	0	0	29734076	0	0	2536	/wp-content/plugins/updraftplus/css/updraftplus.css
1	1	0	0	0	29797120	0	0	29797120	0	0	1658	/home/ubuntu/.aws/credentials
1	3	0	0	0	29734527	0	0	29734497	0	0	6711	/ccou.php
1	6	0	0	0	29826802	0	0	29730329	0	0	7408	/assets/assets/heart-CnN_F_j3.js
1	1	0	0	0	29824391	0	0	29824391	0	0	1658	/.nuget/nuget.config
1	1	0	0	0	29735893	0	0	29735893	0	0	1196	/wp/wp-admin/setup-config.php?step=1&language=en_GB
1	1	0	0	0	29822452	0	0	29822452	0	0	1422	/admin/responsive_filemanager/filemanager/dialog.php
1	0	0	0	2	0	0	29814352	0	0	29814241	0	/@fs/proc/self/cwd/.env.production?raw
1	1	0	0	0	29749410	0	0	29749410	0	0	1422	/wp-login.php/wp-content/wp-cash.php?ping=1
1	2	0	0	0	29797120	0	0	29787355	0	0	3316	/@fs/proc/self/environ?raw??
1	3	0	0	0	29734528	0	0	29734498	0	0	6711	/law.php
1	1	0	0	0	29760107	0	0	29760107	0	0	1658	/wp-content/plugins/infusionsoft/readme.txt
1	1	0	0	0	29797120	0	0	29797120	0	0	1658	/home/runner/.aws/credentials
1	1	0	0	0	29797120	0	0	29797120	0	0	1658	/debug.log
1	0	0	0	1	0	0	29759377	0	0	29759377	0	/wp-content/uploads/simple-file-list/fw.php
1	2	0	0	0	29814352	0	0	29814241	0	0	3316	/@fs/proc/self/environ?raw
1	1	0	0	0	29740027	0	0	29740027	0	0	1422	/wp-admin/includes/xmrlpc.php
1	0	0	0	17	0	0	29832509	0	0	29732630	0	/cd/.env
1	1	0	0	0	29811385	0	0	29811385	0	0	2048	/drarmankabir.sql
1	3	0	0	0	29734528	0	0	29734498	0	0	6711	/pm.php
1	2	0	0	1	29783952	0	29797120	29743877	0	29797120	3316	/.cursor/mcp.json
1	2	0	0	7	29823221	0	29788818	29732895	0	29725664	5849	/wp-includes/wlwmanifest.xml
1	1	0	0	0	29740027	0	0	29740027	0	0	1422	/wp-admin/includes/v3/backup/2024/data/content/2023/build/fiigx/index.php
1	0	0	0	3	0	0	29751838	0	0	29751738	0	/api/audit/list.php
1	251	0	0	2	29833267	0	29830690	29730289	0	29830656	92226	/assets/pencil-BZAaPpo6.js
1	0	0	0	1	0	0	29797120	0	0	29797120	0	/cloudbuild.yaml
1	1	0	0	0	29733202	0	0	29733202	0	0	3557	/phpmyadmin/js/dist/doclinks.js?v=5.2.3
1	1	0	0	0	29797120	0	0	29797120	0	0	1658	/.github/workflows/build.yml
1	0	0	0	22	0	0	29832509	0	0	29732630	0	/sparkpost/.env
1	1	0	0	0	29822452	0	0	29822452	0	0	1422	/assets/plugins/tinymce/plugins/filemanager/dialog.php
1	8	0	0	0	29808909	0	0	29731063	0	0	10060	/plugins/editors/jce/jce.xml
1	1	0	0	0	29759376	0	0	29759376	0	0	4876	/a.aspx
1	1	0	0	0	29740027	0	0	29740027	0	0	1422	/wp-admin/images/moon.php
1	0	0	1	0	0	29759084	0	0	29759084	0	0	/wp-includes/Text/
1	21	0	0	0	29832509	0	0	29732630	0	0	32388	/_profiler/phpinfo
1	0	0	0	1	0	0	29753145	0	0	29753145	0	/api/notifications/list.php
1	20	0	0	0	29832509	0	0	29732630	0	0	30730	/_environment
1	3	0	0	4	29733274	0	29733261	29733261	0	29733231	339	/api/appointments/update.php
1	0	0	0	1	0	0	29759376	0	0	29759376	0	/alfashell.php
1	0	0	0	17	0	0	29832509	0	0	29732630	0	/terraform/.env
1	1	0	0	0	29829288	0	0	29829288	0	0	1658	/images/images/images/images/images/images/images/cache.php
1	1	0	0	0	29820699	0	0	29820699	0	0	1658	/wp-admin/css/about.php
1	3	0	0	1	29797120	0	29782721	29734557	0	29782721	2854	/.env.production.local
1	0	0	0	28	0	0	29832508	0	0	29732629	0	/storage/.env
1	6	0	0	0	29826802	0	0	29730329	0	0	7408	/assets/assets/mail-yvZvzeI4.js
1	1	0	0	0	29820699	0	0	29820699	0	0	1658	/wp-includes/hp2.php
1	2	2	0	0	29752632	0	0	29746824	0	0	6534	/?128.90.128.9
1	1	0	0	0	29820699	0	0	29820699	0	0	1658	/blurbs.php
1	0	0	0	1	0	0	29797120	0	0	29797120	0	/api/webhook?url=http://169.254.169.254/latest/meta-data/
1	0	0	0	1	0	0	29759084	0	0	29759084	0	/cream1.php
1	0	0	1	0	0	29822452	0	0	29822452	0	0	/asset_admin/assets/plugins/jquery-file-upload/server/php/
1	0	0	0	1	0	0	29759376	0	0	29759376	0	/contacts.php
1	0	0	0	17	0	0	29832509	0	0	29732630	0	/postgres/.env
1	2	0	0	0	29783952	0	0	29743877	0	0	3316	/docker-compose.yaml
1	1	0	0	0	29824391	0	0	29824391	0	0	1658	/cache/composer.json
1	6	0	0	0	29826802	0	0	29730329	0	0	7408	/assets/assets/whatsappTemplates-BiipONU2.js
1	2	0	0	1	29790793	0	29797120	29783952	0	29797120	3080	/.env.js
1	3	0	0	0	29734528	0	0	29734498	0	0	6711	/wp-xx.php
1	0	0	0	2	0	0	29725449	0	0	29725449	0	/.DS_Store
1	2	0	0	0	29783952	0	0	29743877	0	0	3316	/.zshrc
1	1	0	0	0	29738418	0	0	29738418	0	0	1658	/.env.fly
1	9	0	0	0	29826802	0	0	29731138	0	0	3321	/assets/sunset-B1zSdVi8.js
1	2	0	0	0	29768317	0	0	29761710	0	0	0	/_next/static
1	1	0	0	0	29811385	0	0	29811385	0	0	2048	/drarmankabir.com.zip
1	1	0	0	0	29822452	0	0	29822452	0	0	1422	/phpformbuilder/plugins/filemanager/dialog.php
1	3	0	0	0	29734528	0	0	29734498	0	0	6711	/camara.php
1	3	0	0	0	29734528	0	0	29734498	0	0	6711	/noe.php
1	1	0	0	0	29822452	0	0	29822452	0	0	1422	/assets/app-assets/data/jquery-file-upload/server/php
1	0	0	0	1	0	0	29797120	0	0	29797120	0	/.env.gcp
1	9	0	0	0	29830386	0	0	29734497	0	0	16659	/txets.php
1	8	0	0	0	29826802	0	0	29730329	0	0	100800	/assets/InvestigationPaymentPage-DbUqWJ51.js
1	2	0	0	0	29783952	0	0	29743877	0	0	3316	/.hermes/auth.json
1	28	0	0	0	29830162	0	0	29746098	0	0	39816	/wp-json/wp/v2/users?_jsonp=callback&per_page=100&_fields=id,slug
1	1	0	0	0	29822452	0	0	29822452	0	0	1422	/jquery.filer/php/readme.txt
1	0	0	0	1	0	0	29824391	0	0	29824391	0	/app/system/entrance.php?n=include&m=module&c=weixin&a=doapi
1	8	0	0	0	29826802	0	0	29730329	0	0	146920	/assets/AuditLog-BszF6XcX.js
1	0	0	1	0	0	29740027	0	0	29740027	0	0	/wp-content/et-cache/
1	9	0	0	0	29826802	0	0	29731138	0	0	2493	/assets/message-square-gLkdQm4U.js
1	2	0	0	0	29783952	0	0	29743877	0	0	3316	/.vscode/launch.json
1	0	0	0	2	0	0	29753145	0	0	29753002	0	/api/admissions/list.php?patient_id=1
1	1	0	0	0	29786620	0	0	29786620	0	0	1658	/about-us
1	1	0	0	0	29740027	0	0	29740027	0	0	1422	/wp-admin/css/colors/modern/admin.php
1	34	34	0	0	29832155	0	0	29758739	0	0	123950	/?179.43.134.114
1	11	0	0	0	29826802	0	0	29731138	0	0	3487	/assets/calendar-BL7xJRSg.js
1	6	0	0	1	29734527	0	29759084	29734497	0	29759084	13422	/x.php
1	0	0	0	1	0	0	29759084	0	0	29759084	0	/coffexium.php
1	1	0	0	0	29733202	0	0	29733202	0	0	276	/phpmyadmin/js/vendor/codemirror/addon/hint/show-hint.css?v=5.2.3
1	1	0	0	0	29811385	0	0	29811385	0	0	2048	/site.sql
1	0	0	0	1	0	0	29797120	0	0	29797120	0	/aws_creds.js
1	2	0	0	0	29797120	0	0	29787355	0	0	3316	/@fs/etc/passwd?import&raw??
1	0	0	8	0	0	29772343	0	0	29772342	0	0	/_next/
1	0	0	0	17	0	0	29832509	0	0	29732630	0	/k8s/.env
1	1	0	0	0	29760291	0	0	29760291	0	0	1658	/wp-content/plugins/defa-online-image-protector/readme.txt
1	3	0	0	0	29734528	0	0	29734498	0	0	6711	/19.php
1	0	0	0	1	0	0	29797120	0	0	29797120	0	/api/.aws/credentials
1	8	0	0	4	29735991	0	29728780	29730562	0	29725153	5920	/wp-content/themes/retries.php
1	1	0	0	0	29768404	0	0	29768404	0	0	1658	/firebase.js
1	5	0	0	0	29826802	0	0	29736025	0	0	1605	/assets/banknote-BqiHnhGo.js
1	0	0	0	3	0	0	29730049	0	0	29725757	0	/assets/main.js
1	0	0	2	0	0	29783952	0	0	29743877	0	0	/api/settings
1	1	0	0	0	29811385	0	0	29811385	0	0	2048	/data.bak
1	1	0	0	0	29759084	0	0	29759084	0	0	4876	/images
1	2	0	0	0	29783952	0	0	29743877	0	0	3316	/id_ecdsa
1	3	0	0	0	29734527	0	0	29734497	0	0	6711	/xwpg.php
1	1	0	0	0	29733202	0	0	29733202	0	0	16173	/phpmyadmin/js/vendor/codemirror/mode/sql/sql.js?v=5.2.3
1	0	0	0	3	0	0	29797120	0	0	29743877	0	/@fs/root/.env?raw??
1	0	0	0	22	0	0	29832509	0	0	29732630	0	/transactional/.env
1	2	0	0	0	29783952	0	0	29750632	0	0	3080	/OutstandingBalances-Bl_iWFFm.js
1	7	0	0	2	29736884	0	29729658	29730567	0	29727858	6257	/wp-includes/class-wp-block-parser.php
1	1	0	0	0	29740027	0	0	29740027	0	0	1422	/wp-admin/mediia.php
1	1	0	0	0	29760107	0	0	29760107	0	0	1658	/wp-content/plugins/adminimize/readme.txt
1	3	0	0	0	29734527	0	0	29734498	0	0	6711	/cc13.php
1	1	0	0	0	29734557	0	0	29734557	0	0	1196	/signup
1	2	0	0	0	29828813	0	0	29818867	0	0	3316	/wp-admin/css
1	1	0	0	0	29812917	0	0	29812917	0	0	1658	/.well-known/assetlinks.json
1	7	0	0	0	29733274	0	0	29733231	0	0	2986	/api/appointments/list.php?status=confirmed
1	3	0	0	0	29797120	0	0	29743877	0	0	4974	/graphql/console
1	20	0	0	11	29827300	0	29832508	29732629	0	29749713	30730	/.env.ci
1	1	0	0	0	29743877	0	0	29743877	0	0	1658	/.next/build-manifest.json
1	3	0	0	0	29734528	0	0	29734498	0	0	6711	/h8h9.php
1	1	0	0	0	29822452	0	0	29822452	0	0	1422	/assets/jquery-file-upload/server/php
1	10	0	0	2	29804520	0	29729990	29735377	0	29727175	43330	/2021/wp-includes/wlwmanifest.xml
1	2	0	0	0	29806784	0	0	29805524	0	0	3316	/site/wp-admin/install.php
1	1	0	0	1	29820699	0	29760107	29820699	0	29760107	1658	/wp-admin/admin-ajax.php
1	2	0	0	0	29748590	0	0	29740507	0	0	3316	/ftp-sync.json
1	0	0	0	49	0	0	29832749	0	0	29730892	0	/.env.production
1	1	0	0	0	29811385	0	0	29811385	0	0	2048	/data.zip
1	2	0	0	0	29783952	0	0	29743877	0	0	3316	/.well-known/jwks.json
1	2	0	0	0	29820699	0	0	29740027	0	0	3080	/wp-admin/index.php
1	2	0	0	0	29760430	0	0	29760430	0	0	3316	/wp-content/plugins/hdw-tube/readme.txt
1	0	0	0	3	0	0	29727874	0	0	29725159	0	/wp-content/plugins/wc-zeus-gateway/admin/assets/css/curl.php
1	2	0	0	0	29783952	0	0	29743877	0	0	3316	/.ssh/config
1	2	0	0	1	29746105	0	29769220	29736119	0	29769220	2844	/PatientProfile?id=1
1	2	0	0	0	29783952	0	0	29743877	0	0	3316	/.continue/config.json
1	2	0	0	0	29801735	0	0	29734556	0	0	2618	/_rNd9xZ7kL3
1	0	0	0	1	0	0	29797120	0	0	29797120	0	/back/.env
1	1	0	0	0	29797120	0	0	29797120	0	0	1658	/fetch?url=file:///proc/self/environ
1	0	0	0	1	0	0	29797120	0	0	29797120	0	/aws-credentials.env
1	3	0	0	0	29734528	0	0	29734498	0	0	6711	/qlex1.php
1	0	0	0	1	0	0	29759227	0	0	29759227	0	/74.php
1	1	0	0	0	29797120	0	0	29797120	0	0	1658	/.github/workflows/ci.yml
1	22	0	0	12	29827300	0	29832508	29730892	0	29749713	32686	/.env.development
1	1	0	0	0	29732379	0	0	29732379	0	0	298	/Patients?154.38.191.87
1	0	0	0	1	0	0	29797120	0	0	29797120	0	/.travis.yml
1	0	0	0	24	0	0	29832508	0	0	29732630	0	/tools/.env
1	18	18	0	27	29816229	0	29818934	29748140	0	29761003	49152	/?rest_route=/batch/v1
1	3	0	0	0	29734528	0	0	29734498	0	0	6711	/fe5.php
1	1	0	0	0	29740027	0	0	29740027	0	0	1422	/wp-admin/class-wp-http-client.php
1	0	0	0	1	0	0	29759084	0	0	29759084	0	/177.php
1	1	0	0	1	29820699	0	29759084	29820699	0	29759084	1658	/wp-content/index.php
1	0	0	0	2	0	0	29811052	0	0	29807172	0	/site/.git/config
1	3	0	0	0	29786570	0	0	29786570	0	0	4974	/tzgnuqhb
1	249	0	0	2	29833267	0	29830690	29730289	0	29830655	90705	/assets/phone-Co67JhRS.js
1	9	9	0	0	29755603	0	0	29734366	0	0	12078	/?rest_route=/wp/v2/users&per_page=50
1	1	0	0	0	29822452	0	0	29822452	0	0	1422	/admin/kcfinder/upload.php
1	0	0	0	22	0	0	29832509	0	0	29732630	0	/nest/.env
1	2	0	0	0	29730296	0	0	29730286	0	0	973	/patients
1	4	0	0	0	29832749	0	0	29734557	0	0	4512	/config.yaml
1	3	0	0	0	29734527	0	0	29734497	0	0	6711	/xda.php
1	0	0	0	1	0	0	29753145	0	0	29753145	0	/api/appointments/list.php?patient_id=1
1	1	0	0	0	29797120	0	0	29797120	0	0	1658	/@fs/home/node/.aws/credentials?raw??
1	1	0	0	0	29797120	0	0	29797120	0	0	1658	/aws-exports.js
1	0	0	0	27	0	0	29832508	0	0	29732629	0	/release/.env
1	1	0	0	0	29740027	0	0	29740027	0	0	1422	/wp-content/manvx0t2um5in4czjc3ubmcdefault.php
1	1	0	0	0	29752442	0	0	29752442	0	0	4876	/wp-sitemap.xml
1	17	0	0	0	29832509	0	0	29743877	0	0	28186	/credentials.json
1	0	0	0	18	0	0	29832509	0	0	29732630	0	/vite/.env
1	3	0	0	0	29734528	0	0	29734498	0	0	6711	/arrhenotokous.php
1	1	0	0	0	29804775	0	0	29804775	0	0	512	/ai.txt
1	6	0	0	0	29826802	0	0	29730329	0	0	7408	/assets/assets/Settings-DPkJ1nB8.js
1	1	0	0	0	29811385	0	0	29811385	0	0	2048	/db.sql
1	1	0	0	0	29783952	0	0	29783952	0	0	1422	/console
1	0	0	0	1	0	0	29797120	0	0	29797120	0	/api/preview?url=http://169.254.169.254/latest/meta-data/
1	0	0	0	2	0	0	29783952	0	0	29743877	0	/api/settings/
1	13	0	0	0	29788982	0	0	29736112	0	0	7110	/Settings
1	0	0	0	1	0	0	29797120	0	0	29797120	0	/app/.env.local
1	0	0	0	1	0	0	29759227	0	0	29759227	0	/68.php
1	1	0	0	0	29790793	0	0	29790793	0	0	1422	/config/parameters.yml
1	2	0	0	0	29797120	0	0	29783952	0	0	3316	/firebase-service-account.json
1	0	0	0	23	0	0	29832508	0	0	29732629	0	/api/v1/.env
1	0	0	1	0	0	29822452	0	0	29822452	0	0	/admin/blueimp-jQuery-File-Upload/server/php/
1	3	0	0	0	29734527	0	0	29734497	0	0	6711	/miru1.php
1	85	0	0	80	29833454	0	29796728	29732092	0	29725504	298484	/xmlrpc.php
1	8	0	0	39	29738846	0	29787229	29730574	0	29725190	7888	/wp-content/plugins/ranktool/startmenu.php
1	4	0	0	5	29735066	0	29729674	29731464	0	29725156	3713	/wp-content/themes/drum.php
1	1	0	0	0	29822452	0	0	29822452	0	0	1422	/plugins/js/jquery-file-upload/server/php
1	0	0	0	17	0	0	29832509	0	0	29732630	0	/gcp/.env
1	1	0	0	0	29822452	0	0	29822452	0	0	1422	/blueimp-jQuery-File-Upload/server/php
1	26	0	0	0	29832509	0	0	29732630	0	0	42415	/i.php
1	9	0	0	0	29826802	0	0	29731138	0	0	1899	/assets/skeleton-DqU5IOMD.js
1	1	0	0	0	29822452	0	0	29822452	0	0	1422	/plugins/jQuery-File-Upload/server/php
1	1	0	0	0	29820699	0	0	29820699	0	0	1658	/wp-content/style.php
1	1	0	0	0	29833107	0	0	29833107	0	0	4876	/.well-known/ucp
1	3	0	0	0	29734528	0	0	29734498	0	0	6711	/xzs.php
1	11	0	0	0	29826802	0	0	29731138	0	0	3839	/assets/shield-D-es88Nw.js
1	0	0	0	23	0	0	29832508	0	0	29732630	0	/service/.env
1	6	0	0	0	29826802	0	0	29730329	0	0	7408	/assets/assets/search-BLymxia-.js
1	0	0	0	1	0	0	29759084	0	0	29759084	0	/wp-admin/css/colors/coffee/wp-adochan.php
1	2	0	0	0	29783952	0	0	29750632	0	0	3080	/BedManagement-B6IsYOJd.js
1	1	0	0	0	29738418	0	0	29738418	0	0	1658	/.env.vault
1	0	0	1	0	0	29759084	0	0	29759084	0	0	/images/
1	0	0	0	12	0	0	29793599	0	0	29793564	0	/api/config/env.php
1	6	0	0	0	29826802	0	0	29730329	0	0	7408	/assets/assets/PatientForm-BCKQSbNc.js
1	0	0	10	0	0	29818244	0	0	29757664	0	0	/wp-admin/
1	25	0	0	12	29827300	0	29832508	29732629	0	29749713	48674	/.env.prod
1	3	0	0	0	29734527	0	0	29734498	0	0	6711	/filesss.php
1	14	0	0	4	29827301	0	29832509	29732630	0	29791006	20782	/.env.backup2
1	0	0	0	24	0	0	29832508	0	0	29732629	0	/v1/.env
1	0	0	0	1	0	0	29759084	0	0	29759084	0	/cxs.php
1	14	0	0	4	29827300	0	29832509	29732630	0	29791006	20782	/.env.backup1
1	0	0	0	17	0	0	29832509	0	0	29732630	0	/buildkite/.env
1	1	0	0	0	29740027	0	0	29740027	0	0	1422	/wp-admin/maint/admin.php
1	2	0	0	0	29783952	0	0	29743877	0	0	3316	/id_rsa
1	3	0	0	0	29734528	0	0	29734498	0	0	6711	/gmo.php
1	0	0	0	1	0	0	29759376	0	0	29759376	0	/yo.php
1	6	0	0	0	29826802	0	0	29730329	0	0	7408	/assets/assets/UpgradedPrescriptionEMR-CvNofdGu.js
1	1	0	0	0	29820699	0	0	29820699	0	0	1658	/wp-content/ioxi-o.php
1	0	0	0	4	0	0	29751838	0	0	29751729	0	/api/settings/get.php?key=site_name
1	1	0	0	0	29824391	0	0	29824391	0	0	1658	/config/ovh-backups.json
1	3	0	0	0	29824391	0	0	29783952	0	0	4738	/signin
1	1	0	0	0	29822452	0	0	29822452	0	0	1422	/assets/global/plugins/jquery-file-upload/server/php
1	1	0	0	0	29790793	0	0	29790793	0	0	1422	/functions.php
1	2	0	0	1	29797120	0	29783952	29743877	0	29783952	3316	/config.env
1	0	0	0	32	0	0	29832508	0	0	29732629	0	/server/.env
1	1	0	0	0	29822452	0	0	29822452	0	0	1422	/ckeditor/plugins/kcfinder/upload.php
1	1	0	0	0	29760292	0	0	29760292	0	0	1658	/wp-content/plugins/enhanced-tooltipglossary/readme.txt
1	1	0	0	0	29811385	0	0	29811385	0	0	2048	/www.sql
1	1	0	0	0	29824391	0	0	29824391	0	0	1658	/.kube/config
1	16	0	0	0	29830161	0	0	29746561	0	0	22752	/rss
1	0	0	0	1	0	0	29797120	0	0	29797120	0	/api/file?path=../../.env
1	224	0	0	14	29833415	0	29789210	29725125	0	29725973	14718	/favicon.ico
1	1	0	0	0	29822452	0	0	29822452	0	0	1422	/assets/plugins/jquery-file-upload/server/php
1	0	0	1	0	0	29822452	0	0	29822452	0	0	/assets/plugins/jQuery-File-Upload/server/php/
1	0	0	0	23	0	0	29832509	0	0	29732630	0	/panel/.env
1	0	0	0	1	0	0	29725157	0	0	29725157	0	/wp-content/plugins/wc-zeus-gateway/sms.php
1	12	0	0	12	29823221	0	29788818	29732895	0	29725432	49179	/xmlrpc.php?rsd
1	21	0	0	0	29832509	0	0	29732630	0	0	32388	/info
1	10	0	0	0	29826802	0	0	29731138	0	0	3240	/assets/bed-double-DSQN6_I2.js
1	0	0	0	1	0	0	29797120	0	0	29797120	0	/api/preview?url=http://169.254.169.254/latest/meta-data/iam/security-credentials/
1	1	0	0	0	29820699	0	0	29820699	0	0	1658	/goods.php
1	1	0	0	1	29797120	0	29787355	29797120	0	29787355	1658	/@fs/home/ec2-user/.aws/credentials?raw??
1	8	0	0	0	29826802	0	0	29731138	0	0	12016	/assets/formatDistanceToNow-C2IQJfe9.js
1	0	0	0	37	0	0	29832508	0	0	29730892	0	/api/.env
1	0	0	0	24	0	0	29725270	0	0	29725230	0	/wp-login.php/xmlrpc.php
1	1	0	0	0	29734557	0	0	29734557	0	0	1196	/pricing
1	0	0	0	17	0	0	29832509	0	0	29732630	0	/circleci/.env
1	1	0	0	0	29760107	0	0	29760107	0	0	1658	/wp-content/plugins/activehelper-livehelp/readme.txt
1	13	0	0	0	29802793	0	0	29767377	0	0	18486	/wp-json/wp/v2/users?per_page=100&_fields=slug,locale
1	0	0	1	0	0	29822452	0	0	29822452	0	0	/plugin/server/php/
1	0	0	2	0	0	29783952	0	0	29743877	0	0	/__debug__/
1	0	0	0	1	0	0	29797120	0	0	29797120	0	/config/.env.production
1	1	0	0	0	29797120	0	0	29797120	0	0	1658	/download?file=../../.aws/credentials
1	0	0	0	2	0	0	29725450	0	0	29725449	0	/graphql/api
1	2	0	0	0	29748590	0	0	29740507	0	0	3316	/.vscode/ftp-config.json
1	4	0	0	2	29733274	0	29733261	29733234	0	29733261	452	/api/vitals/create.php
1	7	0	0	0	29826802	0	0	29730329	0	0	94031	/assets/Staff-CTNepX6G.js
1	1	0	0	0	29822452	0	0	29822452	0	0	1422	/assets/plugins/filemanager/dialog.php
1	10	0	0	12	29742809	0	29729682	29731461	0	29725152	12446	/wp-content/plugins/reset-thumbnails/assets/css/bind.php
1	5	0	0	0	29801735	0	0	29734557	0	0	4512	/secrets.json
1	0	0	0	2	0	0	29811052	0	0	29807172	0	/api/.git/config
1	6	0	0	0	29826802	0	0	29730329	0	0	7408	/assets/assets/ProcedurePayment-B362PKCB.js
1	1	0	0	0	29811385	0	0	29811385	0	0	2048	/web.zip
1	3	0	0	0	29786570	0	0	29786570	0	0	4974	/xybefqms
1	0	0	0	22	0	0	29832509	0	0	29732630	0	/sendgrid/.env
1	11	0	0	0	29826802	0	0	29731138	0	0	100914	/assets/InvestigationPayment-BfpQZUDn.js
1	2	0	0	0	29783952	0	0	29743877	0	0	3316	/.ssh/id_rsa
1	12	0	0	0	29802427	0	0	29767171	0	0	17064	/wp-json/wc/v2/customers?per_page=100&_fields=username
1	1	0	0	0	29740027	0	0	29740027	0	0	1422	/wp-admin/css/bolt.php
1	2	0	0	0	29783952	0	0	29743877	0	0	3316	/values.yaml
1	3	0	0	0	29734528	0	0	29734498	0	0	6711	/zasd.php
1	2	0	0	2	29783952	0	29797120	29782721	0	29743877	3316	/.mcp.json
1	16	0	0	0	29832509	0	0	29732630	0	0	24098	/info.php.bak
1	0	0	0	18	0	0	29832509	0	0	29732630	0	/react/.env
1	1	0	0	0	29733202	0	0	29733202	0	0	43	/phpmyadmin/js/dist/name-conflict-fixes.js?v=5.2.3
1	24	0	0	11	29827300	0	29832508	29732629	0	29749713	47016	/.env.dev
1	2	0	0	2	29783952	0	29725450	29743877	0	29725449	3316	/trace.axd
1	0	0	0	24	0	0	29832508	0	0	29732630	0	/assets/.env
1	3	0	0	1	29734527	0	29759084	29734497	0	29759084	6711	/wp-content/plugins/hellopress/wp_filemanager.php
1	1	0	0	0	29826520	0	0	29826520	0	0	1422	/impressum
1	0	0	0	2	0	0	29783952	0	0	29743877	0	/api/openapi.json
1	211	0	0	2	29833267	0	29830687	29730289	0	29830655	76686	/assets/map-pin-BVGvB4pd.js
1	2	0	0	0	29832749	0	0	29832749	0	0	3316	/infra/terraform.tfstate
1	2	0	0	0	29760292	0	0	29760291	0	0	3316	/wp-content/plugins/e-search/readme.txt
1	0	0	1	0	0	29822452	0	0	29822452	0	0	/assets/plugins/server/php/
1	24	0	0	0	29830161	0	0	29734366	0	0	33408	/wp-json/wp/v2/posts?per_page=20&_embed=author&_fields=_embedded
1	1	0	0	0	29733202	0	0	29733202	0	0	1377	/phpmyadmin/js/vendor/js.cookie.js?v=5.2.3
1	2	0	0	0	29761003	0	0	29761003	0	0	2844	/site/wp-login.php
1	1	0	0	0	29822452	0	0	29822452	0	0	1422	/lib/kcfinder/upload.php
1	20	0	0	0	29802507	0	0	29746098	0	0	28440	/wp-json/wp/v2/users?per_page=50&_embed&_fields=id,slug,name
1	3	0	0	0	29734527	0	0	29734497	0	0	6711	/wp-the.php
1	0	0	0	1	0	0	29829287	0	0	29829287	0	/cgi-bin/cgi-bin/cgi-bin/cgi-bin/cache.php
1	50	0	0	0	29830162	0	0	29746098	0	0	71100	/author-sitemap.xml
1	2	0	0	0	29783952	0	0	29743877	0	0	3316	/.ssh/id_ecdsa
1	1	0	0	0	29735893	0	0	29735893	0	0	1196	/blog/wp-admin/install.php?step=1&language=en_GB
1	1	0	0	0	29822452	0	0	29822452	0	0	1422	/assets/admin/bower_components/jquery.filer/php/readme.txt
1	231	0	0	0	29833267	0	0	29730289	0	0	132114	/assets/table-CnbMZ7S8.js
1	1	0	0	0	29797120	0	0	29797120	0	0	1658	/fetch?file=http://169.254.169.254/latest/meta-data/
1	3	0	0	1	29734527	0	29759377	29734497	0	29759377	6711	/w3llstore.php
1	2	0	0	0	29740724	0	0	29734077	0	0	2536	/wp-json/wp/v2/plugins
1	1	0	0	0	29811385	0	0	29811385	0	0	2048	/drarmankabir.tar.gz
1	0	0	0	19	0	0	29832508	0	0	29732629	0	/yii/.env
1	7	0	0	0	29802508	0	0	29770731	0	0	9954	/wp-json/mepr/v1/members
1	6	0	0	0	29826802	0	0	29730329	0	0	7408	/assets/assets/activity-BRRgo98q.js
1	0	0	0	17	0	0	29832509	0	0	29732630	0	/infrastructure/.env
1	16	0	0	0	29832509	0	0	29732630	0	0	24098	/public_html/phpinfo.php
1	1	0	0	0	29820699	0	0	29820699	0	0	1658	/wp-content/plugins/fix/000.php
1	0	0	0	24	0	0	29832508	0	0	29732629	0	/application/.env
1	0	0	0	1	0	0	29725629	0	0	29725629	0	/php-api/db-connect.php
1	0	0	0	1	0	0	29797120	0	0	29797120	0	/api/download?url=http://169.254.169.254/latest/meta-data/
1	2	0	0	0	29824391	0	0	29824391	0	0	3316	/wp-json/wc-hippoo/v1/ext/wp/v2/users/1
1	1	0	0	0	29797120	0	0	29797120	0	0	1658	/fetch?target=http://169.254.169.254/latest/meta-data/iam/info
1	376	0	0	56	29833454	0	29793608	29731361	0	29725230	570453	/wp-login.php
1	9	9	0	0	29765012	0	0	29734365	0	0	12078	/?author=2&feed=rss2
1	23	23	0	0	29830161	0	0	29746098	0	0	32706	/?rest_route=/wp/v2/users&_fields=slug&per_page=100&page=1
1	6	0	0	0	29826802	0	0	29730329	0	0	7408	/assets/assets/scroll-area-DUDQuZCi.js
1	1	0	0	0	29822452	0	0	29822452	0	0	1422	/ALFA_DATA/alfacgiapi/perl.alfa
1	2	0	0	0	29783952	0	0	29743877	0	0	3316	/secrets.yml
1	27	0	0	0	29830162	0	0	29734556	0	0	41858	/sitemap_index.xml
1	1	0	0	0	29797120	0	0	29797120	0	0	1658	/root/.aws/credentials
1	0	0	0	1	0	0	29759376	0	0	29759376	0	/images/mini.php
1	20	0	0	0	29832509	0	0	29732630	0	0	30730	/old_phpinfo.php
1	0	0	0	25	0	0	29832508	0	0	29732629	0	/live/.env
1	20	0	0	13	29827300	0	29832508	29732629	0	29749713	30730	/.env.docker
1	10	0	0	0	29826802	0	0	29730329	0	0	235500	/assets/EmergencyPrescription-Bi3knV-p.js
1	20	0	0	0	29832509	0	0	29732630	0	0	30730	/phpversion.php
1	2	0	0	0	29783952	0	0	29743877	0	0	3316	/.claude/settings.json
1	0	0	0	1	0	0	29759084	0	0	29759084	0	/heat3.php
1	0	0	0	1	0	0	29797120	0	0	29797120	0	/api/fetch?url=http://169.254.169.254/latest/meta-data/
1	0	0	0	17	0	0	29832509	0	0	29732630	0	/.git/.env
1	1	0	0	0	29822452	0	0	29822452	0	0	1422	/assets/admin/js/tinymce/plugins/filemanager/dialog.php
1	1	0	0	0	29822452	0	0	29822452	0	0	1422	/assets/plugins/jQuery-File-Upload/server/php
1	0	0	0	25	0	0	29832508	0	0	29732629	0	/wp/.env
1	11	0	0	0	29826802	0	0	29730329	0	0	111661	/assets/SerialDisplay-DAWJgUIZ.js
1	7	0	0	0	29733274	0	0	29733231	0	0	728	/api/auth/logout.php
1	1	0	0	0	29822452	0	0	29822452	0	0	1422	/assets/plugins/server/php
1	0	0	0	1	0	0	29738150	0	0	29738150	0	/.git/config?31.220.98.151
1	6	0	0	0	29826802	0	0	29730329	0	0	7408	/assets/assets/DailyProgressNote-dVntCN7J.js
1	3	0	0	0	29797120	0	0	29743877	0	0	4974	/@fs/proc/self/environ?import&raw??
1	21	0	0	13	29827300	0	29832508	29732629	0	29743877	30268	/.env.test
1	1	0	0	0	29749410	0	0	29749410	0	0	1422	/wp-login.php/wp-includes/index.php?ping=1
1	0	0	0	1	0	0	29797120	0	0	29797120	0	/api/image?url=http://169.254.169.254/latest/meta-data/
1	17	0	0	0	29832509	0	0	29743877	0	0	28186	/key.json
1	1	0	0	2	29797120	0	29783952	29797120	0	29743877	1658	/.env.prod.bak
1	1	0	0	0	29749410	0	0	29749410	0	0	1422	/wp-login.php?ping=1
1	0	0	0	1	0	0	29797120	0	0	29797120	0	/private/.env.production
1	1	0	0	0	29824391	0	0	29824391	0	0	1658	/app/etc/local.xml.additional
1	1	0	0	0	29826520	0	0	29826520	0	0	1422	/terms
1	9	0	0	0	29826802	0	0	29730329	0	0	70902	/assets/TotalIncome-7BTVq9wM.js
1	10	0	0	0	29801305	0	0	29770731	0	0	14220	/wp-json/buddypress/v1/members
1	15	0	0	0	29805947	0	0	29767379	0	0	21330	/wp-json/ldlms/v2/users
1	0	0	0	23	0	0	29832509	0	0	29732630	0	/old/.env
1	0	0	2	0	0	29828813	0	0	29818867	0	0	/wp-admin/css/
1	1	0	0	0	29743877	0	0	29743877	0	0	1658	/_nuxt/manifest.json
1	1	0	0	0	29822452	0	0	29822452	0	0	1422	/public/server/php
1	1	0	0	2	29797120	0	29832749	29797120	0	29832749	1658	/.env.aws
1	1	0	0	0	29740027	0	0	29740027	0	0	1422	/wp-admin/wp-login.php
1	6	0	0	0	29826802	0	0	29730329	0	0	7408	/assets/assets/message-circle-qSON-RM2.js
1	0	0	0	1	0	0	29759376	0	0	29759376	0	/images/alfa.php
1	0	0	0	1	0	0	29770219	0	0	29770219	0	/.git/config?179.43.134.114
1	15	0	0	0	29832509	0	0	29806656	0	0	24870	/.config/gcloud/application_default_credentials.json
1	1	0	0	0	29822452	0	0	29822452	0	0	1422	/assets/tinymce/plugins/filemanager/dialog.php
1	0	0	0	1	0	0	29759084	0	0	29759084	0	/wm.php
1	1	0	0	0	29822452	0	0	29822452	0	0	1422	/public/scripts/filemanager/dialog.php
1	0	0	0	19	0	0	29832508	0	0	29732630	0	/api/staging/.env
1	1	0	0	0	29820699	0	0	29820699	0	0	1658	/wp-includes/txets.php
1	2	0	0	0	29832749	0	0	29832749	0	0	3316	/application.properties
1	0	0	0	23	0	0	29832509	0	0	29732630	0	/psnlink/.env
1	1	0	0	0	29740027	0	0	29740027	0	0	1422	/wicked.php
1	11	0	0	0	29826802	0	0	29731138	0	0	3586	/assets/pen-CfMhwJvZ.js
1	1	0	0	0	29829287	0	0	29829287	0	0	1658	/images/images/cache.php?179.43.134.114
1	3	0	0	0	29734527	0	0	29734497	0	0	6711	/wp-conflg.php
1	1	0	0	0	29829288	0	0	29829288	0	0	1658	/images/images/images/images/images/images/images/images/cache.php
1	0	0	0	1	0	0	29797120	0	0	29797120	0	/api/proxy?url=http://169.254.169.254/latest/meta-data/
1	1	0	0	0	29797120	0	0	29797120	0	0	1658	/fetch?url=http://169.254.169.254/latest/meta-data/
1	0	0	0	17	0	0	29832509	0	0	29732630	0	/travis/.env
1	1	0	0	0	29734557	0	0	29734557	0	0	1196	/sitemap-index.xml
1	1	0	0	0	29797120	0	0	29797120	0	0	1658	/jenkins/config.xml
1	1	0	0	0	29738419	0	0	29738419	0	0	1658	/.env.vercel
1	1	0	0	0	29733202	0	0	29733202	0	0	2624	/phpmyadmin/js/vendor/codemirror/addon/hint/sql-hint.js?v=5.2.3
1	0	0	0	1	0	0	29759377	0	0	29759377	0	/DC.php
1	4	0	0	0	29740027	0	0	29734497	0	0	8133	/wp-block.php
1	4	0	0	2	29826520	0	29725449	29786620	0	29725449	6396	/about
1	3	0	0	0	29734528	0	0	29734498	0	0	6711	/testas.php
1	3	0	0	0	29734527	0	0	29734497	0	0	6711	/bthil.php
1	4	0	0	0	29733274	0	0	29733234	0	0	3592	/api/invoices/list.php?patient_id=2
1	5	0	0	0	29814352	0	0	29730294	0	0	6907	/settings
1	3	0	0	0	29733261	0	0	29733231	0	0	1970	/api/invoices/list.php?patient_id=0
1	16	0	0	9	29827300	0	29832508	29732629	0	29749713	24098	/.env.json
1	2	0	0	0	29802145	0	0	29757444	0	0	9752	/wp-json/gravitysmtp/v1/tests/mock-data
1	1	0	0	0	29822452	0	0	29822452	0	0	1422	/js/fileManager/filemanager/dialog.php
1	2	0	0	0	29768404	0	0	29730892	0	0	1956	/js/config.js
1	1	0	0	0	29797120	0	0	29797120	0	0	1658	/home/ec2-user/.aws/credentials
1	4	0	0	0	29793396	0	0	29793396	0	0	2844	/mail
1	1	0	0	0	29796354	0	0	29796354	0	0	1658	/.well-known/agent.json
1	1	0	0	0	29797120	0	0	29797120	0	0	1658	/image?url=http://169.254.169.254/latest/meta-data/
1	2	0	0	0	29761003	0	0	29761003	0	0	2844	/wp/wp-login.php
1	0	0	0	1	0	0	29797120	0	0	29797120	0	/api/download?url=http://169.254.169.254/latest/meta-data/iam/security-credentials/
1	6	0	0	0	29826802	0	0	29730329	0	0	7408	/assets/assets/settings-2-Bp-4AVPw.js
1	0	0	0	1	0	0	29759084	0	0	29759084	0	/asdf.php
1	0	0	0	25	0	0	29832508	0	0	29732629	0	/deploy/.env
1	0	0	0	1	0	0	29759376	0	0	29759376	0	/srx.php
1	9	9	0	0	29765013	0	0	29746098	0	0	12798	/?rest_route=/wp/v2/block-renderer/core/latest-posts&postsToShow=5
1	0	0	0	35	0	0	29832508	0	0	29732629	0	/.env.staging
1	1	0	0	0	29828068	0	0	29828068	0	0	1658	/wp-includes/core.php
1	2	0	0	0	29783952	0	0	29743877	0	0	3316	/server-info
1	0	0	0	22	0	0	29832509	0	0	29732630	0	/backups/.env
1	1	0	0	0	29822452	0	0	29822452	0	0	1422	/core/scripts/kcfinder/upload.php
1	208	0	0	0	29833267	0	0	29730289	0	0	64019	/assets/download-qc_8yQ5r.js
1	22	0	0	0	29830162	0	0	29734366	0	0	30564	/wp-json/oembed/1.0/embed?url=https://drarmankabir.com&format=json
1	1	0	0	0	29796354	0	0	29796354	0	0	1658	/.well-known/agents.json
1	0	0	0	1	0	0	29759376	0	0	29759376	0	/wp-content/a.php
1	2	0	0	0	29748590	0	0	29740507	0	0	3316	/.vscode/ftp-sync.json
1	3	0	0	0	29734527	0	0	29734498	0	0	6711	/bumxewlsll.php
1	1	0	0	0	29824391	0	0	29824391	0	0	1658	/mailsms/s?func=ADMIN:appState&dumpConfig=/
1	0	0	0	2	0	0	29811052	0	0	29807172	0	/htdocs/.git/config
1	0	0	0	2	0	0	29725450	0	0	29725449	0	/ecp/Current/exporttool/microsoft.exchange.ediscovery.exporttool.application
1	22	0	0	0	29832509	0	0	29732630	0	0	33810	/pinfo.php
1	3	0	0	0	29734528	0	0	29734498	0	0	6711	/tox.php
1	1	0	0	0	29824391	0	0	29824391	0	0	1658	/backup/ovh-backups.json
1	1	0	0	0	29790792	0	0	29790792	0	0	1422	/composer.json
1	3	0	0	0	29734528	0	0	29734498	0	0	6711	/xozx.php
1	2	0	0	0	29832749	0	0	29832749	0	0	3316	/credentials
1	0	0	1	0	0	29822452	0	0	29822452	0	0	/assets/jquery-file-upload/server/php/
1	0	0	0	1	0	0	29819077	0	0	29819077	0	/.git/credentials-helper
1	3	0	0	0	29734527	0	0	29734497	0	0	6711	/drykl.php
1	1	0	0	0	29743877	0	0	29743877	0	0	1658	/asset-manifest.json
1	1	0	0	0	29783952	0	0	29783952	0	0	1422	/admin/login
1	2	0	0	0	29761003	0	0	29761003	0	0	2844	/blog/wp-login.php
1	1	0	0	0	29822452	0	0	29822452	0	0	1422	/assets/plugins/jquery.filer/php/readme.txt
1	2	0	0	0	29827066	0	0	29821439	0	0	3316	/wp-content/index.php?d_l=1&u_s=googlebot
1	1	0	0	0	29740027	0	0	29740027	0	0	1422	/wp-content/133.php
1	29	0	0	0	29830161	0	0	29734366	0	0	40518	/wp-json/wp/v2/users?_fields=slug&per_page=100&page=1
1	0	0	0	1	0	0	29759376	0	0	29759376	0	/gelay.php
1	1	0	0	0	29797120	0	0	29797120	0	0	1658	/jenkins/credentials.xml
1	1	0	0	0	29740027	0	0	29740027	0	0	1422	/wp-admin/eikylm9vcir3lk8qmdcdefault.php
1	6	0	0	0	29826802	0	0	29730329	0	0	7408	/assets/assets/trending-up-B6DQx806.js
1	1	0	0	0	29746109	0	0	29746109	0	0	24527	/assets/investigation-rates.csv
1	1	0	0	0	29797120	0	0	29797120	0	0	1658	/proxy?url=http://169.254.169.254/latest/meta-data/
1	3	0	0	0	29734528	0	0	29734498	0	0	6711	/89.php
1	0	0	0	22	0	0	29832509	0	0	29732630	0	/postmark/.env
1	3	0	0	0	29797120	0	0	29743877	0	0	4974	/firebase-config.json
1	1	0	0	0	29760107	0	0	29760107	0	0	1658	/wp-content/plugins/all-in-one-event-calendar/readme.txt
1	0	0	4	0	0	29793396	0	0	29793396	0	0	/rc/
1	0	0	0	1	0	0	29797120	0	0	29797120	0	/apps/api/.env
1	1	0	0	0	29733202	0	0	29733202	0	0	29739	/phpmyadmin/js/vendor/jquery/jquery.min.js?v=5.2.3
1	0	0	0	2	0	0	29753145	0	0	29753002	0	/api/clinical/encounters-list.php?patient_id=1
1	0	0	0	1	0	0	29759084	0	0	29759084	0	/by.php
1	2	0	0	0	29783952	0	0	29743877	0	0	3316	/.codex/config.toml
1	0	0	0	1	0	0	29759377	0	0	29759377	0	/images/alfashell.php
1	10	0	0	0	29802041	0	0	29801821	0	0	14220	/c/player_api.php
1	0	0	0	1	0	0	29797120	0	0	29797120	0	/aws/s3/credentials.yml
1	1	0	0	0	29822452	0	0	29822452	0	0	1422	/assets/js/frontend/jquery-file-upload/server/php
1	0	0	0	27	0	0	29832508	0	0	29732629	0	/public_html/.env
1	11	0	0	0	29826802	0	0	29731138	0	0	3718	/assets/camera-DpsioLhp.js
1	0	0	0	1	0	0	29797120	0	0	29797120	0	/.docker.env
1	1	0	0	0	29811385	0	0	29811385	0	0	2048	/dump.sql
1	3	0	0	0	29797120	0	0	29743877	0	0	4974	/app-config.json
1	1	0	0	0	29740027	0	0	29740027	0	0	1422	/wp-content/click.php
1	2	0	0	0	29783952	0	0	29750632	0	0	3080	/Appointments-CiXOz8vL.js
1	6	0	0	0	29826802	0	0	29730329	0	0	7408	/assets/assets/test-tube-AQ_p65EL.js
1	40	0	0	7	29787226	0	29729667	29731462	0	29726067	60971	/wp-includes/php-ai-client/src/Providers/Models/VideoGeneration/Contracts/messagee.php
1	1	0	0	0	29740027	0	0	29740027	0	0	1422	/wp-content/mu-plugins/xfun.php
1	6	0	0	0	29826802	0	0	29730329	0	0	7408	/assets/assets/lock-BfuJZcFd.js
1	0	0	0	1	0	0	29797120	0	0	29797120	0	/Jenkinsfile
1	1	0	0	0	29759376	0	0	29759376	0	0	4876	/shell.aspx
1	1	0	0	0	29822452	0	0	29822452	0	0	1422	/core/scripts/wysiwyg/kcfinder/upload.php
1	9	0	0	0	29814352	0	0	29743877	0	0	21260	/_ignition/health-check
1	1	0	0	0	29820699	0	0	29820699	0	0	1658	/lufix.php
1	0	0	1	0	0	29822452	0	0	29822452	0	0	/public/server/php/
1	1	0	0	0	29740027	0	0	29740027	0	0	1422	/up.php
1	0	0	1	0	0	29755528	0	0	29755528	0	0	/feed/?157.245.138.73
1	0	0	0	1	0	0	29759227	0	0	29759227	0	/0byte.php
1	1	0	0	0	29760107	0	0	29760107	0	0	1658	/wp-content/plugins/dzs-videogallery/readme
1	6	0	0	0	29826802	0	0	29730329	0	0	7408	/assets/assets/SystemicExaminationSection-CCL-4QQD.js
1	11	11	0	0	29808899	0	0	29748762	0	0	26948	/?rest_route=/
1	0	0	0	1	0	0	29769220	0	0	29769220	0	/TotalIncome
1	1	0	0	0	29829289	0	0	29829289	0	0	1658	/assets/images/images/cache.php
1	16	0	0	0	29832509	0	0	29732630	0	0	24098	/phpinfo.php.bak
1	2	0	0	0	29814352	0	0	29814241	0	0	3316	/@fs/etc/passwd
1	7	0	0	0	29733274	0	0	29733231	0	0	2911	/api/appointments/list.php?page=1&per_page=10
1	4	0	0	0	29790792	0	0	29734497	0	0	8133	/db.php
1	4	0	0	5	29733274	0	29751738	29733234	0	29733231	1948	/api/visits/create.php
1	0	0	0	45	0	0	29832508	0	0	29732629	0	/.env.bak
1	11	0	0	0	29826802	0	0	29731138	0	0	29436	/assets/checkbox-ByWwQWzS.js
1	581	0	0	35	29833306	0	29810418	29730326	0	29725144	936003	/robots.txt
1	2	0	0	1	29768317	0	29769220	29761710	0	29769220	0	/components
1	4	0	0	1	29783952	0	29797120	29743877	0	29797120	6396	/v1/graphql
1	1	0	0	0	29822452	0	0	29822452	0	0	1422	/alfacgiapi/perl.alfa
1	0	0	0	17	0	0	29832509	0	0	29732630	0	/azure/.env
1	6	0	0	0	29826802	0	0	29730329	0	0	7408	/assets/assets/phone-Co67JhRS.js
1	0	0	0	1	0	0	29759377	0	0	29759377	0	/wp-incleude.php
1	0	0	0	22	0	0	29832509	0	0	29732630	0	/notify/.env
1	0	0	1	0	0	29822452	0	0	29822452	0	0	/plugins/server/php/
1	0	0	0	33	0	0	29832508	0	0	29732629	0	/public/.env
1	1	0	0	0	29820699	0	0	29820699	0	0	1658	/ioxi-o.php
1	2	0	0	0	29822452	0	0	29806167	0	0	3080	/vendor/phpunit/phpunit/src/Util/PHP/eval-stdin.php
1	1	0	0	0	29740027	0	0	29740027	0	0	1422	/wp-admin/setup-config.php
1	8	0	0	0	29826802	0	0	29733938	0	0	2680	/assets/funnel-BTA0vRsb.js
1	1	0	0	0	29822452	0	0	29822452	0	0	1422	/application/themes/admin/assets/js/kcfinder/upload.php
1	15	0	0	1	29832509	0	29797120	29806656	0	29797120	24870	/gcp-credentials.json
1	1	0	0	0	29733094	0	0	29733094	0	0	300	/dbtest.php
1	0	0	0	23	0	0	29832509	0	0	29732630	0	/sitemaps/.env
1	3	0	0	0	29734527	0	0	29734498	0	0	6711	/yanz.php
1	21	0	0	0	29832509	0	0	29732630	0	0	32388	/public/phpinfo.php
1	2	0	0	0	29806611	0	0	29790792	0	0	3080	/settings.php
1	0	0	0	1	0	0	29797120	0	0	29797120	0	/@fs/proc/self/cwd/.env?raw??
1	11	0	0	0	29826802	0	0	29730329	0	0	1159345	/assets/PatientDashboard-Cuwbdual.js
1	6	0	0	0	29826802	0	0	29730329	0	0	7408	/assets/assets/arrow-left-D0QK_o3f.js
1	2	0	0	0	29783952	0	0	29743877	0	0	3316	/health
1	1	0	0	0	29760430	0	0	29760430	0	0	1658	/wp-content/plugins/forget-about-shortcode-buttons/readme.txt
1	1	1	0	0	29812953	0	0	29812953	0	0	1658	/readme.html?wpcb93d9a7a7
1	1	0	0	0	29822452	0	0	29822452	0	0	1422	/assets/global/plugins/server/php
1	4	0	0	3	29733274	0	29733261	29733234	0	29733231	2592	/api/patients/update.php
1	2	0	0	6	29823221	0	29788818	29732895	0	29729897	5849	/sito/wp-includes/wlwmanifest.xml
1	2	0	0	0	29783952	0	0	29750632	0	0	3080	/OtherPayment-B9VCHD6a.js
1	0	0	0	23	0	0	29832508	0	0	29732629	0	/api/v2/.env
1	1	0	0	0	29733202	0	0	29733202	0	0	7806	/phpmyadmin/js/vendor/jquery/jquery.validate.min.js?v=5.2.3
1	2	0	0	0	29783952	0	0	29743877	0	0	3316	/__/firebase/init.json
1	1	0	0	0	29829289	0	0	29829289	0	0	1658	/cache/cache/cache.php
1	1	0	0	0	29760107	0	0	29760107	0	0	1658	/wp-content/plugins/ultimate-weather-plugin/readme.txt
1	6	0	0	0	29826802	0	0	29730329	0	0	7408	/assets/assets/message-square-gLkdQm4U.js
1	1	0	0	0	29797120	0	0	29797120	0	0	1658	/google-services.json
1	0	0	0	2	0	0	29814352	0	0	29814241	0	/@fs/proc/self/cwd/.env.local
1	33	0	0	30	29744676	0	29751738	29733230	0	29733093	15782	/api/auth/login.php
1	0	0	0	25	0	0	29832508	0	0	29732629	0	/magento/.env
1	0	0	0	2	0	0	29783952	0	0	29743877	0	/api/v2/settings
1	3	0	0	0	29734527	0	0	29734498	0	0	6711	/wander.php
1	3	0	0	0	29734528	0	0	29734498	0	0	6711	/wp-xm.php
1	1	0	0	0	29733202	0	0	29733202	0	0	65929	/phpmyadmin/js/vendor/jquery/jquery-ui.min.js?v=5.2.3
1	0	0	0	1	0	0	29819077	0	0	29819077	0	/.git/config~
1	1	0	0	0	29797120	0	0	29797120	0	0	1658	/@fs/proc/1/environ?import&raw??
1	9	9	0	0	29764950	0	0	29734365	0	0	12078	/?author=4&feed=rss2
1	2	0	0	0	29783952	0	0	29743877	0	0	3316	/.bash_profile
1	1	0	0	0	29740027	0	0	29740027	0	0	1422	/wp-admin/css/colors/index.php
1	0	0	1	0	0	29769219	0	0	29769219	0	0	/cms/
1	3	0	0	0	29758169	0	0	29736117	0	0	4266	/Visit?id=1
1	2	0	0	0	29793593	0	0	29792880	0	0	7084	/api/home/get.php
1	0	0	0	1	0	0	29797120	0	0	29797120	0	/aws-credentials.json
1	0	0	0	19	0	0	29832508	0	0	29732630	0	/api/dev/.env
1	0	0	0	2	0	0	29725305	0	0	29725305	0	/wp-content/plugins/smtp-mailer/readme.txt
1	17	0	0	0	29832509	0	0	29743877	0	0	28186	/service-account.json
1	45	0	0	0	29833107	0	0	29731055	0	0	78771	/sitemap.xml
1	1	0	0	0	29783952	0	0	29783952	0	0	1422	/portal
1	1	0	0	0	29811385	0	0	29811385	0	0	2048	/drarmankabir.com.sql
1	0	0	0	1	0	0	29797120	0	0	29797120	0	/?file=../../.env
1	2	2	0	0	29736705	0	0	29733820	0	0	1658	/?23.94.77.249
1	3	0	0	0	29734527	0	0	29734498	0	0	6711	/unity.php
1	1	0	0	0	29735893	0	0	29735893	0	0	1196	/old
1	0	0	0	24	0	0	29832508	0	0	29732629	0	/v2/.env
1	1	0	0	0	29740027	0	0	29740027	0	0	1422	/ultra.php
1	1	0	0	0	29733202	0	0	29733202	0	0	1220	/phpmyadmin/js/vendor/codemirror/addon/lint/lint.css?v=5.2.3
1	6	0	0	0	29826802	0	0	29730329	0	0	7408	/assets/assets/external-link-YRWS9f1T.js
1	3	0	0	0	29734527	0	0	29734498	0	0	6711	/as.php
1	16	0	0	8	29827300	0	29832508	29732629	0	29749713	24098	/.env.yml
1	8	0	0	1	29753240	0	29744401	29736020	0	29744401	699	/api/data/save.php
1	7	0	0	21	29733274	0	29753145	29733231	0	29733231	2611	/api/auth/verify.php
1	1	0	0	0	29811385	0	0	29811385	0	0	2048	/backup.sql.gz
1	2	0	0	0	29783952	0	0	29750632	0	0	3080	/Staff-CTNepX6G.js
1	0	0	0	17	0	0	29832509	0	0	29732630	0	/beta/.env
1	2	0	0	0	29783952	0	0	29743877	0	0	3316	/localhost.key
1	2	0	0	0	29783952	0	0	29750632	0	0	3080	/AppointmentPayment-DTL8YvMS.js
1	0	0	0	1	0	0	29759376	0	0	29759376	0	/lab.php
1	1	0	0	0	29822452	0	0	29822452	0	0	1422	/admin/ckeditor/plugins/kcfinder/upload.php
1	11	0	0	0	29826802	0	0	29731138	0	0	3751	/assets/video-h2z_1vJH.js
1	1	0	0	0	29760107	0	0	29760107	0	0	1658	/wp-content/plugins/flash-album-gallery/readme.txt
1	2	0	0	0	29783952	0	0	29750632	0	0	3080	/LandingPage-Dv8SefYP.js
1	1	0	0	0	29790793	0	0	29790793	0	0	1422	/php_info.php
1	1	0	0	0	29797120	0	0	29797120	0	0	1658	/aws-credentials.yml
1	3	0	0	0	29734527	0	0	29734497	0	0	6711	/ms.php
1	0	0	0	7	0	0	29832749	0	0	29734557	0	/wp-config.php.bak
1	2	0	0	0	29806784	0	0	29805524	0	0	3316	/blog/wp-admin/install.php
1	9	0	0	0	29826802	0	0	29731138	0	0	3924	/assets/sun-7_ce8Kaj.js
1	1	0	0	0	29797120	0	0	29797120	0	0	1658	/proxy?url=http://169.254.169.254/latest/meta-data/iam/security-credentials/
1	1	0	0	0	29790793	0	0	29790793	0	0	1422	/app/config/parameters.yml
1	3	0	0	0	29734527	0	0	29734497	0	0	6711	/wmore1.php
1	0	0	0	22	0	0	29832509	0	0	29732630	0	/production/.env
1	223	0	0	0	29833267	0	0	29730289	0	0	83061	/assets/building-2-CMX9_teL.js
1	8	0	0	0	29826802	0	0	29730329	0	0	347896	/assets/VisitPage-5feiJJvC.js
1	0	0	0	24	0	0	29832508	0	0	29732630	0	/vendor/.env
1	0	0	0	1	0	0	29759227	0	0	29759227	0	/67.php
1	0	0	0	18	0	0	29832509	0	0	29732630	0	/logs/.env
1	2	0	0	0	29768317	0	0	29761710	0	0	0	/wp-includes/js/wp-emoji.js
1	0	0	0	37	0	0	29832508	0	0	29732629	0	/app/.env
1	1	0	0	0	29820699	0	0	29820699	0	0	1658	/wp-admin/css/goods.php
1	1	0	0	0	29826520	0	0	29826520	0	0	1422	/legal
1	6	0	0	0	29826802	0	0	29730329	0	0	7408	/assets/assets/format-C8K1a6Fc.js
1	2	0	0	0	29832749	0	0	29832749	0	0	3316	/server.properties
1	3	0	0	0	29734527	0	0	29734497	0	0	6711	/obfuscate.php
1	1	0	0	0	29822452	0	0	29822452	0	0	1422	/plugins/responsive_filemanager/filemanager/dialog.php
1	1	0	0	0	29735893	0	0	29735893	0	0	1196	/old/wp-admin/setup-config.php?step=1&language=en_GB
1	3	0	0	0	29734527	0	0	29734498	0	0	6711	/btx25.php
1	1	0	0	0	29797120	0	0	29797120	0	0	1658	/@fs/root/.aws/config?raw??
1	6	0	0	0	29826802	0	0	29730329	0	0	7408	/assets/assets/Staff-CTNepX6G.js
1	1	0	0	0	29733202	0	0	29733202	0	0	43	/phpmyadmin/themes/dot.gif
1	1	0	0	0	29822452	0	0	29822452	0	0	1422	/app/webroot/js/kcfinder/upload.php
1	1	0	0	0	29797120	0	0	29797120	0	0	1658	/screenshot?url=http://169.254.169.254/latest/meta-data/
1	2	0	0	0	29783952	0	0	29743877	0	0	3316	/.ssh/authorized_keys
1	10	0	0	0	29801750	0	0	29767171	0	0	14220	/wp-json/buddyboss/v1/members?per_page=100&_fields=user_login
1	27	0	0	0	29829153	0	0	29731063	0	0	43315	/media/system/js/core.js
1	0	0	0	22	0	0	29832509	0	0	29732630	0	/mail/.env
1	1	0	0	0	29797120	0	0	29797120	0	0	1658	/home/gitlab-runner/.aws/credentials
1	13	0	0	0	29802231	0	0	29767378	0	0	18486	/wp-json/bbp-api/v1/users
1	1	0	0	0	29797120	0	0	29797120	0	0	1658	/fetch?src=http://169.254.169.254/latest/meta-data/iam/security-credentials/
1	1	0	0	0	29822452	0	0	29822452	0	0	1422	/public/js/libraries/filemanager/dialog.php
1	11	0	0	0	29826802	0	0	29731138	0	0	3949	/assets/save-DzMd4SiT.js
1	0	0	0	1	0	0	29759376	0	0	29759376	0	/imageswp-init.php
1	0	0	0	2	0	0	29725449	0	0	29725449	0	/___proxy_subdomain_whm/login
1	0	0	0	25	0	0	29832508	0	0	29732629	0	/var/www/.env
1	3	0	0	0	29734527	0	0	29734498	0	0	6711	/file3.php
1	0	0	0	1	0	0	29797120	0	0	29797120	0	/download?file=../../.env
1	8	0	0	8	29733274	0	29751838	29733234	0	29733234	5032	/api/patients/get.php?id=1
1	1	0	0	0	29811385	0	0	29811385	0	0	2048	/data.sql
1	1	0	0	0	29741044	0	0	29741044	0	0	1422	/robots.txt?31.220.98.151
1	0	0	0	9	0	0	29733261	0	0	29733231	0	/api/patients/get.php?id=0
1	1	0	0	1	29790793	0	29812953	29790793	0	29812953	1422	/index.php
1	2	0	0	0	29783952	0	0	29743877	0	0	3316	/.openclaw/openclaw.json
1	2	0	0	0	29761003	0	0	29761003	0	0	2844	/cms/wp-login.php
1	4	0	0	0	29826520	0	0	29786620	0	0	6396	/contact
1	0	0	0	2	0	0	29783952	0	0	29743877	0	/.htpasswd
1	7	0	0	0	29801111	0	0	29784386	0	0	9954	/wp-json/learnpress/v1/users
1	3	0	0	0	29734528	0	0	29734498	0	0	6711	/wp-pp.php
1	9	0	0	0	29826802	0	0	29731138	0	0	2610	/assets/info-DjKKOoM3.js
1	2	0	0	0	29806784	0	0	29805524	0	0	3316	/old/wp-admin/install.php
1	1	0	0	0	29733743	0	0	29733743	0	0	884	/media/editors/jce/js
1	0	0	0	32	0	0	29832508	0	0	29732629	0	/src/.env
1	0	0	0	3	0	0	29751838	0	0	29751738	0	/api/payments/total-income.php
1	0	0	0	1	0	0	29797120	0	0	29797120	0	/api/proxy?url=http://169.254.169.254/latest/meta-data/iam/security-credentials/
1	1	0	0	5	29823221	0	29788818	29823221	0	29729897	4876	/media/wp-includes/wlwmanifest.xml
1	6	0	0	0	29826802	0	0	29730329	0	0	7408	/assets/assets/table-CnbMZ7S8.js
1	1	0	0	0	29820638	0	0	29820638	0	0	1658	/sftp-config.json?179.43.134.114
1	7	0	0	0	29733274	0	0	29733231	0	0	2986	/api/appointments/list.php?date_from=2026-07-12&date_to=2026-07-19
1	1	0	0	0	29811385	0	0	29811385	0	0	2048	/sql.sql
1	1	0	0	0	29790383	0	0	29790383	0	0	66	/favicon.ico?179.43.134.114
1	3	0	0	0	29734528	0	0	29734498	0	0	6711	/misewes.php
1	2	0	0	0	29832749	0	0	29832749	0	0	3316	/.terraform/terraform.tfstate
1	248	0	0	2	29833267	0	29830687	29730289	0	29830653	92999	/assets/send-cdrsuHAc.js
1	0	0	0	1	0	0	29759376	0	0	29759376	0	/upl.php
1	1	0	0	0	29738419	0	0	29738419	0	0	1658	/.env.neon
1	0	0	0	1	0	0	29797120	0	0	29797120	0	/actuator/logfile
1	20	0	0	0	29832509	0	0	29732630	0	0	30730	/webroot/index.php/_environment
1	0	0	20	0	0	29832509	0	0	29732630	0	0	/webmail/phpinfo.php
1	0	0	0	1	0	0	29759377	0	0	29759377	0	/images/leafmailer2.8.php
1	6	0	0	0	29826802	0	0	29730329	0	0	7408	/assets/assets/Appointments-CiXOz8vL.js
1	0	0	0	23	0	0	29832508	0	0	29732630	0	/graphql/.env
1	0	0	0	25	0	0	29832508	0	0	29732630	0	/internal/.env
1	1	0	0	0	29811385	0	0	29811385	0	0	2048	/dump.sql.gz
1	0	0	0	2	0	0	29811052	0	0	29807172	0	/html/.git/config
1	1	0	0	0	29797120	0	0	29797120	0	0	1658	/aws.env
1	0	0	0	18	0	0	29832509	0	0	29732630	0	/cache/.env
1	1	0	0	0	29820699	0	0	29820699	0	0	1658	/style.php
1	3	0	0	0	29801589	0	0	29734557	0	0	2854	/config.yml
1	2	0	0	0	29783952	0	0	29750632	0	0	3080	/DailyProgressNote-dVntCN7J.js
1	9	0	0	0	29826802	0	0	29730329	0	0	75006	/assets/RegistrarDashboard-CdC5G3Yl.js
1	14	14	0	0	29820505	0	0	29751655	0	0	19908	/?ping=1
1	0	0	0	1	0	0	29769220	0	0	29769220	0	/new
1	0	0	0	1	0	0	29759227	0	0	29759227	0	/505.php
1	2	0	0	0	29815113	0	0	29756948	0	0	3316	/archivarix.cms.php
1	1	0	0	0	29740027	0	0	29740027	0	0	1422	/wp-content/class-wp-http-client.php
1	1	0	0	0	29740027	0	0	29740027	0	0	1422	/wp-admin/options.php
1	0	0	0	2	0	0	29818934	0	0	29761003	0	/index.php?rest_route=/batch/v1
1	16	0	0	0	29832509	0	0	29732630	0	0	24098	/beta/phpinfo.php
1	256	0	0	0	29833267	0	0	29730289	0	0	78954	/assets/rotate-ccw-DEYXgLqp.js
1	1	0	0	0	29811385	0	0	29811385	0	0	2048	/database.bak
1	1	0	0	0	29811385	0	0	29811385	0	0	2048	/1.sql
1	14	0	0	0	29820505	0	0	29751655	0	0	19908	/wp-content/index.php?ping=1
1	5	0	0	0	29832749	0	0	29734557	0	0	6632	/.npmrc
1	6	0	0	0	29826802	0	0	29730329	0	0	7408	/assets/assets/chart-no-axes-column-aUF3iGvH.js
1	2	0	0	0	29753322	0	0	29753322	0	0	1422	/PatientProfile?id="1"
1	0	0	0	19	0	0	29832508	0	0	29732629	0	/laravel5/.env
1	1	0	0	0	29790792	0	0	29790792	0	0	1422	/web.config
1	1	0	0	0	29822452	0	0	29822452	0	0	1422	/assets/vendor/jquery.filer/php/readme.txt
1	1	0	0	0	29797120	0	0	29797120	0	0	1658	/redirect?url=http://169.254.169.254/latest/meta-data/iam/security-credentials/
1	2	0	0	0	29748590	0	0	29740507	0	0	3316	/.sftp-config.json
1	0	0	0	1	0	0	29819077	0	0	29819077	0	/.git/config.old
1	0	0	10	0	0	29802078	0	0	29767377	0	0	/feed/json/
1	2	0	0	0	29783952	0	0	29743877	0	0	3316	/manifest.webmanifest
1	0	0	0	18	0	0	29832509	0	0	29732630	0	/aws/.env
1	0	0	0	1	0	0	29733231	0	0	29733231	0	/api/vitals/record.php
1	1	0	0	1	29806611	0	29790793	29806611	0	29790793	1658	/configuration.php
1	6	0	0	5	29736030	0	29729687	29731474	0	29725169	5352	/wp-content/themes/main.php
1	10	0	0	2	29832749	0	29790793	29730892	0	29783952	11904	/.aws/credentials
1	2	0	0	0	29832749	0	0	29832749	0	0	3316	/terraform/terraform.tfstate
1	1	0	0	0	29806868	0	0	29806868	0	0	1658	/index.php?rest_route=/wp/v2/users
1	1	0	0	0	29733202	0	0	29733202	0	0	200	/phpmyadmin/js/dist/cross_framing_protection.js?v=5.2.3
1	1	0	0	0	29820699	0	0	29820699	0	0	1658	/wp-admin/css/admin.php
1	0	0	0	1	0	0	29759377	0	0	29759377	0	/images/byps.php
1	1	0	0	0	29733202	0	0	29733202	0	0	11092	/phpmyadmin/js/dist/navigation.js?v=5.2.3
1	1	0	0	0	29822452	0	0	29822452	0	0	1422	/tinymce/filemanager/dialog.php
1	1	0	0	1	29797120	0	29782721	29797120	0	29782721	1658	/download?file=../../../../etc/passwd
1	0	0	0	1	0	0	29759227	0	0	29759227	0	/500.php
1	1	0	0	0	29812953	0	0	29812953	0	0	1658	/feed?wpcb93d9a7a7
1	1	0	0	0	29822452	0	0	29822452	0	0	1422	/cms/vendor/responsive_filemanager/filemanager/dialog.php
1	0	0	0	17	0	0	29832509	0	0	29732630	0	/mongodb/.env
1	2	0	0	1	29740724	0	29729033	29734076	0	29729033	2536	/wp-content/plugins/updraftplus/readme.txt
1	6	0	0	0	29826802	0	0	29730329	0	0	7408	/assets/assets/OtherPayment-B9VCHD6a.js
1	1	0	0	1	29797120	0	29787355	29797120	0	29787355	1658	/.github/workflows/main.yml
1	1	0	0	0	29740027	0	0	29740027	0	0	1422	/wp-admin/js/widgets/xmrlpc.php
1	1	0	0	0	29811385	0	0	29811385	0	0	2048	/wwwroot.zip
1	1	0	0	0	29824391	0	0	29824391	0	0	1658	/store/app/etc/local.xml
1	0	0	0	23	0	0	29832508	0	0	29732630	0	/microservice/.env
1	1	0	0	0	29822452	0	0	29822452	0	0	1422	/assets/scripts/filemanager/dialog.php
1	239	0	0	2	29833267	0	29830688	29730289	0	29830653	82513	/assets/file-text-DJrK52te.js
1	3	0	0	0	29833107	0	0	29731055	0	0	10725	/security.txt
1	1	0	0	0	29811385	0	0	29811385	0	0	2048	/backups/database.sql
1	2	0	0	0	29783952	0	0	29743877	0	0	3316	/privatekey.key
1	1	0	0	0	29790790	0	0	29790790	0	0	1422	/server.js
1	0	0	0	1	0	0	29725757	0	0	29725757	0	/assets/auth-bridge.js
1	0	0	0	2	0	0	29811052	0	0	29807172	0	/app/.git/config
1	0	0	1	0	0	29822452	0	0	29822452	0	0	/admin/galerie/server/php/
1	4	0	0	1	29814352	0	29782721	29787355	0	29782721	6632	/@fs/proc/self/environ
1	1	0	0	0	29797120	0	0	29797120	0	0	1658	/login/..
1	10	0	0	0	29802794	0	0	29767378	0	0	14220	/wp-json/wc/v3/customers
1	2	0	0	0	29783952	0	0	29743877	0	0	3316	/actuator
1	1	0	0	0	29811385	0	0	29811385	0	0	2048	/database.sql.gz
1	24	0	0	13	29827300	0	29832508	29732629	0	29749713	47016	/.env.example
1	0	0	0	2	0	0	29725449	0	0	29725449	0	/v2/_catalog
1	1	0	0	0	29752442	0	0	29752442	0	0	4876	/sitemap.xml.gz
1	0	0	0	1	0	0	29793598	0	0	29793598	0	/api/test.php
1	0	0	0	1	0	0	29824391	0	0	29824391	0	/api/v1/version
1	3	0	0	0	29734528	0	0	29734498	0	0	6711	/satan.php
1	1	0	0	0	29824391	0	0	29824391	0	0	1658	/.esmtprc
1	7	0	0	1	29736053	0	29725184	29730591	0	29725184	5795	/wp-includes/Text/Diff/Engine/forgot_password.php
1	3	0	0	0	29812612	0	0	29805563	0	0	14628	/crusader-404-probe
1	1	0	0	2	29797120	0	29783952	29797120	0	29743877	1658	/.gitlab-ci.yml
1	1	0	0	0	29783952	0	0	29783952	0	0	1658	/credentials.js
1	0	0	0	23	0	0	29832509	0	0	29732630	0	/cron/.env
1	0	0	0	2	0	0	29797120	0	0	29783952	0	/.github/.env
1	0	0	1	5	0	29797120	29783952	0	29797120	29734557	0	/api/config
1	0	0	0	1	0	0	29733192	0	0	29733192	0	/api/db_test.php
1	1	0	0	0	29805872	0	0	29805872	0	0	1422	/language/en-GB/en-GB.xml
1	0	0	0	1	0	0	29759377	0	0	29759377	0	/alfi.php
1	1	0	0	0	29749411	0	0	29749411	0	0	1422	/wp-login.php/wp-content/plugins/index.php?ping=1
1	1	0	0	0	29822452	0	0	29822452	0	0	1422	/file-manager/initialize
1	1	1	0	0	29757073	0	0	29757073	0	0	4876	/?31.220.98.151
1	6	6	0	0	29754115	0	0	29739590	0	0	19602	/?27.255.189.72
1	1	0	0	0	29759084	0	0	29759084	0	0	4876	/wp-includes/Text
1	0	0	0	1	0	0	29759376	0	0	29759376	0	/wp-init.php
1	3	0	0	0	29769358	0	0	29752442	0	0	7720	/sitemap.txt
1	1	0	0	0	29820699	0	0	29820699	0	0	1658	/wp-editor.php
1	1	0	0	0	29733942	0	0	29733942	0	0	702	/EmergencyPrescription
1	1	0	0	0	29797120	0	0	29797120	0	0	1658	/.flaskenv
1	0	0	0	23	0	0	29832508	0	0	29732630	0	/gateway/.env
1	0	0	0	1	0	0	29797120	0	0	29797120	0	/internal/.env.production
1	1	0	0	0	29790793	0	0	29790793	0	0	1422	/server_info.php
1	8	0	0	0	29826802	0	0	29731138	0	0	3464	/assets/sparkles-BXWJULex.js
1	3	0	0	0	29734527	0	0	29734498	0	0	6711	/w2025.php
1	1	0	0	0	29797120	0	0	29797120	0	0	1658	/proc/self/environ
1	12	0	0	1	29753240	0	29753240	29733199	0	29753240	5642	/api/setup-test.php
1	1	0	0	0	29733202	0	0	29733202	0	0	7455	/phpmyadmin/js/dist/ajax.js?v=5.2.3
1	1	0	0	0	29760168	0	0	29760168	0	0	1658	/wp-content/plugins/bj-lazy-load/thumb.php?src=http://img.youtube.com/KjPcb8q24DgRNkbp.jpg
1	0	0	0	1	0	0	29759084	0	0	29759084	0	/lim.php
1	1	0	0	0	29812917	0	0	29812917	0	0	1658	/.well-known/apple-app-site-association
1	0	0	0	22	0	0	29832509	0	0	29732630	0	/mailing/.env
1	35	0	0	0	29833454	0	0	29749410	0	0	49770	/wp-json/wp/v2/users/me
1	2	0	0	0	29783952	0	0	29743877	0	0	3316	/actuator/mappings
1	1	0	0	0	29824391	0	0	29824391	0	0	1658	/nuget.config
1	0	0	1	0	0	29740027	0	0	29740027	0	0	/vendor/
1	0	0	0	1	0	0	29759377	0	0	29759377	0	/fpebr.php
1	2	0	0	0	29832749	0	0	29832749	0	0	3316	/.azure/azureProfile.json
1	3	0	0	0	29734527	0	0	29734497	0	0	6711	/wp-access.php
1	0	0	1	0	0	29822452	0	0	29822452	0	0	/assets/plugins/js/jquery-file-upload/server/php/
1	1	0	0	0	29778856	0	0	29778856	0	0	1658	/wp-includes/sodium_compat/src/Core/AEGIS/logo.php?179.43.134.114
1	41	0	0	2	29787218	0	29726971	29730575	0	29725176	62167	/wp-includes/cron.php
1	12	0	0	8	29823221	0	29788818	29732895	0	29727175	49179	/test/wp-includes/wlwmanifest.xml
1	2	0	0	0	29783952	0	0	29743877	0	0	3316	/_debugbar/open
1	9	0	0	0	29826802	0	0	29731138	0	0	2988	/assets/user-search-CBqVxlq_.js
1	0	0	0	22	0	0	29832509	0	0	29732630	0	/newsletter/.env
1	0	0	0	19	0	0	29832509	0	0	29732630	0	/user-panel/.env
1	1	0	0	0	29811385	0	0	29811385	0	0	2048	/www.tar.gz
1	0	0	0	19	0	0	29832509	0	0	29732630	0	/development/.env
1	1	0	0	0	29820699	0	0	29820699	0	0	1658	/bless.php
1	9	0	0	0	29765014	0	0	29734366	0	0	12078	/index.php?rest_route=/wp/v2/users&per_page=50
1	1	0	0	0	29733202	0	0	29733202	0	0	1035	/phpmyadmin/js/vendor/codemirror/addon/runmode/runmode.js?v=5.2.3
1	0	0	0	17	0	0	29832509	0	0	29732630	0	/kubernetes/.env
1	2	0	0	1	29783952	0	29797120	29743877	0	29797120	3316	/_profiler/latest
1	3	0	0	0	29734528	0	0	29734498	0	0	6711	/zcxb.php
1	0	0	0	23	0	0	29832509	0	0	29732630	0	/store/.env
1	1	0	0	0	29740027	0	0	29740027	0	0	1422	/update/da222.php
1	1	0	0	0	29822452	0	0	29822452	0	0	1422	/assets/plugins/kcfinder/upload.php
1	0	0	0	28	0	0	29826365	0	0	29727049	0	/.git/HEAD
1	0	0	0	2	0	0	29725449	0	0	29725449	0	/console/
1	0	0	0	30	0	0	29832508	0	0	29732629	0	/apps/.env
1	1	0	0	0	29797120	0	0	29797120	0	0	1658	/@fs/app/.aws/credentials?raw??
1	0	0	0	37	0	0	29832508	0	0	29732629	0	/config/.env
1	0	0	1	0	0	29822452	0	0	29822452	0	0	/asset/server/php/
1	13	0	0	0	29826802	0	0	29730329	0	0	213052	/assets/Appointments-CiXOz8vL.js
1	1	0	0	0	29740027	0	0	29740027	0	0	1422	/wp-gr.php
1	1	0	0	0	29740027	0	0	29740027	0	0	1422	/wp-admin/images/about.php
1	4	0	0	0	29733274	0	0	29733234	0	0	2320	/api/payments/list.php?patient_id=2
1	0	0	0	2	0	0	29753145	0	0	29753002	0	/api/payments/list.php?patient_id=1
1	8	0	0	0	29826802	0	0	29731138	0	0	2888	/assets/layers-DwYKTjmE.js
1	0	0	0	22	0	0	29832509	0	0	29732630	0	/ses/.env
1	3	0	0	0	29733261	0	0	29733231	0	0	1334	/api/payments/list.php?patient_id=0
1	3	0	0	0	29734527	0	0	29734497	0	0	6711	/wp-firewall.php
1	249	0	0	2	29833267	0	29830687	29730289	0	29830653	78042	/assets/upload-10Urw3kY.js
1	6	0	0	0	29826802	0	0	29730329	0	0	7408	/assets/assets/RegistrarDashboard-CdC5G3Yl.js
1	2	0	0	0	29801589	0	0	29734557	0	0	1422	/.pypirc
1	0	0	0	1	0	0	29797120	0	0	29797120	0	/jenkins/secrets/master.key
1	3	0	0	0	29797120	0	0	29743877	0	0	4974	/_profiler/open
1	0	0	0	25	0	0	29832508	0	0	29732629	0	/dist/.env
1	0	0	0	25	0	0	29832508	0	0	29732629	0	/cms/.env
1	9	0	0	0	29826802	0	0	29731138	0	0	3672	/assets/droplets-Dr40MrVb.js
1	7	0	0	0	29826802	0	0	29733938	0	0	1659	/assets/BarChart-Ch6XFCj8.js
1	0	0	0	1	0	0	29797120	0	0	29797120	0	/api/v1/fetch?url=http://169.254.169.254/latest/meta-data/iam/security-credentials/
1	1	0	0	0	29733202	0	0	29733202	0	0	2481	/phpmyadmin/js/vendor/sprintf.js?v=5.2.3
1	1	0	0	0	29743877	0	0	29743877	0	0	1658	/_next/static/buildManifest.js
1	6	0	0	0	29826802	0	0	29730329	0	0	7408	/assets/assets/circle-alert-3N-VW3xt.js
1	0	0	0	1	0	0	29797120	0	0	29797120	0	/files../.env
1	3	0	0	0	29734528	0	0	29734498	0	0	6711	/orm.php
1	5	0	0	0	29812612	0	0	29743877	0	0	17944	/actuator/configprops
1	1	0	0	0	29822452	0	0	29822452	0	0	1422	/admin/events/lib/external/responsive_filemanager/filemanager/dialog.php
1	1	0	0	0	29796354	0	0	29796354	0	0	1658	/.well-known/mcp
1	1	0	0	0	29733202	0	0	29733202	0	0	1753	/phpmyadmin/js/dist/menu_resizer.js?v=5.2.3
1	1	0	0	0	29796354	0	0	29796354	0	0	1658	/.well-known/mcp/server-card.json
1	1	0	0	0	29820699	0	0	29820699	0	0	1658	/dex.php
1	0	0	0	1	0	0	29797120	0	0	29797120	0	/.netlify/.env
1	4	0	0	0	29808909	0	0	29731069	0	0	4643	/components/com_sppagebuilder/sppagebuilder.xml
1	0	0	0	23	0	0	29832509	0	0	29732630	0	/cronlab/.env
1	1	0	0	0	29824391	0	0	29824391	0	0	1658	/app/etc/local.xml
1	0	0	0	28	0	0	29832508	0	0	29732629	0	/dev/.env
1	1	0	0	0	29797120	0	0	29797120	0	0	1658	/proxy?url=http://169.254.169.254/metadata/identity/oauth2/token%3Fapi-version%3D2018-02-01%26resource%3Dhttps://management.azure.com/
1	1	0	0	0	29790793	0	0	29790793	0	0	1422	/portal/phpinfo.php
1	2	0	0	0	29832749	0	0	29832749	0	0	3316	/.config/gcloud/legacy_credentials
1	0	0	1	0	0	29740027	0	0	29740027	0	0	/wp-admin/css/colors/ocean/
1	0	0	4	0	0	29793396	0	0	29793396	0	0	/mail/
1	0	0	0	1	0	0	29725757	0	0	29725757	0	/assets/hero-enhancement.css
1	1	0	0	0	29733202	0	0	29733202	0	0	36836	/phpmyadmin/js/dist/functions.js?v=5.2.3
1	5	0	0	0	29814352	0	0	29806433	0	0	17944	/assets/index-DJeWhCy-.js.map
1	15	0	0	0	29832509	0	0	29806656	0	0	24870	/google-credentials.json
1	12	0	0	9	29823221	0	29788818	29732895	0	29725664	49179	/wp/wp-includes/wlwmanifest.xml
1	1	0	0	1	29743877	0	29783952	29743877	0	29783952	1658	/sendgrid.env
1	3	0	0	0	29734528	0	0	29734498	0	0	6711	/buds1.php
1	0	0	0	1	0	0	29797120	0	0	29797120	0	/.aws/credentials.old
1	0	0	0	3	0	0	29751838	0	0	29751738	0	/api/payments/list.php
1	2	0	0	0	29783952	0	0	29750632	0	0	3080	/Settings-DPkJ1nB8.js
1	2	0	0	0	29783952	0	0	29743877	0	0	3316	/ssl/localhost.key
1	0	0	0	1	0	0	29797120	0	0	29797120	0	/.supabase/.env
1	2	0	0	0	29797120	0	0	29783952	0	0	3316	/Dockerfile
1	0	0	0	1	0	0	29826546	0	0	29826546	0	/core/Datavase/.env
1	3	0	0	0	29734528	0	0	29734498	0	0	6711	/file17.php
1	15	0	0	9	29827300	0	29832508	29732629	0	29749713	22440	/.env.txt
1	0	0	0	1	0	0	29797120	0	0	29797120	0	/aws/ecs/task-credentials.json
1	1	0	0	0	29733202	0	0	29733202	0	0	7946	/phpmyadmin/js/messages.php?l=en&v=5.2.3&lang=en
1	0	0	0	19	0	0	29832508	0	0	29732630	0	/api/v3/.env
1	6	0	0	0	29824391	0	0	29740507	0	0	9948	/sftp-config.json
1	0	0	0	2	0	0	29783952	0	0	29743877	0	/api/v1/settings
1	1	0	0	0	29811385	0	0	29811385	0	0	2048	/drarmankabir.com_db.sql
1	0	0	0	1	0	0	29797120	0	0	29797120	0	/read?file=../../.env
1	1	0	0	0	29824391	0	0	29824391	0	0	1658	/.msmtprc
1	1	0	0	0	29822452	0	0	29822452	0	0	1422	/ckeditor/kcfinder/upload.php
1	2	0	0	0	29783952	0	0	29743877	0	0	3316	/.claude.json
1	7	0	0	0	29826802	0	0	29730329	0	0	55629	/assets/OtherPayment-B9VCHD6a.js
1	1	0	0	0	29760107	0	0	29760107	0	0	1658	/wp-content/plugins/skysa-official/readme.txt
1	1	0	0	0	29811385	0	0	29811385	0	0	2048	/htdocs.zip
1	0	0	0	1	0	0	29759377	0	0	29759377	0	/wp-content/uploads/simple-file-list/alfa.php
1	6	6	0	0	29765013	0	0	29746563	0	0	8532	/?author=5
1	1	0	0	0	29822452	0	0	29822452	0	0	1422	/js/kcfinder/upload.php
1	6	0	0	0	29826802	0	0	29730329	0	0	7408	/assets/assets/clinicalIntelligence-B4u_Xj_J.js
1	0	0	0	19	0	0	29832508	0	0	29732629	0	/codeigniter/.env
1	10	10	0	0	29765013	0	0	29734367	0	0	13500	/?author=4
1	16	16	0	0	29785429	0	0	29746229	0	0	22752	/?author=3
1	40	0	0	6	29787225	0	29728765	29730575	0	29725180	60509	/wp-includes/php-ai-client/src/Messages/DTO/apc.php
1	3	0	0	0	29734528	0	0	29734498	0	0	6711	/des.php
1	3	0	0	0	29797120	0	0	29743877	0	0	4974	/__env.js
1	22	22	0	0	29802230	0	0	29734366	0	0	30564	/?author=2
1	7	0	0	0	29733743	0	0	29733283	0	0	3008209	/assets/index-DJeWhCy-.js?v=3.0
1	22	22	0	0	29801933	0	0	29746140	0	0	31284	/?author=1
1	1	0	0	0	29786620	0	0	29786620	0	0	1658	/contacts
1	1	0	0	0	29783952	0	0	29783952	0	0	1422	/workspace
1	0	0	0	1	0	0	29797120	0	0	29797120	0	/@fs/app/.env?raw??
1	1	0	0	0	29733202	0	0	29733202	0	0	6122	/phpmyadmin/js/dist/config.js?v=5.2.3
1	1	0	0	0	29797120	0	0	29797120	0	0	1658	/fetch?target=http://169.254.169.254/latest/meta-data/iam/security-credentials/
1	1	0	0	0	29740027	0	0	29740027	0	0	1422	/wp-admin/wp-fileesx-449.php
1	36	0	0	6	29786327	0	29728758	29730557	0	29725161	53586	/wp-includes/SimplePie/library/SimplePie/HTTP/core_functions.php
1	3	0	0	0	29734528	0	0	29734498	0	0	6711	/rum.php
1	15	0	0	0	29832509	0	0	29806656	0	0	24870	/keyfile.json
1	1	0	0	0	29740027	0	0	29740027	0	0	1422	/wp-admin/wp.php
1	1	0	0	0	29740027	0	0	29740027	0	0	1422	/wp-content/classwithtostring.php
1	1	0	0	0	29811385	0	0	29811385	0	0	2048	/wp-content/uploads/database.sql
1	15	0	0	0	29832509	0	0	29806656	0	0	24870	/gcp-key.json
1	2	0	0	79	29812612	0	29832749	29810294	0	29725449	9752	/.env
1	1	0	0	0	29822452	0	0	29822452	0	0	1422	/public/filemanager/dialog.php
1	6	0	0	0	29826802	0	0	29730329	0	0	7408	/assets/assets/pen-CfMhwJvZ.js
1	0	0	0	26	0	0	29832508	0	0	29732629	0	/shared/.env
1	3	0	0	0	29783952	0	0	29743877	0	0	4738	/service-worker.js
1	231	0	0	2	29833267	0	29830689	29730289	0	29830653	63417	/assets/plus-CHPIrJ6M.js
1	1	0	0	0	29824391	0	0	29824391	0	0	1658	/openam/ui/PWResetUserValidation
1	0	0	0	1	0	0	29761215	0	0	29761215	0	/wp-content/plugins/delightful-downloads/assets/vendor/jqueryFileTree/connectors/jqueryFileTree.php
1	1	0	0	0	29797120	0	0	29797120	0	0	1658	/.vercel/.env.development.local
1	0	0	0	23	0	0	29832508	0	0	29732629	0	/v3/.env
1	1	1	0	1	29797120	0	29782721	29797120	0	29782721	1658	/?file=../../../../etc/passwd
1	0	0	1	0	0	29740027	0	0	29740027	0	0	/wp-admin/css/colors/sunrise/
1	1	0	0	0	29822452	0	0	29822452	0	0	1422	/admin/jquery-file-upload/server/php
1	2	0	0	0	29806784	0	0	29805524	0	0	3316	/new/wp-admin/install.php
1	4	0	0	3	29733274	0	29733261	29733234	0	29733231	476	/api/clinical/notes-create.php
1	7	0	0	0	29830710	0	0	29763021	0	0	11134	/robots.txt?179.43.134.114
1	0	0	0	23	0	0	29832508	0	0	29732629	0	/rest/.env
1	0	0	0	1	0	0	29797120	0	0	29797120	0	/app/.env.production
1	3	0	0	1	29806784	0	29790345	29740027	0	29790345	4738	/wp-admin/install.php
1	6	0	0	0	29826802	0	0	29730329	0	0	7408	/assets/assets/video-h2z_1vJH.js
1	0	0	0	2	0	0	29783952	0	0	29743877	0	/api/account
1	1	0	0	0	29733202	0	0	29733202	0	0	4306	/phpmyadmin/themes/pmahomme/img/logo_right.png
1	1	0	0	0	29822452	0	0	29822452	0	0	1422	/libs/kcfinder/upload.php
1	2	0	0	0	29753145	0	0	29751839	0	0	14130	/api/content/get.php
1	0	0	0	1	0	0	29759376	0	0	29759376	0	/images/fox.php
1	0	0	0	17	0	0	29832509	0	0	29732630	0	/preview/.env
1	1	0	0	0	29749411	0	0	29749411	0	0	1422	/wp-login.php/wp-content/themes/index.php?ping=1
1	1	0	0	0	29760107	0	0	29760107	0	0	1658	/wp-content/plugins/church-admin/readme.txt
1	1	0	0	0	29797120	0	0	29797120	0	0	1658	/.env.azure
1	0	0	0	1	0	0	29759227	0	0	29759227	0	/77.php
1	1	0	0	0	29740027	0	0	29740027	0	0	1422	/wp-admin/amdin.php
1	1	0	0	0	29740027	0	0	29740027	0	0	1422	/wp-admin/class-protects.php
1	2	0	0	0	29806784	0	0	29805524	0	0	3316	/test/wp-admin/install.php
1	0	0	0	27	0	0	29832508	0	0	29732629	0	/releases/.env
1	0	0	0	1	0	0	29749411	0	0	29749411	0	/wp-login.php/wp-content/uploads/index.php?ping=1
1	0	0	0	22	0	0	29832509	0	0	29732630	0	/campaign/.env
1	1	0	0	0	29790793	0	0	29790793	0	0	1422	/.env-config.js
1	0	0	1	0	0	29740027	0	0	29740027	0	0	/wp-admin/js/widget/
1	0	0	0	28	0	0	29832508	0	0	29732629	0	/www/.env
1	3	0	0	0	29734527	0	0	29734497	0	0	6711	/wefile.php
1	1	0	0	0	29797120	0	0	29797120	0	0	1658	/.circleci/config.yml
1	2	0	0	0	29797120	0	0	29782721	0	0	3316	/aws/credentials
1	20	0	0	11	29827300	0	29832508	29732629	0	29749713	30730	/.env.swp
1	1	0	0	0	29740027	0	0	29740027	0	0	1422	/wp-admin/dropdown.php
1	1	0	0	0	29783952	0	0	29783952	0	0	1422	/account
1	3	0	0	0	29734527	0	0	29734497	0	0	6711	/wp-wlx.php
1	0	0	0	2	0	0	29814352	0	0	29814241	0	/@fs/proc/self/cwd/.env.local?import&raw
1	16	0	0	0	29832509	0	0	29732630	0	0	24098	/uat/phpinfo.php
1	0	0	0	1	0	0	29725628	0	0	29725628	0	/nonexistent-test-file-123456.css
1	0	0	0	2	0	0	29814352	0	0	29814241	0	/@fs/proc/self/cwd/.env.local?raw
1	1	0	0	0	29740027	0	0	29740027	0	0	1422	/wp-admin/themes.php
1	1	0	0	0	29740027	0	0	29740027	0	0	1422	/wp-content/file.php
1	4	0	0	3	29733274	0	29733261	29733234	0	29733231	456	/api/payments/create.php
1	16	0	0	0	29832509	0	0	29732630	0	0	24098	/preview/phpinfo.php
1	3	0	0	0	29734528	0	0	29734498	0	0	6711	/w3lls.php
1	1	0	0	0	29822452	0	0	29822452	0	0	1422	/upload/server/php
1	0	0	1	0	0	29822452	0	0	29822452	0	0	/plugins/js/jquery-file-upload/server/php/
1	1	0	0	2	29743877	0	29797120	29743877	0	29783952	1658	/.env.production.bak
1	7	0	0	0	29733274	0	0	29733231	0	0	12824	/api/settings/get.php
1	0	0	0	1	0	0	29759227	0	0	29759227	0	/72.php
1	6	0	0	0	29734528	0	0	29734498	0	0	13422	/sql.php
1	1	0	0	0	29826546	0	0	29826546	0	0	1422	/.production
1	1	0	0	0	29740027	0	0	29740027	0	0	1422	/wp-admin/includes/colour.php
1	1	0	0	0	29811385	0	0	29811385	0	0	2048	/mysql.sql.gz
1	49	0	0	7	29786322	0	29729669	29730578	0	29725193	70280	/wp-includes/php-ai-client/src/Operations/Enums/monitor.php
1	12	0	0	8	29823221	0	29788818	29732895	0	29727175	49179	/wp1/wp-includes/wlwmanifest.xml
1	1	0	0	0	29783952	0	0	29783952	0	0	1658	/config.json.js
1	1	0	0	0	29811385	0	0	29811385	0	0	2048	/db_backup.sql.gz
1	1	0	0	1	29735893	0	29769221	29735893	0	29769221	1196	/wp
1	12	0	0	8	29823221	0	29788818	29732895	0	29727175	49179	/site/wp-includes/wlwmanifest.xml
1	6	0	0	0	29826802	0	0	29733938	0	0	97104	/assets/SystemicExaminationSection-CCL-4QQD.js
1	17	0	0	6	29818934	0	29761004	29748140	0	29761003	73002	/wp-json/batch/v1
1	1	0	0	0	29797120	0	0	29797120	0	0	1658	/.github/workflows/docker.yml
1	4	0	0	0	29832749	0	0	29743877	0	0	6632	/.s3cfg
1	10	0	0	0	29826802	0	0	29731138	0	0	3060	/assets/circle-alert-3N-VW3xt.js
1	1	0	0	1	29797120	0	29787355	29797120	0	29787355	1658	/@fs/proc/1/environ?raw??
1	2	0	0	0	29820699	0	0	29740027	0	0	3080	/wp-admin/css/index.php
1	1	0	0	0	29783952	0	0	29783952	0	0	1422	/auth/login
1	6	0	0	0	29826802	0	0	29730329	0	0	7408	/assets/assets/textarea-BQiWEu5n.js
1	4	0	0	3	29733274	0	29733261	29733234	0	29733231	1648	/api/investigations/create.php
1	19	0	0	11	29827300	0	29832508	29732629	0	29749713	29072	/.env.uat
1	0	0	0	1	0	0	29759377	0	0	29759377	0	/wp-content/uploads/simple-file-list/fox.php
1	1	0	0	0	29760132	0	0	29760132	0	0	1658	/wp-content/plugins/ajax-random-post/readme.txt
1	0	0	0	2	0	0	29783952	0	0	29743877	0	/api/v2/config
1	0	0	0	2	0	0	29797120	0	0	29782721	0	/.env.orig
1	1	0	0	0	29820699	0	0	29820699	0	0	1658	/php8.php
1	0	0	0	1	0	0	29797120	0	0	29797120	0	/webhook?url=http://169.254.169.254/latest/meta-data/iam/security-credentials/
1	0	0	1	0	0	29822452	0	0	29822452	0	0	/blueimp-jQuery-File-Upload/server/php/
1	9	0	0	0	29826802	0	0	29731138	0	0	3204	/assets/user-plus-BJkC4ige.js
1	2	0	0	0	29734557	0	0	29734557	0	0	1196	/client_secret.json
1	2	0	0	0	29783952	0	0	29743877	0	0	3316	/elmah.axd
1	198	0	0	24	29747282	0	29744428	29735957	0	29739989	195132	/api/frontpage/get.php?key=doctorContentOverrides
1	9	0	0	0	29805947	0	0	29770730	0	0	12798	/wp-json/ldlms/v2/users?per_page=100&_fields=user_login
1	3	0	0	0	29734527	0	0	29734497	0	0	6711	/Okxob.php
1	3	0	0	0	29734528	0	0	29734498	0	0	6711	/moo.php
1	0	0	0	1	0	0	29759376	0	0	29759376	0	/lyda.php
1	0	0	0	17	0	0	29832509	0	0	29732630	0	/rabbitmq/.env
1	249	0	0	2	29833267	0	29830689	29730289	0	29830654	934322	/assets/useDoctorContent-Cx8T-OwA.js
1	0	0	0	23	0	0	29832509	0	0	29732630	0	/administrator/.env
1	0	0	0	2	0	0	29814352	0	0	29814241	0	/@fs/proc/self/cwd/.env.production?import&raw
1	2	0	0	0	29801735	0	0	29734557	0	0	1196	/.dev.vars
1	1	0	0	0	29809264	0	0	29809264	0	0	1658	/people
1	3	0	0	0	29734528	0	0	29734498	0	0	6711	/mr.php
1	0	0	0	19	0	0	29832509	0	0	29732630	0	/admin-panel/.env
1	1	0	0	0	29735893	0	0	29735893	0	0	1196	/blog/wp-admin/setup-config.php?step=1&language=en_GB
1	0	0	1	0	0	29733743	0	0	29733743	0	0	/media/editors/jce/js/
1	0	0	0	22	0	0	29832509	0	0	29732630	0	/backup/.env
1	2	2	0	0	29812953	0	0	29812953	0	0	3316	/?wpcb93d9a7a7
1	0	0	1	0	0	29822452	0	0	29822452	0	0	/plugins/jQuery-File-Upload/server/php/
1	0	0	0	27	0	0	29832508	0	0	29732629	0	/htdocs/.env
1	0	0	0	1	0	0	29759227	0	0	29759227	0	/66.php
1	0	0	1	0	0	29822452	0	0	29822452	0	0	/libraries/jsupload/server/php/
1	6	0	0	0	29814352	0	0	29730286	0	0	6907	/dashboard
1	1	0	0	0	29760107	0	0	29760107	0	0	1658	/wp-content/plugins/category-grid-view-gallery/readme.txt
1	3	0	0	0	29734527	0	0	29734497	0	0	6711	/1.php
1	13	0	0	0	29826802	0	0	29730329	0	0	315601	/assets/Dashboard-DyrPRUEp.js
1	14	0	0	0	29826802	0	0	29730329	0	0	329041	/assets/Settings-DPkJ1nB8.js
1	0	0	0	1	0	0	29819077	0	0	29819077	0	/.git/config.credentials
1	2	0	0	0	29783952	0	0	29743877	0	0	3316	/__debug__
1	1	0	0	0	29822452	0	0	29822452	0	0	1422	/assets/responsive_filemanager/filemanager/dialog.php
1	1	0	0	0	29783952	0	0	29783952	0	0	1658	/constants.js
1	0	0	0	17	0	0	29832509	0	0	29732630	0	/worker/.env
1	2	0	0	0	29753240	0	0	29753145	0	0	4751	/api/settings/site-config.php
1	0	0	0	2	0	0	29811052	0	0	29807172	0	/backend/.git/config
1	1	0	0	0	29820699	0	0	29820699	0	0	1658	/file.php
1	6	0	0	0	29826802	0	0	29730329	0	0	7408	/assets/assets/bed-double-DSQN6_I2.js
1	5	0	0	6	29736035	0	29729684	29734231	0	29725159	5344	/wp-content/plugins/formlayer/main/settings/shop_inventory.php
1	1	0	0	0	29740027	0	0	29740027	0	0	1422	/wp-admin/js/widgets/about.php
1	0	0	0	24	0	0	29832508	0	0	29732629	0	/var/www/html/.env
1	1	0	0	0	29797120	0	0	29797120	0	0	1658	/aws/iam/temporary-credentials
1	16	0	0	0	29833107	0	0	29731055	0	0	33643	/llms.txt
1	0	0	0	1	0	0	29759377	0	0	29759377	0	/images/lux.php
1	8	0	0	33	29736046	0	29786337	29730560	0	29726069	6991	/wp-includes/js/dist/script-modules/block-library/accordion/code3.php
1	3	0	0	0	29734528	0	0	29734498	0	0	6711	/assacc.php
1	4	0	0	3	29733274	0	29733261	29733234	0	29733231	640	/api/invoices/create.php
1	1	0	0	0	29740027	0	0	29740027	0	0	1422	/wp-admin/ns45at5lzxycusmdefault.php
1	1	0	0	0	29797120	0	0	29797120	0	0	1658	/fetch?url=http://metadata.google.internal/computeMetadata/v1/instance/service-accounts/default/token
1	1	0	0	0	29733202	0	0	29733202	0	0	2324	/phpmyadmin/js/vendor/codemirror/lib/codemirror.css?v=5.2.3
1	4	0	0	0	29793396	0	0	29793396	0	0	2844	/rc
1	1	0	0	0	29805872	0	0	29805872	0	0	1422	/administrator/manifests/files/joomla.xml
1	1	0	0	0	29733202	0	0	29733202	0	0	748	/phpmyadmin/js/dist/shortcuts_handler.js?v=5.2.3
1	2	0	0	0	29797120	0	0	29783952	0	0	3316	/public/env.js
1	1	0	0	0	29787635	0	0	29787635	0	0	1422	/Dashboard
1	16	0	0	0	29832509	0	0	29732630	0	0	24098	/phpinfo.php~
1	1	0	0	0	29822452	0	0	29822452	0	0	1422	/plugins/server/php
1	24	0	0	1	29832509	0	29730310	29732630	0	29730310	37126	/test.php
1	3	0	0	0	29734528	0	0	29734498	0	0	6711	/w1px.php
1	10	0	0	0	29833107	0	0	29731055	0	0	24605	/ads.txt
1	2	0	0	0	29734557	0	0	29734557	0	0	1196	/secrets.yaml
1	4	0	0	6	29735092	0	29729678	29730581	0	29725192	2960	/wp-content/themes/srtain.php
1	0	0	0	3	0	0	29812612	0	0	29805563	0	/wp-config.php.swp
1	0	0	0	2	0	0	29811052	0	0	29807172	0	/var/www/.git/config
1	7	0	0	0	29733274	0	0	29733231	0	0	6460	/api/patients/list.php?page=1&per_page=10
1	4	0	0	3	29733274	0	29733261	29733234	0	29733231	532	/api/patients/delete.php
1	2	0	0	2	29783952	0	29725449	29743877	0	29725449	3316	/server-status
1	3	0	0	0	29734527	0	0	29734497	0	0	6711	/b.php
1	1	0	0	0	29783952	0	0	29783952	0	0	1422	/my
1	435	0	0	0	29833267	0	0	29730286	0	0	344512342	/assets/index-DJeWhCy-.js
1	0	0	0	3	0	0	29751838	0	0	29751738	0	/api/appointments/list.php
1	1	0	0	0	29797120	0	0	29797120	0	0	1658	/.vercel/.env.production.local
1	3	0	0	0	29734528	0	0	29734498	0	0	6711	/zeal.php
1	1	0	0	0	29743877	0	0	29743877	0	0	1658	/webpack-stats.json
1	0	0	0	17	0	0	29832509	0	0	29732630	0	/github/.env
1	0	0	0	22	0	0	29832509	0	0	29732630	0	/tmp/.env
1	6	0	0	0	29826802	0	0	29730329	0	0	7408	/assets/assets/SerialDisplay-DAWJgUIZ.js
1	2	0	0	6	29823221	0	29788818	29732895	0	29729897	5849	/news/wp-includes/wlwmanifest.xml
1	1	0	0	0	29760107	0	0	29760107	0	0	1658	/wp-content/plugins/movies/readme.txt
1	263	0	0	0	29833267	0	0	29730289	0	0	13749171	/assets/LandingPage-Dv8SefYP.js
1	3	0	0	0	29734527	0	0	29734497	0	0	6711	/wplogbak.php
1	0	0	0	1	0	0	29759377	0	0	29759377	0	/images/x.php
1	0	0	1	0	0	29778958	0	0	29778958	0	0	/blog/
1	4	0	0	0	29833107	0	0	29731055	0	0	11237	/humans.txt
1	1	0	0	0	29740027	0	0	29740027	0	0	1422	/wp-admin/wp-admins.php
1	6	0	0	0	29826802	0	0	29730329	0	0	7408	/assets/assets/PatientDashboard-Cuwbdual.js
1	1	0	0	0	29822452	0	0	29822452	0	0	1422	/asset/filemanager/dialog.php
1	3	0	0	0	29734528	0	0	29734498	0	0	6711	/wp-miiss.php
1	1	0	0	0	29822452	0	0	29822452	0	0	1422	/asset/kcfinder/upload.php
1	0	0	0	1	0	0	29791437	0	0	29791437	0	/.envrc
1	232	0	0	2	29833267	0	29830688	29730289	0	29830653	78210	/assets/eye-DZPhoU57.js
1	4	0	0	0	29733274	0	0	29733234	0	0	2232	/api/visits/list.php?patient_id=2
1	0	0	0	5	0	0	29753145	0	0	29751738	0	/api/visits/list.php?patient_id=1
1	0	0	0	3	0	0	29733261	0	0	29733231	0	/api/visits/list.php?patient_id=0
1	2	0	0	2	29783952	0	29725450	29743877	0	29725449	3316	/telescope/requests
1	1	0	0	0	29760132	0	0	29760132	0	0	1658	/wp-content/plugins/admin-font-editor/readme.txt
1	0	0	0	18	0	0	29832509	0	0	29732630	0	/job/.env
1	1	0	0	0	29760107	0	0	29760107	0	0	1658	/wp-content/plugins/trafficanalyzer/readme.txt
1	0	0	0	1	0	0	29797120	0	0	29797120	0	/fetch?src=http://169.254.169.254/latest/meta-data/
1	6	0	0	0	29826802	0	0	29730329	0	0	7408	/assets/assets/sun-7_ce8Kaj.js
1	0	0	0	17	0	0	29832509	0	0	29732630	0	/ansible/.env
1	1	0	0	0	29822452	0	0	29822452	0	0	1422	/admin/js/kcfinder/upload.php
1	0	0	0	1	0	0	29759377	0	0	29759377	0	/images/sym403.php
1	0	0	0	23	0	0	29832509	0	0	29732630	0	/shop/.env
1	19	0	0	12	29827300	0	29832508	29732629	0	29749713	29072	/.env~
1	4	0	0	0	29830386	0	0	29825380	0	0	6632	/filefuns.php
1	6	0	0	0	29826802	0	0	29733938	0	0	1644	/assets/thermometer-CrPE917O.js
1	1	0	0	0	29803702	0	0	29803702	0	0	1658	/__pboot_probe_not_exist_21364_1788114134522.txt
1	0	0	0	30	0	0	29832508	0	0	29732629	0	/core/app/.env
1	1	0	0	2	29797120	0	29725450	29797120	0	29725449	1658	/debug/default/view?panel=config
1	6	0	0	0	29826802	0	0	29730329	0	0	7408	/assets/assets/database-Ck9e-_FX.js
1	1	1	0	0	29824391	0	0	29824391	0	0	1658	/?qfunc=sync
1	7	0	0	0	29733274	0	0	29733231	0	0	3018	/api/notifications/list.php?user_id=1
1	6	0	0	0	29826802	0	0	29730329	0	0	7408	/assets/assets/MoneyReceipt-CSWlD73e.js
1	2	0	0	0	29783952	0	0	29743877	0	0	3316	/.config/anthropic/credentials/default.json
1	1	0	0	0	29733202	0	0	29733202	0	0	103832	/phpmyadmin/js/vendor/codemirror/lib/codemirror.js?v=5.2.3
1	36	0	0	0	29830162	0	0	29746486	0	0	51192	/wp-sitemap-users-1.xml
1	0	0	1	0	0	29761003	0	0	29761003	0	0	/wp-content/plugins/wordfence/
1	25	0	0	1	29832509	0	29743877	29732630	0	29743877	139279	/phpinfo.php
1	1	0	0	0	29740027	0	0	29740027	0	0	1422	/wp-async-upload.php
1	1	0	0	0	29740027	0	0	29740027	0	0	1422	/uploads/fungsi.php
1	3	0	0	0	29734527	0	0	29734498	0	0	6711	/xSx.php
1	0	0	0	2	0	0	29751857	0	0	29751857	0	/env/.env
1	1	0	0	0	29797120	0	0	29797120	0	0	1658	/fetch?uri=http://169.254.169.254/latest/meta-data/
1	6	0	0	0	29826802	0	0	29730329	0	0	7408	/assets/assets/save-DzMd4SiT.js
1	3	0	0	0	29734527	0	0	29734498	0	0	6711	/harvestry.php
1	1	0	0	0	29760107	0	0	29760107	0	0	1658	/wp-content/plugins/wp-integrator/readme.txt
1	0	0	0	9	0	0	29733281	0	0	29733192	0	/api/info.php
1	0	0	0	1	0	0	29751838	0	0	29751838	0	/api/settings/list.php
1	6	0	0	0	29826802	0	0	29730329	0	0	7408	/assets/assets/pencil-BZAaPpo6.js
1	1	0	0	0	29820699	0	0	29820699	0	0	1658	/wp-content/themes/txets.php
1	2	0	0	0	29814352	0	0	29814241	0	0	3316	/actuator/heapdump
1	6	0	0	0	29826802	0	0	29730329	0	0	7408	/assets/assets/Patients-B0bSwJv4.js
1	0	0	0	29	0	0	29832508	0	0	29732629	0	/laravel/.env
1	26	0	0	0	29830161	0	0	29746098	0	0	36972	/feed
1	12	0	0	8	29823221	0	29788818	29732895	0	29727175	49179	/shop/wp-includes/wlwmanifest.xml
1	1	0	0	0	29824391	0	0	29824391	0	0	1658	/wp-content/plugins/hippoo/readme.txt
1	1	0	0	0	29740027	0	0	29740027	0	0	1422	/wp-admin/advanced1.php
1	0	0	0	24	0	0	29832508	0	0	29732629	0	/shopify/.env
1	0	0	0	22	0	0	29832509	0	0	29732630	0	/sender/.env
1	6	0	0	0	29832749	0	0	29743877	0	0	9948	/.aws/config
1	6	0	0	0	29826802	0	0	29730329	0	0	7408	/assets/assets/VisitPage-5feiJJvC.js
1	0	0	0	1	0	0	29759377	0	0	29759377	0	/Ninja.php
1	1	0	0	0	29811385	0	0	29811385	0	0	2048	/html.zip
1	2	0	0	0	29761003	0	0	29761003	0	0	2844	/new/wp-login.php
1	0	0	0	6	0	0	29827594	0	0	29782475	0	/core/Database/.env
1	1	0	0	0	29824391	0	0	29824391	0	0	1658	/config/database.yml
1	2	0	0	6	29823221	0	29788818	29732895	0	29729897	5849	/wp2/wp-includes/wlwmanifest.xml
1	6	0	0	0	29826802	0	0	29730329	0	0	7408	/assets/assets/info-DjKKOoM3.js
1	7	0	0	42	29735982	0	29787218	29730590	0	29725166	6548	/wp-content/plugins/ranktool/src/modules/seostats.opensiteexplorer.php
1	1	0	0	0	29822452	0	0	29822452	0	0	1422	/tinymce/plugins/filemanager/dialog.php
1	1	0	0	0	29824391	0	0	29824391	0	0	1658	/NuGet.Config
1	0	0	1	0	0	29740027	0	0	29740027	0	0	/wp-admin/css/colors/
1	0	0	0	2	0	0	29811052	0	0	29807172	0	/public/.git/config
1	0	0	1	0	0	29740027	0	0	29740027	0	0	/wp-admin/network/
1	0	0	0	22	0	0	29832509	0	0	29732630	0	/mailjet/.env
1	3	0	0	0	29734528	0	0	29734498	0	0	6711	/xex.php
1	252	0	0	2	29833267	0	29830690	29730289	0	29830653	73856	/assets/search-BLymxia-.js
1	0	0	1	0	0	29822452	0	0	29822452	0	0	/js/jquery-file-upload/server/php/
1	0	0	0	25	0	0	29832508	0	0	29732629	0	/drupal/.env
1	1	0	0	0	29797120	0	0	29797120	0	0	1658	/..%252F..%252F..%252F..%252F..%252Fproc/self/environ
1	0	0	0	24	0	0	29832509	0	0	29732630	0	/client/.env
1	0	0	0	23	0	0	29832509	0	0	29732630	0	/lab/.env
1	0	0	0	1	0	0	29751738	0	0	29751738	0	/api/settings/set.php
1	6	0	0	0	29826802	0	0	29730329	0	0	7408	/assets/assets/send-cdrsuHAc.js
1	0	0	0	1	0	0	29759376	0	0	29759376	0	/images/shell.php
1	1	0	0	0	29735893	0	0	29735893	0	0	1196	/wp-admin/setup-config.php?step=1&language=en_GB
1	6	0	0	0	29826802	0	0	29730329	0	0	7408	/assets/assets/sunset-B1zSdVi8.js
1	0	0	0	36	0	0	29830162	0	0	29725449	0	/api/graphql
1	1	0	0	0	29829288	0	0	29829288	0	0	1658	/images/images/images/images/cache.php
1	1	0	0	0	29760107	0	0	29760107	0	0	1658	/wp-content/plugins/uploader/readme.txt
1	9	0	0	0	29826802	0	0	29731138	0	0	2871	/assets/activity-BRRgo98q.js
1	6	0	0	2	29814352	0	29725450	29797120	0	29725449	19602	/actuator/env
1	1	0	0	0	29811385	0	0	29811385	0	0	2048	/backup.tar.gz
1	1	0	0	0	29826546	0	0	29826546	0	0	1422	/.local
1	0	0	0	20	0	0	29832509	0	0	29732630	0	/docker/.env
1	0	0	0	23	0	0	29832509	0	0	29732630	0	/erp/.env
1	3	0	0	0	29734527	0	0	29734497	0	0	6711	/wp.php
1	16	0	0	0	29832509	0	0	29797120	0	0	26528	/application_default_credentials.json
1	1	0	0	0	29824391	0	0	29824391	0	0	1658	/ovh-backups.json
1	15	0	0	0	29832509	0	0	29806656	0	0	24870	/google-key.json
1	1	0	0	0	29811385	0	0	29811385	0	0	2048	/mysqldump.sql
1	1	0	0	0	29735893	0	0	29735893	0	0	1196	/wordpress/wp-admin/setup-config.php?step=1&language=en_GB
1	10	0	0	0	29826802	0	0	29731138	0	0	4780	/assets/whatsappTemplates-BiipONU2.js
1	0	0	0	1	0	0	29824391	0	0	29824391	0	/api/v1/login
1	1	0	0	0	29733202	0	0	29733202	0	0	62620	/phpmyadmin/themes/pmahomme/css/theme.css?v=5.2.3
1	2	0	0	0	29733281	0	0	29733201	0	0	20420	/setup.php
1	2	0	0	0	29797120	0	0	29782721	0	0	3316	/read?url=file:///proc/self/environ
1	0	0	1	0	0	29824391	0	0	29824391	0	0	/api/upload
1	1	0	0	0	29797120	0	0	29797120	0	0	1658	/fetch?file=http://169.254.169.254/latest/meta-data/iam/security-credentials/
1	0	0	0	17	0	0	29832509	0	0	29732630	0	/cloud/.env
1	2	0	0	0	29783952	0	0	29743877	0	0	3316	/z9x8c7v6b5-debug-trigger-drarmankabir.com
1	1	0	0	0	29740027	0	0	29740027	0	0	1422	/wp-admin/includes/about.php
1	1	0	0	0	29811385	0	0	29811385	0	0	2048	/wp-content/mysql.sql
1	15	0	0	9	29827300	0	29832508	29732629	0	29749713	22440	/.env2
1	1	0	0	0	29733743	0	0	29733743	0	0	884	/index.php?option=com_sppagebuilder
1	15	0	0	10	29827300	0	29832508	29732629	0	29749713	22440	/.env.yaml
1	15	0	0	9	29827300	0	29832508	29732629	0	29749713	22440	/.env1
1	21	0	0	0	29832509	0	0	29732630	0	0	32388	/dev/phpinfo.php
1	0	0	0	1	0	0	29797120	0	0	29797120	0	/accessKeys.csv
1	0	0	2	0	0	29812612	0	0	29810294	0	0	/.env/
1	2	0	0	0	29783952	0	0	29743877	0	0	3316	/.ssh/id_ed25519
1	7	0	0	2	29820638	0	29725450	29740507	0	29725449	11606	/.vscode/sftp.json
1	2	0	0	0	29812612	0	0	29810294	0	0	9752	/.env.
1	3	0	0	0	29734527	0	0	29734498	0	0	6711	/nurseling.php
1	2	0	0	0	29783952	0	0	29750632	0	0	3080	/InvestigationPaymentPage-DbUqWJ51.js
1	0	0	0	2	0	0	29797120	0	0	29787355	0	/media../.env
1	1	0	0	0	29809264	0	0	29809264	0	0	1658	/team
1	43	0	0	3	29830162	0	29797120	29734367	0	29725449	61370	/graphql
1	0	0	0	1	0	0	29759377	0	0	29759377	0	/images/wso.php
1	1	0	0	0	29740027	0	0	29740027	0	0	1422	/wp-admin/file.php
1	4	0	0	0	29832749	0	0	29743877	0	0	6632	/.boto
1	1	0	0	0	29811385	0	0	29811385	0	0	2048	/wp-content/uploads/dump.sql
1	0	0	0	1	0	0	29759227	0	0	29759227	0	/index3.php
1	0	0	0	2	0	0	29783952	0	0	29743877	0	/api/health
1	1	0	0	0	29811385	0	0	29811385	0	0	2048	/db.sqlite
1	0	0	40	3	0	29830161	29725628	0	29744844	29725432	0	/wp-json/
1	0	0	0	1	0	0	29759084	0	0	29759084	0	/red.php
1	1	0	0	0	29830658	0	0	29830658	0	0	1422	/assets/${stored}
1	16	0	0	0	29832509	0	0	29732630	0	0	24098	/www/phpinfo.php
1	10	0	0	0	29765014	0	0	29734367	0	0	13500	/wp/wp-json/wp/v2/users?per_page=100&_fields=slug
1	1	0	0	0	29730294	0	0	29730294	0	0	973	/appointments
1	3	0	0	0	29734527	0	0	29734497	0	0	6711	/cx.php
1	2	0	0	0	29783952	0	0	29750632	0	0	3080	/NurseDueMeds-C04LCd8h.js
1	0	0	0	17	0	0	29832509	0	0	29732630	0	/kafka/.env
1	2	0	0	0	29783952	0	0	29750632	0	0	3080	/ProcedurePayment-B362PKCB.js
1	1	0	0	0	29811385	0	0	29811385	0	0	2048	/database.sql
1	2	0	0	0	29783952	0	0	29750632	0	0	3080	/VisitPage-5feiJJvC.js
1	1	0	0	0	29796354	0	0	29796354	0	0	1658	/.well-known/agent-card.json
1	12	0	0	9	29823221	0	29788818	29732895	0	29725664	49179	/web/wp-includes/wlwmanifest.xml
1	1	0	0	0	29822452	0	0	29822452	0	0	1422	/asset_admin/assets/plugins/jquery-file-upload/server/php
1	1	0	0	0	29738419	0	0	29738419	0	0	1658	/.env.railway
1	0	0	0	1	0	0	29797120	0	0	29797120	0	/aws/ecs/task-credentials
1	0	0	4	0	0	29802025	0	0	29801859	0	0	/c/
1	943	0	0	53	29833490	0	29769219	29730313	0	29725180	1291483	/wp-admin/install.php?step=1
1	1	0	0	0	29811385	0	0	29811385	0	0	2048	/wp-content/database.sql
1	2	0	0	0	29783952	0	0	29743877	0	0	3316	/settings.json
1	1	0	0	0	29740027	0	0	29740027	0	0	1422	/wp-admin/about.php
1	1	0	0	1	29735893	0	29769220	29735893	0	29769220	1196	/wp-admin/install.php?step=1&language=en_GB
1	1	0	0	0	29743877	0	0	29743877	0	0	1658	/build-manifest.json
1	9	9	0	0	29755345	0	0	29746139	0	0	12798	/?author=1&feed=rss2
1	5	0	0	0	29797211	0	0	29767377	0	0	7110	/wp-json/ldlms/v1/users?per_page=100&_fields=user_login
1	1	0	0	0	29797120	0	0	29797120	0	0	1658	/fetch?uri=http://169.254.169.254/latest/meta-data/iam/info
1	0	0	0	33	0	0	29832508	0	0	29732629	0	/admin/.env
1	1	0	0	0	29822452	0	0	29822452	0	0	1422	/admin/blueimp-jQuery-File-Upload/server/php
1	2	0	0	0	29824391	0	0	29824391	0	0	3316	/ftpsync.settings
1	20	0	0	0	29832509	0	0	29732630	0	0	30730	/mail/phpinfo.php
1	6	0	0	0	29826802	0	0	29730329	0	0	7408	/assets/assets/OutstandingBalances-Bl_iWFFm.js
1	29	0	0	13	29827300	0	29832508	29732629	0	29749713	51528	/.env.backup
1	1	0	0	0	29811385	0	0	29811385	0	0	2048	/htdocs.tar.gz
1	3	0	0	0	29734528	0	0	29734498	0	0	6711	/sitemap.php
1	0	0	0	17	0	0	29832509	0	0	29732630	0	/qa/.env
1	1	0	0	0	29817745	0	0	29817745	0	0	1658	/index.php?rest_route=/wp/v2/users&per_page=100&order=asc&orderby=id
1	2	0	0	0	29814352	0	0	29814241	0	0	3316	/panel
1	0	0	0	2	0	0	29811052	0	0	29807172	0	/wordpress/.git/config
1	2	0	0	0	29820699	0	0	29740027	0	0	3080	/wp-content/about.php
1	6	0	0	0	29826802	0	0	29730329	0	0	7408	/assets/assets/receipt-DqXr-L3S.js
1	0	0	0	22	0	0	29832509	0	0	29732630	0	/next/.env
1	0	0	0	2	0	0	29725450	0	0	29725449	0	/?rest_route=/wp/v2/users/
1	0	0	0	22	0	0	29832509	0	0	29732630	0	/node/.env
1	6	0	0	0	29826802	0	0	29730329	0	0	7408	/assets/assets/TotalIncome-7BTVq9wM.js
1	1	0	0	0	29811385	0	0	29811385	0	0	2048	/2026.zip
1	1	0	0	0	29797120	0	0	29797120	0	0	1658	/jenkins/Jenkinsfile
1	0	0	36	2	0	29830161	29729990	0	29735377	29727175	0	/feed/
1	21	0	0	0	29832509	0	0	29732630	0	0	32388	/test/phpinfo.php
1	0	0	0	3	0	0	29797120	0	0	29743877	0	/api/v1/env
1	2	0	0	0	29783952	0	0	29743877	0	0	3316	/.hermes/config.yaml
1	0	0	0	25	0	0	29832508	0	0	29732629	0	/build/.env
1	1	0	0	1	29783952	0	29743877	29783952	0	29743877	1658	/openapi.json
1	0	0	0	17	0	0	29832509	0	0	29732630	0	/config/app/.env
1	0	0	0	1	0	0	29791437	0	0	29791437	0	/.environment
1	11	0	0	0	29826802	0	0	29731138	0	0	102597	/assets/MoneyReceipt-CSWlD73e.js
1	3	0	0	0	29734527	0	0	29734497	0	0	6711	/jj.php
1	0	0	0	27	0	0	29832508	0	0	29732629	0	/current/.env
1	2	0	4	0	29783952	29814352	0	29734557	29814241	0	2618	/admin
1	3	0	0	0	29734527	0	0	29734498	0	0	6711	/bless24.php
1	0	0	0	28	0	0	29832508	0	0	29732629	0	/html/.env
1	6	0	0	0	29826802	0	0	29730329	0	0	7408	/assets/assets/AuditLog-BszF6XcX.js
1	45	45	0	0	29830162	0	0	29734366	0	0	63270	/?rest_route=/wp/v2/users&_jsonp=callback&per_page=100&_fields=id,slug
1	0	0	0	1	0	0	29753002	0	0	29753002	0	/api/clinical/observations-list.php?patient_id=1
1	4	0	0	0	29733274	0	0	29733234	0	0	1724	/api/investigations/list.php?patient_id=2
1	1	0	0	0	29822452	0	0	29822452	0	0	1422	/vendor/laravel-filemanager/js/script.js
1	0	0	0	5	0	0	29753145	0	0	29751738	0	/api/investigations/list.php?patient_id=1
1	21	0	0	0	29832509	0	0	29732630	0	0	32388	/php-info.php
1	0	0	0	35	0	0	29832508	0	0	29730892	0	/backend/.env
1	0	0	0	3	0	0	29733261	0	0	29733231	0	/api/investigations/list.php?patient_id=0
1	0	0	4	0	0	29793396	0	0	29793396	0	0	/roundcube/
1	3	0	0	0	29797120	0	0	29743877	0	0	4974	/app_dev.php
1	0	0	0	24	0	0	29832508	0	0	29732630	0	/lib/.env
1	1	0	0	0	29760107	0	0	29760107	0	0	1658	/wp-content/plugins/wp-facethumb/readme.txt
1	3	0	0	1	29734527	0	29759084	29734497	0	29759084	6711	/this_is_a_new_hello_world.php
1	1	0	0	0	29811385	0	0	29811385	0	0	2048	/public_html.zip
1	6	0	0	0	29826802	0	0	29730329	0	0	7408	/assets/assets/calendar-BL7xJRSg.js
1	6	0	0	0	29826802	0	0	29730329	0	0	7408	/assets/assets/file-text-DJrK52te.js
1	1	0	0	0	29738419	0	0	29738419	0	0	1658	/.env.supabase
1	0	0	0	22	0	0	29832509	0	0	29732630	0	/notifications/.env
1	1	1	0	0	29735264	0	0	29735264	0	0	1196	/?154.38.191.87
1	33	0	0	3	29787220	0	29729686	29730595	0	29725180	51795	/wp-includes/sodium_compat/src/Core/Poly1305/NS.php
1	2	0	0	0	29783952	0	0	29743877	0	0	3080	/build/manifest.json
1	1	0	0	0	29797120	0	0	29797120	0	0	1658	/.jenkins/config.xml
1	0	0	1	0	0	29822452	0	0	29822452	0	0	/admin/jquery-file-upload/server/php/
1	243	0	0	2	29833267	0	29830688	29730289	0	29830654	114618	/assets/card-COhiAhz1.js
1	0	0	0	1	0	0	29761215	0	0	29761215	0	/wp-content/plugins/wsecure/wsecure-config.php
1	2	0	0	0	29783952	0	0	29750632	0	0	3080	/SerialDisplay-DAWJgUIZ.js
1	2	0	0	1	29783952	0	29797120	29743877	0	29797120	3316	/runtime-config.js
1	1	0	0	0	29797120	0	0	29797120	0	0	1658	/preview?url=http://169.254.169.254/latest/meta-data/iam/security-credentials/
1	4	0	0	0	29824391	0	0	29743877	0	0	6396	/.docker/config.json
1	1	0	0	0	29826546	0	0	29826546	0	0	1422	/.remote
1	3	0	0	0	29734527	0	0	29734498	0	0	6711	/dass.php
1	1	0	0	0	29733202	0	0	29733202	0	0	18246	/phpmyadmin/js/vendor/jquery/jquery-ui-timepicker-addon.js?v=5.2.3
1	6	0	0	0	29826802	0	0	29730329	0	0	7408	/assets/assets/monitor-play-DHOzn285.js
1	6	0	0	0	29748630	0	0	29747282	0	0	2844	/PatientProfile?id=__bigint__1
1	3	0	0	0	29734527	0	0	29734498	0	0	6711	/autovirgi.php
1	3	0	0	0	29734527	0	0	29734497	0	0	6711	/z.php
1	23	0	0	0	29744634	0	0	29733742	0	0	4869	/manifest.json
1	11	0	0	0	29765014	0	0	29746487	0	0	15642	/index.php?rest_route=/wp/v2/users&per_page=100&_fields=slug
1	0	0	0	2	0	0	29811052	0	0	29807172	0	/src/.git/config
1	21	0	0	0	29832509	0	0	29732630	0	0	32388	/php.php
1	0	0	0	17	0	0	29832509	0	0	29732630	0	/test/.env
1	6	0	0	0	29826802	0	0	29730329	0	0	7408	/assets/assets/banknote-BqiHnhGo.js
1	10	0	0	0	29802078	0	0	29767377	0	0	14220	/feed/json
1	6	0	0	0	29826802	0	0	29730329	0	0	7408	/assets/assets/shield-D-es88Nw.js
1	0	0	0	22	0	0	29832509	0	0	29732630	0	/mandrill/.env
1	1	0	0	0	29740027	0	0	29740027	0	0	1422	/wp-comments.php
1	3	0	0	0	29734527	0	0	29734498	0	0	6711	/bless18.php
1	0	0	0	2	0	0	29783952	0	0	29743877	0	/.svn/entries
1	9	0	0	0	29826802	0	0	29730329	0	0	117189	/assets/BedManagement-B6IsYOJd.js
1	2	0	0	0	29832749	0	0	29832749	0	0	3316	/aws.json
1	1	0	0	0	29822452	0	0	29822452	0	0	1422	/assets/plugins/js/jquery-file-upload/server/php
1	1	0	0	0	29811385	0	0	29811385	0	0	2048	/backup.bak
1	0	0	0	2	0	0	29797120	0	0	29782721	0	/services/.env
1	10	0	0	2	29804520	0	29729990	29735377	0	29727175	43330	/wp-includes/ID3/license.txt
1	0	0	0	17	0	0	29832509	0	0	29732630	0	/gitlab/.env
1	0	0	0	1	0	0	29760107	0	0	29760107	0	/wp-content/plugins/sexy-contact-form/includes/fileupload/index.php
1	1	0	0	1	29797120	0	29782721	29797120	0	29782721	1658	/application.env
1	16	16	0	1	29830161	0	29725628	29767375	0	29725628	22752	/readme.html
1	1	0	0	0	29797120	0	0	29797120	0	0	1658	/aws/credentials.json
1	3	0	0	0	29734527	0	0	29734498	0	0	6711	/file11.php
1	3	0	0	0	29734527	0	0	29734497	0	0	6711	/666.php
1	1	0	0	0	29740027	0	0	29740027	0	0	1422	/wp-admin/wp-async-upload.php
1	0	0	0	23	0	0	29832508	0	0	29732629	0	/prestashop/.env
1	4	4	0	1	29735960	0	29735960	29733198	0	29735960	45475	/phpmyadmin/
1	1	0	0	0	29822452	0	0	29822452	0	0	1422	/libraries/jsupload/server/php
1	0	0	1	0	0	29769220	0	0	29769220	0	0	/new/
1	4	0	0	1	29812612	0	29797120	29730892	0	29797120	14926	/env
1	1	0	0	0	29822452	0	0	29822452	0	0	1422	/media/kcfinder/upload.php
1	1	0	0	0	29822452	0	0	29822452	0	0	1422	/media/filemanager/dialog.php
1	2	0	0	0	29811385	0	0	29811385	0	0	4096	/backup.zip
1	0	0	0	1	0	0	29797120	0	0	29797120	0	/.env.php
1	1	0	0	0	29740027	0	0	29740027	0	0	1422	/wp-admin/css/colors/ectoplasm/about.php
1	0	0	0	1	0	0	29797120	0	0	29797120	0	/.env.anthropic
1	1	0	0	0	29735893	0	0	29735893	0	0	1196	/blog
1	0	0	0	1	0	0	29819077	0	0	29819077	0	/.git/config.save
1	1	0	0	0	29733202	0	0	29733202	0	0	673	/phpmyadmin/js/dist/keyhandler.js?v=5.2.3
1	0	0	0	1	0	0	29797120	0	0	29797120	0	/backend/.env.local
1	20	0	0	0	29832509	0	0	29732630	0	0	30730	/server-status.php
1	0	0	0	29	0	0	29832508	0	0	29732629	0	/staging/.env
1	2	0	0	0	29748590	0	0	29740507	0	0	3316	/.ftp-config.json
1	0	0	1	0	0	29801919	0	0	29801919	0	0	/c/?179.43.134.114
1	0	0	0	2	0	0	29783952	0	0	29743877	0	/.profile
1	11	11	0	0	29765013	0	0	29746140	0	0	15642	/?rest_route=/wp/v2/search&search=a&per_page=20&_embed=author
1	39	0	0	1	29830161	0	29769220	29743877	0	29769220	64726	/wp-json
1	1	0	0	0	29797120	0	0	29797120	0	0	1658	/fetch?uri=http://169.254.169.254/latest/meta-data/iam/security-credentials/
1	0	0	1	0	0	29822452	0	0	29822452	0	0	/assets/global/plugins/jquery-file-upload/server/php/
1	1	0	0	0	29824391	0	0	29824391	0	0	1658	/deployment-config.json
1	2	0	0	0	29783952	0	0	29743877	0	0	3316	/id_dsa
1	3	0	0	13	29733274	0	29751738	29733261	0	29733231	405	/api/appointments/create.php
1	1	0	0	0	29797120	0	0	29797120	0	0	1658	/fetch?path=http://169.254.169.254/latest/meta-data/iam/security-credentials/
1	0	0	0	1	0	0	29759227	0	0	29759227	0	/76.php
1	5	0	0	0	29802025	0	0	29801859	0	0	24380	/c
1	1	0	0	2	29797120	0	29783952	29797120	0	29743877	1658	/.github/workflows/deploy.yml
1	1	0	0	0	29778958	0	0	29778958	0	0	4876	/blog/robots.txt
1	16	0	0	0	29832509	0	0	29732630	0	0	24098	/phpinfo.php.save
1	10	0	0	0	29802051	0	0	29767378	0	0	14220	/wp-json/ultimate-member/v1/users
1	0	0	0	1	0	0	29759376	0	0	29759376	0	/av.php
1	0	0	0	22	0	0	29832509	0	0	29732630	0	/nuxt/.env
1	0	0	0	1	0	0	29727038	0	0	29727038	0	/6999DJjf?utm_creative=1&utm_campaign=KNUR&utm_source=escobar&utm_placement=Instagram_Feed&campaign_id=120243826115170417&adset_id=120243826115180417&ad_id=120243826115160417&adset_name=VALERA&p=3452341611582961&int={int}&lock=1lb56&bid=18&utm_medium=paid&utm_id=120243826115170417&utm_content=120243826115160417&utm_term=120243826115180417&fbclid=PAYm9jbAR6dwFleHRuA2FlbQEwAGFkaWQBqzEfzpwLsXNydGMGYXBwX2lkDzEyNDAyNDU3NDI4NzQxNAABp71syldLxZX6UqiEyCbHpsccNeVUgbfR7rpe2KQ_i--phhwRhlKyFGQYHbC6_aem_Us0lwYhZZRxevDS-0L6P1A
1	0	0	0	1	0	0	29797120	0	0	29797120	0	/backend/.env.production
1	10	0	0	0	29826802	0	0	29731138	0	0	43750	/assets/PatientForm-BCKQSbNc.js
1	12	0	0	0	29805946	0	0	29767377	0	0	17064	/wp-json/wc/v1/customers?per_page=100&_fields=username
1	1	0	0	0	29733202	0	0	29733202	0	0	1411	/phpmyadmin/js/dist/common.js?v=5.2.3
1	5	0	0	1	29805498	0	29757444	29733202	0	29757444	9084	/wp-json/gravitysmtp/v1/tests/mock-data?page=gravitysmtp-settings
1	213	0	0	2	29833267	0	29830689	29730289	0	29830656	74362	/assets/book-open-Bi6sJ5u3.js
1	1	0	0	0	29783952	0	0	29783952	0	0	1422	/user/login
1	0	0	0	1	0	0	29759376	0	0	29759376	0	/wp-content/fm.php
1	4	0	0	0	29733274	0	0	29733234	0	0	2104	/api/clinical/notes-list.php?patient_id=2
1	21	0	0	0	29832509	0	0	29732630	0	0	32388	/p.php
1	1	0	0	0	29797120	0	0	29797120	0	0	1658	/screenshot?url=http://169.254.169.254/latest/meta-data/iam/security-credentials/
1	0	0	0	2	0	0	29753145	0	0	29753002	0	/api/clinical/notes-list.php?patient_id=1
1	3	0	0	0	29734528	0	0	29734498	0	0	6711	/wp-lvminl.php
1	0	0	0	3	0	0	29733261	0	0	29733231	0	/api/clinical/notes-list.php?patient_id=0
1	0	0	0	1	0	0	29759376	0	0	29759376	0	/images/fw.php
1	0	0	0	17	0	0	29832509	0	0	29732630	0	/uat/.env
1	0	0	1	0	0	29822452	0	0	29822452	0	0	/assets/js/frontend/jquery-file-upload/server/php/
1	0	0	0	25	0	0	29725270	0	0	29725230	0	/wp-login.php/wp-json/wp/v2/users
1	6	0	0	0	29826802	0	0	29730329	0	0	7408	/assets/assets/building-2-CMX9_teL.js
1	1	0	0	0	29822452	0	0	29822452	0	0	1422	/assets/plugins/js/server/php
1	520	0	0	0	29833267	0	0	29733742	0	0	188363	/sw.js
1	1	0	0	0	29820699	0	0	29820699	0	0	1658	/wp-mail.php
1	0	0	0	17	0	0	29832509	0	0	29732630	0	/queue/.env
1	0	0	0	1	0	0	29797120	0	0	29797120	0	/static/..
1	11	0	0	1	29827635	0	29749793	29732581	0	29749793	23459	/license.txt
1	2	0	0	0	29768317	0	0	29761710	0	0	0	/_next/webpack-hmr
1	0	0	0	22	0	0	29832509	0	0	29732630	0	/email/.env
1	1	0	0	0	29824391	0	0	29824391	0	0	1658	/rest/sentry.js
1	0	0	0	38	0	0	29832508	0	0	29732629	0	/.env.save
1	0	0	0	1	0	0	29759376	0	0	29759376	0	/gel4y.php
1	3	0	0	0	29734528	0	0	29734498	0	0	6711	/racs3.php
1	1	0	0	0	29790790	0	0	29790790	0	0	1422	/appsettings.json
1	6	0	0	0	29826802	0	0	29730329	0	0	7408	/assets/assets/skeleton-DqU5IOMD.js
1	0	0	0	23	0	0	29832509	0	0	29732630	0	/portal/.env
1	0	0	0	1	0	0	29797120	0	0	29797120	0	/api/v1/fetch?url=http://169.254.169.254/latest/meta-data/
1	1	0	0	0	29740027	0	0	29740027	0	0	1422	/wp-admin/includes/cloud.php
1	6	0	0	36	29742799	0	29787263	29730584	0	29725141	5061	/wp-content/plugins/adresskorrektur-autocomplete-fuer-woo/drum.php
1	16	0	0	0	29832509	0	0	29732630	0	0	24098	/phpinfo.php.old
1	0	0	0	1	0	0	29759227	0	0	29759227	0	/71.php
1	1	0	0	0	29822452	0	0	29822452	0	0	1422	/assets/js/kcfinder/upload.php
1	1	0	0	0	29822452	0	0	29822452	0	0	1422	/jquery-file-upload/server/php
1	0	0	0	41	0	0	29832508	0	0	29732629	0	/.env.old
1	6	0	0	0	29826802	0	0	29730329	0	0	7408	/assets/assets/plus-CHPIrJ6M.js
1	0	0	0	1	0	0	29797120	0	0	29797120	0	/supabase/.env
1	0	0	8	0	0	29772342	0	0	29772342	0	0	/en/
1	6	0	0	0	29734528	0	0	29734498	0	0	13422	/min.php
1	3	0	0	0	29805872	0	0	29761710	0	0	1422	/administrator
1	3	0	0	0	29734528	0	0	29734498	0	0	6711	/k.php
1	6	0	0	2	29832749	0	29790790	29734557	0	29759227	6396	/wp-config.php
1	0	0	0	33	0	0	29832508	0	0	29732629	0	/core/.env
1	6	0	0	0	29826802	0	0	29730329	0	0	7408	/assets/assets/trash-2-B3l-ZhdV.js
1	2	0	0	0	29783952	0	0	29743877	0	0	3316	/.ssh/id_dsa
1	0	0	0	1	0	0	29819077	0	0	29819077	0	/.git/credentials
1	6	0	0	0	29826802	0	0	29730329	0	0	7408	/assets/assets/printer-BQUreT8L.js
1	122	0	0	0	29826525	0	0	29730327	0	0	5888691	/assets/fonts/PlusJakartaSans.woff2
1	7	0	0	0	29826802	0	0	29733938	0	0	2177	/assets/arrow-right-left-DxaL83fz.js
1	16	0	0	0	29832509	0	0	29732630	0	0	24098	/administrator/phpinfo.php
1	3	0	0	0	29734527	0	0	29734497	0	0	6711	/new.php
1	1	0	0	0	29760107	0	0	29760107	0	0	1658	/wp-content/plugins/download-monitor/readme.txt
1	0	0	16	0	0	29830161	0	0	29746561	0	0	/rss/
1	4	0	0	5	29733274	0	29751738	29733234	0	29733231	552	/api/prescriptions/create.php
1	2	0	0	0	29826802	0	0	29822433	0	0	2844	/assets/assets/index-DJeWhCy-.js
1	11	0	0	2	29832749	0	29725450	29730892	0	29725449	11206	/config.json
1	10	0	0	0	29755529	0	0	29734366	0	0	13500	/index.php/wp-json/wp/v2/users?per_page=100&_fields=slug
1	0	0	0	2	0	0	29797120	0	0	29782721	0	/frontend/.env.production
1	1	0	0	0	29822452	0	0	29822452	0	0	1422	/fileupload/server/php
1	6	0	0	0	29826802	0	0	29730329	0	0	7408	/assets/assets/NurseDueMeds-C04LCd8h.js
1	0	0	0	1	0	0	29792881	0	0	29792881	0	/api/env.json
1	24	0	0	2	29832509	0	29725450	29732630	0	29725449	37126	/info.php
1	1	0	0	0	29749411	0	0	29749411	0	0	1422	/wp-login.php/wp-content/mu-plugins/index.php?ping=1
1	1	0	0	0	29797120	0	0	29797120	0	0	1658	/fetch?dest=http://169.254.169.254/latest/meta-data/iam/info
1	0	0	1	0	0	29822452	0	0	29822452	0	0	/assets/plugins/jquery-file-upload/server/php/
1	0	0	1	0	0	29822452	0	0	29822452	0	0	/assets/plugins/js/server/php/
1	20	0	0	0	29832509	0	0	29732630	0	0	30730	/cpanel/phpinfo.php
1	3	0	0	0	29734527	0	0	29734497	0	0	6711	/file6.php
1	3	0	0	0	29734528	0	0	29734498	0	0	6711	/yep.php
1	2	0	0	0	29806784	0	0	29805524	0	0	3316	/oldsite/wp-admin/install.php
1	0	0	0	1	0	0	29759227	0	0	29759227	0	/65.php
1	0	0	0	23	0	0	29832509	0	0	29732630	0	/en/.env
1	4	0	0	0	29783952	0	0	29734557	0	0	2618	/login
1	2	0	0	0	29783952	0	0	29743877	0	0	3316	/rclone.conf
1	0	0	0	1	0	0	29769219	0	0	29769219	0	/site
1	1	0	0	0	29822452	0	0	29822452	0	0	1422	/filemanager/filemanager/dialog.php
1	1	0	0	0	29740027	0	0	29740027	0	0	1422	/tmp/mainhack.php
1	9	0	0	0	29826802	0	0	29731138	0	0	3492	/assets/monitor-play-DHOzn285.js
1	3	0	0	0	29734528	0	0	29734498	0	0	6711	/wp-curl-file.php
1	1	0	0	0	29811385	0	0	29811385	0	0	2048	/website.zip
1	17	0	0	0	29832509	0	0	29743877	0	0	28186	/firebase-adminsdk.json
1	22	0	0	12	29827300	0	29832508	29732629	0	29749713	30268	/.env.dist
1	1	0	0	0	29760107	0	0	29760107	0	0	1658	/wp-content/plugins/duplicator/readme.txt
1	1	0	0	0	29797120	0	0	29797120	0	0	1658	/fetch?file=http://169.254.169.254/latest/meta-data/iam/info
1	2	0	0	0	29783952	0	0	29743877	0	0	3316	/.ssh/known_hosts
1	6	0	0	0	29826802	0	0	29730329	0	0	7408	/assets/assets/EmergencyPrescription-Bi3knV-p.js
1	0	0	0	23	0	0	29832508	0	0	29732630	0	/scripts/.env
1	1	0	0	1	29797120	0	29787355	29797120	0	29787355	1658	/.github/workflows/publish.yml
1	3	0	0	0	29806611	0	0	29790790	0	0	0	/config.php
1	2	2	0	0	29802145	0	0	29757444	0	0	9752	/?rest_route=/gravitysmtp/v1/tests/mock-data&page=gravitysmtp-settings
1	0	0	0	2	0	0	29725449	0	0	29725449	0	/server
1	4	0	0	3	29832749	0	29783952	29797120	0	29743877	6632	/.git-credentials
1	0	0	0	17	0	0	29832509	0	0	29732630	0	/redis/.env
1	1	0	0	0	29797120	0	0	29797120	0	0	1658	/aws/s3/credentials.json
1	8	8	0	0	29755346	0	0	29745880	0	0	11376	/?author=3&feed=rss2
1	2	0	0	0	29832749	0	0	29832749	0	0	3316	/.azure/credentials
1	0	0	0	2	0	0	29814352	0	0	29814241	0	/@fs/proc/self/cwd/.env?import&raw
1	1	0	0	0	29740027	0	0	29740027	0	0	1422	/wp-admin/css/xyn.php
1	0	0	0	17	0	0	29832509	0	0	29732630	0	/elasticsearch/.env
1	1	0	0	0	29829288	0	0	29829288	0	0	1658	/images/images/images/images/images/images/cache.php
1	0	0	0	2	0	0	29814352	0	0	29814241	0	/@fs/proc/self/cwd/.env
1	0	0	0	1	0	0	29725629	0	0	29725629	0	/test-phP-12345.php
1	3	0	0	0	29734528	0	0	29734498	0	0	6711	/file1.php
1	1	0	0	0	29826520	0	0	29826520	0	0	1422	/privacy
1	11	0	0	0	29826802	0	0	29730329	0	0	308385	/assets/DailyProgressNote-dVntCN7J.js
1	20	0	0	0	29832509	0	0	29732630	0	0	30730	/server-info.php
1	1	0	0	0	29760107	0	0	29760107	0	0	1658	/wp-content/plugins/sniplets/readme.txt
1	9	0	0	0	29826802	0	0	29730329	0	0	93249	/assets/AppointmentPayment-DTL8YvMS.js
1	1	0	0	0	29820699	0	0	29820699	0	0	1658	/wp-content/plugins/fix/up.php
1	21	0	0	0	29832509	0	0	29732630	0	0	32388	/phpinfo
1	1	0	0	0	29822452	0	0	29822452	0	0	1422	/plugin/server/php
1	6	0	0	0	29826802	0	0	29730329	0	0	7408	/assets/assets/rotate-ccw-DEYXgLqp.js
1	8	0	0	0	29826802	0	0	29731138	0	0	47704	/assets/scroll-area-DUDQuZCi.js
1	6	0	0	0	29826802	0	0	29730329	0	0	7408	/assets/assets/generateCategoricalChart-Dou_1HkF.js
1	3	0	0	0	29734527	0	0	29734497	0	0	6711	/p-blog.php
1	1	0	0	0	29829289	0	0	29829289	0	0	1658	/blogs/media/media/cache.php
1	0	0	0	1	0	0	29749411	0	0	29749411	0	/wp-login.php/images/images.php?ping=1
1	3	0	0	0	29734528	0	0	29734498	0	0	6711	/gg.php
1	9	0	0	0	29826802	0	0	29731138	0	0	2817	/assets/chart-no-axes-column-aUF3iGvH.js
1	4	0	0	0	29832749	0	0	29743877	0	0	6632	/terraform.tfstate
1	3	0	0	0	29734527	0	0	29734498	0	0	6711	/mass.php
1	2	0	0	0	29826802	0	0	29822433	0	0	121192	/assets/html2canvas.esm-Dtsxr8dG.js
1	3	0	0	0	29734528	0	0	29734498	0	0	6711	/wp-cliner.php
1	1	0	0	0	29740027	0	0	29740027	0	0	1422	/wp-admin/admin-text1.php
1	1	0	0	0	29797120	0	0	29797120	0	0	1658	/aws/iam/credentials.json
1	1	0	0	0	29799440	0	0	29799440	0	0	1658	/open/visitors/info/gets?uuid=1
1	0	0	0	1	0	0	29759227	0	0	29759227	0	/303.php
1	0	0	0	1	0	0	29749411	0	0	29749411	0	/wp-login.php/shell.php?ping=1
1	6	0	0	0	29734528	0	0	29734498	0	0	13422	/like.php
1	1	0	0	0	29740027	0	0	29740027	0	0	1422	/uploads/banner/11782077340.php
1	1	0	0	2	29797120	0	29787355	29797120	0	29782721	1658	/static../.aws/credentials
1	1	0	0	2	29790792	0	29783952	29790792	0	29743877	1422	/.gitconfig
1	1	0	0	0	29740027	0	0	29740027	0	0	1422	/wp-admin/images/admin.php
1	3	0	0	0	29832749	0	0	29790793	0	0	4738	/settings.py
1	1	0	0	0	29740027	0	0	29740027	0	0	1422	/wp-admin/class-protect-uplod.php
1	2	0	0	0	29797120	0	0	29782721	0	0	3316	/media../etc/passwd
1	3	0	0	0	29734528	0	0	29734498	0	0	6711	/sg.php
1	2	0	0	0	29761003	0	0	29761003	0	0	2844	/main/wp-login.php
1	1	0	0	0	29811385	0	0	29811385	0	0	2048	/backup.7z
1	12	0	0	8	29823221	0	29788818	29732895	0	29727175	49179	/cms/wp-includes/wlwmanifest.xml
1	0	0	0	1	0	0	29769219	0	0	29769219	0	/cms
1	1	0	0	0	29797120	0	0	29797120	0	0	1658	/bitbucket-pipelines.yml
1	1	0	0	0	29822452	0	0	29822452	0	0	1422	/filemanager/dialog.php
1	16	0	0	0	29832509	0	0	29732630	0	0	24098	/includes/phpinfo.php
1	0	0	1	0	0	29822452	0	0	29822452	0	0	/assets/server/php/
1	0	0	0	1	0	0	29787355	0	0	29787355	0	/proc/1/environ
1	1	0	0	0	29733202	0	0	29733202	0	0	3215	/phpmyadmin/js/dist/drag_drop_import.js?v=5.2.3
1	1	0	0	0	29734557	0	0	29734557	0	0	0	/.vscode/settings.json
1	2	0	0	0	29806785	0	0	29805524	0	0	3316	/shop/wp-admin/install.php
1	1	0	0	0	29733202	0	0	29733202	0	0	2815	/phpmyadmin/js/vendor/codemirror/addon/lint/lint.js?v=5.2.3
1	3	0	0	0	29734528	0	0	29734498	0	0	6711	/nope.php
1	23	0	0	12	29827300	0	29832508	29732629	0	29749713	31926	/.env.sample
1	1	0	0	0	29822452	0	0	29822452	0	0	1422	/responsive_filemanager/filemanager/dialog.php
1	3	0	0	0	29734528	0	0	29734498	0	0	6711	/xxx.php
1	0	0	0	32	0	0	29832508	0	0	29732629	0	/frontend/.env
1	1	0	0	0	29733202	0	0	29733202	0	0	602	/phpmyadmin/js/dist/page_settings.js?v=5.2.3
1	3	0	0	0	29734528	0	0	29734498	0	0	6711	/wp-admin/zoko.php
1	0	0	0	1	0	0	29797120	0	0	29797120	0	/api/..
1	2	0	0	0	29725628	0	0	29725628	0	0	2402	/wp-content/themes/twentytwentyfour/style.css
1	3	0	0	0	29734527	0	0	29734497	0	0	6711	/x123.php
1	6	0	0	0	29826802	0	0	29730329	0	0	7408	/assets/assets/formatDistanceToNow-C2IQJfe9.js
1	0	0	0	1	0	0	29797120	0	0	29797120	0	/@fs/home/ec2-user/.aws/credentials?import&raw??
1	1	0	0	0	29733202	0	0	29733202	0	0	9931	/phpmyadmin/js/dist/console.js?v=5.2.3
1	3	0	0	0	29734528	0	0	29734498	0	0	6711	/vxrl.php
1	6	0	0	0	29826802	0	0	29730329	0	0	7408	/assets/assets/log-out-BVpvzsgE.js
1	1	0	0	0	29797120	0	0	29797120	0	0	1658	/@fs/root/.aws/credentials?import&raw??
1	3	0	0	0	29734528	0	0	29734498	0	0	6711	/ssla.php
1	21	0	0	0	29832509	0	0	29732630	0	0	32388	/old/phpinfo.php
1	2	0	0	0	29740724	0	0	29734076	0	0	2536	/wp-content/plugins/updraftplus/updraftplus.php
1	3	0	0	0	29734528	0	0	29734498	0	0	6711	/wp-86.php
1	1	0	0	0	29740027	0	0	29740027	0	0	1422	/wp-admin/includes/lil_8c032c1a.php
1	1	0	0	0	29822452	0	0	29822452	0	0	1422	/components/kcfinder/upload.php
1	1	0	0	0	29809264	0	0	29809264	0	0	1658	/staff
1	0	0	1	0	0	29740027	0	0	29740027	0	0	/wp-admin/css/colors/ectoplasm/
1	1	0	0	0	29740027	0	0	29740027	0	0	1422	/wp-admin/css/xfun.php
1	0	0	0	18	0	0	29832509	0	0	29732630	0	/jenkins/.env
1	6	0	0	0	29826802	0	0	29730329	0	0	7408	/assets/assets/InvestigationPayment-BfpQZUDn.js
1	6	0	0	0	29826802	0	0	29730329	0	0	7408	/assets/assets/user-plus-BJkC4ige.js
1	0	0	0	1	0	0	29729475	0	0	29729475	0	/?154.61.75.100
1	16	0	0	0	29832509	0	0	29732630	0	0	24098	/staging/phpinfo.php
1	1	0	0	0	29760107	0	0	29760107	0	0	1658	/wp-content/plugins/navis-documentcloud/readme.txt
1	1	0	0	0	29822452	0	0	29822452	0	0	1422	/asset/server/php
1	0	0	0	23	0	0	29832509	0	0	29732630	0	/exapi/.env
1	3	0	0	0	29734527	0	0	29734498	0	0	6711	/scxy.php
1	0	0	0	2	0	0	29725450	0	0	29725449	0	/api/gql
1	1	0	0	0	29790792	0	0	29790792	0	0	1422	/database.php
1	0	0	0	1	0	0	29793562	0	0	29793562	0	/env.json?ts=1
1	0	0	0	17	0	0	29832509	0	0	29732630	0	/mysql/.env
1	8	0	0	0	29826802	0	0	29731138	0	0	62544	/assets/format-C8K1a6Fc.js
1	2	0	0	0	29783952	0	0	29743877	0	0	3316	/swagger.json
1	0	0	0	25	0	0	29832508	0	0	29732629	0	/wordpress/.env
1	0	0	0	1	0	0	29726558	0	0	29726558	0	/robots.txt?43.165.127.225
1	1	0	0	2	29751728	0	29751738	29751728	0	29751736	275	/api/auth/register.php
1	1	0	0	0	29783952	0	0	29783952	0	0	1658	/settings.js
1	1	0	0	0	29733222	0	0	29733222	0	0	7946	/phpmyadmin/js/messages.php?l=en&v=5.2.3
1	6	0	0	0	29826802	0	0	29730329	0	0	7408	/assets/assets/useDoctorContent-Cx8T-OwA.js
1	6	0	0	0	29734528	0	0	29734498	0	0	13422	/dx.php
1	1	0	0	0	29822452	0	0	29822452	0	0	1422	/js/tinymce4/plugins/filemanager/dialog.php
1	1	0	0	0	29797120	0	0	29797120	0	0	1658	/debug/pprof/cmdline
1	6	0	0	0	29826802	0	0	29730329	0	0	7408	/assets/assets/Dashboard-DyrPRUEp.js
1	1	0	0	0	29740027	0	0	29740027	0	0	1422	/wp-admin/js/xfun.php
1	1	0	0	0	29783952	0	0	29783952	0	0	1658	/runtime.js
1	1	0	0	0	29797120	0	0	29797120	0	0	1658	/.aws_credentials
1	7	0	0	0	29826802	0	0	29733938	0	0	973616	/assets/generateCategoricalChart-Dou_1HkF.js
1	2	0	0	0	29832749	0	0	29832749	0	0	3316	/.config/gcloud/credentials.db
1	0	0	0	19	0	0	29832509	0	0	29732630	0	/sbin/.env
1	1	0	0	0	29735893	0	0	29735893	0	0	1196	/old/wp-admin/install.php?step=1&language=en_GB
1	0	0	0	2	0	0	29814352	0	0	29814241	0	/api/admin
1	19	0	0	11	29827300	0	29832508	29732629	0	29749713	29072	/.env.remote
1	13	0	0	0	29826802	0	0	29730329	0	0	60424	/assets/NurseDueMeds-C04LCd8h.js
1	6	0	0	0	29826802	0	0	29730329	0	0	7408	/assets/assets/camera-DpsioLhp.js
1	3	0	0	0	29734528	0	0	29734498	0	0	6711	/bypltspd.php
1	1	0	0	0	29811385	0	0	29811385	0	0	2048	/drarmankabir.zip
1	0	0	0	3	0	0	29797120	0	0	29743877	0	/@fs/.env?raw??
1	16	0	0	0	29832509	0	0	29732630	0	0	24098	/site/phpinfo.php
1	1	0	0	0	29797120	0	0	29797120	0	0	1658	/backend/.aws/credentials
1	1	0	0	0	29820699	0	0	29820699	0	0	1658	/wp-content/plugins/index.php
1	3	0	0	0	29734528	0	0	29734498	0	0	6711	/ma1.php
1	11	0	0	0	29826802	0	0	29731138	0	0	3663	/assets/receipt-DqXr-L3S.js
1	1	0	0	0	29761003	0	0	29761003	0	0	1422	/wp-content/plugins/wordfence
1	12	0	0	9	29823221	0	29788818	29732895	0	29725664	49179	/wordpress/wp-includes/wlwmanifest.xml
1	7	0	0	0	29733274	0	0	29733231	0	0	4272	/api/patients/list.php?patient_type=outdoor&page=1
1	19	0	0	11	29827300	0	29832508	29732629	0	29749713	29072	/.env.stage
1	1	0	0	0	29822452	0	0	29822452	0	0	1422	/js/jquery-file-upload/server/php
1	2	0	0	0	29806784	0	0	29805524	0	0	3316	/web/wp-admin/install.php
1	16	0	0	0	29832509	0	0	29732630	0	0	24098	/wp-admin/phpinfo.php
1	0	0	0	1	0	0	29797120	0	0	29797120	0	/wp-content/debug.log
1	1	0	0	0	29760132	0	0	29760132	0	0	1658	/wp-content/plugins/anti-plagiarism/readme.txt
1	0	0	1	0	0	29822452	0	0	29822452	0	0	/jquery-file-upload/server/php/
1	1	0	0	0	29790792	0	0	29790792	0	0	1422	/docker-compose.yml
1	2	0	0	0	29806784	0	0	29805524	0	0	3316	/wordpress/wp-admin/install.php
1	1	0	0	0	29783952	0	0	29783952	0	0	1422	/manage
1	0	0	0	1	0	0	29759376	0	0	29759376	0	/wp-raze.php
1	1	0	0	0	29797120	0	0	29797120	0	0	1658	/files../etc/passwd
1	1	0	0	0	29740027	0	0	29740027	0	0	1422	/wp-fileesx-449
1	1	0	0	0	29824391	0	0	29824391	0	0	1658	/admin/setup
1	2	0	0	0	29783952	0	0	29743877	0	0	3316	/key.pem
1	1	0	0	0	29822452	0	0	29822452	0	0	1422	/jquery/kcfinder/upload.php
1	4	0	0	0	29808909	0	0	29731069	0	0	4643	/administrator/components/com_sppagebuilder/sppagebuilder.xml
1	1	0	0	0	29797120	0	0	29797120	0	0	1658	/@fs/home/ubuntu/.aws/credentials?raw??
1	1	0	0	0	29797120	0	0	29797120	0	0	1658	/..%252F..%252F..%252F..%252F..%252F.env
1	1	0	0	0	29740027	0	0	29740027	0	0	1422	/wp-admin/maint/about.php
1	1	0	0	0	29783952	0	0	29783952	0	0	1658	/service_account.json
1	6	0	0	0	29826802	0	0	29730329	0	0	7408	/assets/assets/eye-DZPhoU57.js
1	2	0	0	0	29748590	0	0	29740507	0	0	3316	/ftp-config.json
1	1	0	0	0	29797120	0	0	29797120	0	0	1658	/aws/iam/temp-creds.json
1	0	0	0	1	0	0	29797120	0	0	29797120	0	/fetch?url=http://169.254.169.254/latest/meta-data/iam/info
1	8	0	0	0	29826802	0	0	29731138	0	0	2256	/assets/trending-up-B6DQx806.js
1	212	0	0	0	29833267	0	0	29730289	0	0	67230	/assets/mail-yvZvzeI4.js
1	13	0	0	0	29802427	0	0	29767377	0	0	18486	/wp-json/wc/v3/customers?per_page=100&_fields=username,email
1	0	0	0	1	0	0	29753145	0	0	29753145	0	/api/notifications/unread-count.php
1	0	0	1	0	0	29759084	0	0	29759084	0	0	/wp-content/uploads/
1	3	0	0	1	29733274	0	29733234	29733261	0	29733234	1227	/api/vitals/list.php?patient_id=2
1	0	0	0	2	0	0	29753145	0	0	29753002	0	/api/vitals/list.php?patient_id=1
1	80	0	0	0	29753240	0	0	29735970	0	0	59318	/api/frontpage/save.php
1	0	0	0	3	0	0	29733261	0	0	29733231	0	/api/vitals/list.php?patient_id=0
1	0	0	0	3	0	0	29812612	0	0	29805563	0	/wp-config.php~
1	1	0	0	0	29760107	0	0	29760107	0	0	1658	/wp-content/plugins/wp-symposium/readme.txt
1	6	0	0	0	29826802	0	0	29730329	0	0	7408	/assets/assets/AppointmentPayment-DTL8YvMS.js
1	2	0	0	0	29783952	0	0	29743877	0	0	3316	/id_ed25519
1	1	0	0	0	29820699	0	0	29820699	0	0	1658	/wp-admin/txets.php
1	1	0	0	0	29829289	0	0	29829289	0	0	1658	/images/images/images/cache.php
1	1	0	0	0	29822452	0	0	29822452	0	0	1422	/app/webroot/kcfinder/upload.php
1	0	0	0	1	0	0	29759227	0	0	29759227	0	/index2.php
1	6	0	0	0	29826802	0	0	29730329	0	0	7408	/assets/assets/download-qc_8yQ5r.js
1	6	0	0	0	29826802	0	0	29730329	0	0	7408	/assets/assets/funnel-BTA0vRsb.js
1	1	0	0	0	29822452	0	0	29822452	0	0	1422	/assets/server/php
1	2	0	0	0	29832749	0	0	29832749	0	0	3316	/s3cmd.conf
1	0	0	0	27	0	0	29832508	0	0	29732629	0	/database/.env
1	1	0	0	0	29818078	0	0	29818078	0	0	1422	/__pboot_probe_not_exist_18392_1788976729001.txt
1	2	0	0	0	29797120	0	0	29787355	0	0	3316	/fetch?url=http://169.254.169.254/latest/meta-data/iam/security-credentials/
1	1	0	0	0	29822452	0	0	29822452	0	0	1422	/admin/core/kcfinder/upload.php
1	1	0	0	0	29759084	0	0	29759084	0	0	4876	/wp-content/uploads
1	0	0	0	1	0	0	29759376	0	0	29759376	0	/tersembunyi.php
1	2	0	0	0	29806784	0	0	29805524	0	0	3316	/cms/wp-admin/install.php
1	16	0	0	0	29832509	0	0	29732630	0	0	24098	/core/phpinfo.php
1	4	0	0	0	29769517	0	0	29768432	0	0	6632	/favicon.png
1	20	0	0	0	29832509	0	0	29732630	0	0	30730	/_phpinfo.php
1	1	0	0	0	29811385	0	0	29811385	0	0	2048	/site.zip
1	1	0	0	0	29734557	0	0	29734557	0	0	1196	/checkout
1	1	0	0	0	29735893	0	0	29735893	0	0	1196	/wordpress/wp-admin/install.php?step=1&language=en_GB
1	24	0	0	0	29830161	0	0	29745880	0	0	34128	/feed/atom
1	0	0	0	30	0	0	29832508	0	0	29732629	0	/site/.env
1	1	0	0	0	29822452	0	0	29822452	0	0	1422	/js/server/php
1	3	0	0	0	29734527	0	0	29734498	0	0	6711	/0okj.php
1	1	0	0	0	29809264	0	0	29809264	0	0	1658	/leadership
1	1	0	0	0	29740027	0	0	29740027	0	0	1422	/wp-admin/admin-agent.php
1	1	0	0	0	29822452	0	0	29822452	0	0	1422	/admin/server/php
1	1	0	0	0	29760107	0	0	29760107	0	0	1658	/wp-content/plugins/featurific-for-wordpress/readme.txt
1	1	0	0	0	29797120	0	0	29797120	0	0	1658	/.github/workflows/test.yml
1	0	0	0	1	0	0	29819077	0	0	29819077	0	/.git/credential-cache
1	0	0	0	1	0	0	29797120	0	0	29797120	0	/sendgrid/.env.php
1	2	0	0	0	29783952	0	0	29750632	0	0	3080	/Dashboard-DyrPRUEp.js
1	1	0	0	0	29822452	0	0	29822452	0	0	1422	/assets/admin/tinymce/plugins/filemanager/dialog.php
1	3	0	0	0	29734527	0	0	29734497	0	0	6711	/0xD.php
1	2	0	0	0	29748590	0	0	29740507	0	0	3316	/.ftp-sync.json
1	1	0	0	0	29822452	0	0	29822452	0	0	1422	/static/lib/jquery-file-upload/server/php
1	2	0	0	0	29783952	0	0	29734557	0	0	2618	/app
1	1	0	0	0	29733202	0	0	29733202	0	0	4865	/phpmyadmin/js/vendor/jquery/jquery-migrate.min.js?v=5.2.3
1	1	0	0	0	29811385	0	0	29811385	0	0	2048	/users.sql
1	2	0	0	0	29806784	0	0	29805524	0	0	3316	/wp/wp-admin/install.php
1	2	0	0	0	29832749	0	0	29832749	0	0	3316	/s3cfg
1	0	0	0	24	0	0	29832508	0	0	29732630	0	/uploads/.env
1	1	0	0	0	29797120	0	0	29797120	0	0	1658	/.env.local.php
1	1	0	0	0	29760107	0	0	29760107	0	0	1658	/wp-content/plugins/2-click-socialmedia-buttons/readme.txt
1	0	0	0	2	0	0	29725450	0	0	29725449	0	/api
1	3	0	0	0	29734528	0	0	29734498	0	0	6711	/shorw.php
1	2	0	0	0	29793594	0	0	29793562	0	0	7084	/api/home/get.php?key=heroTaglineEn
1	1	0	0	0	29811385	0	0	29811385	0	0	2048	/wp-content/uploads/backup.sql
1	1	0	0	0	29797120	0	0	29797120	0	0	1658	/assets/env.js
1	0	0	0	1	0	0	29759377	0	0	29759377	0	/images/gelay.php
1	1	0	0	0	29822452	0	0	29822452	0	0	1422	/plugins/kcfinder/upload.php
1	0	0	0	19	0	0	29832509	0	0	29732630	0	/local/.env
1	0	0	0	1	0	0	29797120	0	0	29797120	0	/static../proc/self/environ
1	1	0	0	0	29822452	0	0	29822452	0	0	1422	/lib/filemanager/dialog.php
1	3	0	0	0	29734528	0	0	29734498	0	0	6711	/H.php
1	0	0	0	1	0	0	29824391	0	0	29824391	0	/api/upload/
1	1	0	0	0	29797120	0	0	29797120	0	0	1658	/proxy?url=file:///proc/self/environ
1	1	0	0	0	29811385	0	0	29811385	0	0	2048	/mysql.sql
1	1	0	0	0	29822452	0	0	29822452	0	0	1422	/resources/plugins/tiny_mce/plugins/filemanager/dialog.php
1	1	0	0	0	29740027	0	0	29740027	0	0	1422	/wp-admin/network/2023/v2/modules/build/ieew/inl/admin.php
1	9	0	0	0	29826802	0	0	29731138	0	0	68076	/assets/clinicalIntelligence-B4u_Xj_J.js
1	1	0	0	0	29797120	0	0	29797120	0	0	1658	/ecs/task-credentials
1	1	0	0	1	29797120	0	29787355	29797120	0	29787355	1658	/@fs/root/.aws/credentials?raw??
1	1	0	0	0	29820699	0	0	29820699	0	0	1658	/abcd.php
1	0	0	1	0	0	29740027	0	0	29740027	0	0	/wp-content/plugins/
1	4	0	0	0	29820699	0	0	29734498	0	0	8369	/000.php
1	3	0	0	0	29734527	0	0	29734497	0	0	6711	/new4.php
1	0	0	0	33	0	0	29832508	0	0	29732629	0	/web/.env
1	10	0	0	0	29826802	0	0	29731138	0	0	3120	/assets/settings-2-Bp-4AVPw.js
1	0	0	0	25	0	0	29832508	0	0	29732629	0	/symfony/.env
1	0	0	0	1	0	0	29759377	0	0	29759377	0	/wp-content/uploads/simple-file-list/shell.php
1	1	0	0	0	29743877	0	0	29743877	0	0	1658	/_next/build-manifest.json
1	0	0	1	0	0	29799440	0	0	29799440	0	0	/open/
1	0	0	3	0	0	29805872	0	0	29761710	0	0	/administrator/
1	3	0	0	0	29734527	0	0	29734497	0	0	6711	/leaf.php
1	4	0	0	0	29733274	0	0	29733234	0	0	3860	/api/prescriptions/list.php?patient_id=2
1	0	0	0	5	0	0	29753145	0	0	29751738	0	/api/prescriptions/list.php?patient_id=1
1	5	5	0	0	29765013	0	0	29746140	0	0	7110	/?author=5&feed=rss2
1	3	0	0	0	29734528	0	0	29734498	0	0	6711	/wpls.php
1	0	0	0	3	0	0	29733261	0	0	29733231	0	/api/prescriptions/list.php?patient_id=0
1	1	0	0	0	29797120	0	0	29797120	0	0	1658	/jenkins/config.xml.bak
1	1	0	0	0	29740027	0	0	29740027	0	0	1422	/wp-content/mfby1cscthixknxfjcdefault.php
1	1	0	0	0	29797120	0	0	29797120	0	0	1658	/secure/..
1	0	0	0	1	0	0	29797120	0	0	29797120	0	/api/fetch?url=http://169.254.169.254/latest/meta-data/iam/security-credentials/
1	1	0	0	0	29797120	0	0	29797120	0	0	1658	/.gcloud/credentials.json
1	3	0	0	0	29734528	0	0	29734498	0	0	6711	/G-In.php
1	1	0	0	0	29753240	0	0	29753240	0	0	225	/api/content/save.php
1	24	0	0	0	29832509	0	0	29732630	0	0	37362	/pi.php
1	0	0	3	0	0	29769220	0	0	29761710	0	0	/components/
1	2	0	0	7	29823221	0	29788818	29732895	0	29725664	5849	/website/wp-includes/wlwmanifest.xml
1	0	0	0	1	0	0	29797120	0	0	29797120	0	/conf/.env
1	0	0	24	0	0	29830161	0	0	29745880	0	0	/feed/atom/
1	0	0	0	1	0	0	29793564	0	0	29793564	0	/api/phpinfo.php
1	1	0	0	0	29811385	0	0	29811385	0	0	2048	/db.bak
1	6	0	0	0	29826802	0	0	29730329	0	0	7408	/assets/assets/checkbox-ByWwQWzS.js
1	0	0	0	1	0	0	29797120	0	0	29797120	0	/app/.aws/credentials
1	6	0	0	0	29826802	0	0	29730329	0	0	7408	/assets/assets/user-search-CBqVxlq_.js
1	10	0	0	0	29818244	0	0	29757664	0	0	8768	/wp-admin
1	0	0	1	0	0	29740027	0	0	29740027	0	0	/upload/
1	0	0	0	4	0	0	29751838	0	0	29751799	0	/api/auth/admin_login.php
1	0	0	0	1	0	0	29784613	0	0	29784613	0	/env.json?179.43.134.114
1	0	0	0	1	0	0	29759084	0	0	29759084	0	/zoro.php
1	1	0	0	0	29824391	0	0	29824391	0	0	1658	/.ftpconfig
1	229	0	0	2	29833267	0	29830687	29730289	0	29830654	94693	/assets/heart-CnN_F_j3.js
1	0	0	0	1	0	0	29797120	0	0	29797120	0	/..
1	15	0	0	0	29832509	0	0	29806656	0	0	24870	/gcp-sa.json
1	1	0	0	0	29797120	0	0	29797120	0	0	1658	/redirect?url=http://169.254.169.254/latest/meta-data/
1	0	0	1	0	0	29822452	0	0	29822452	0	0	/js/server/php/
1	2	0	0	0	29814352	0	0	29814241	0	0	3316	/@fs/etc/passwd?import&raw
1	3	0	0	0	29734527	0	0	29734498	0	0	6711	/appt.php
1	1	0	0	0	29740027	0	0	29740027	0	0	1422	/wp-content/languages/index.php
1	0	0	0	3	0	0	29797120	0	0	29743877	0	/api/env
1	244	0	0	313	29833267	0	29796575	29730286	0	29748013	50388	/env.json
1	0	0	0	18	0	0	29832509	0	0	29732630	0	/angular/.env
1	1	0	0	0	29811385	0	0	29811385	0	0	2048	/old.zip
1	0	0	0	1	0	0	29797120	0	0	29797120	0	/frontend/.env.local
1	2	0	0	0	29783952	0	0	29743877	0	0	3316	/serviceAccountKey.json
1	1	0	0	0	29811385	0	0	29811385	0	0	2048	/backups.zip
1	1	0	0	0	29811385	0	0	29811385	0	0	2048	/db_backup.sql
1	1	0	0	0	29783952	0	0	29783952	0	0	1422	/profile
1	1	0	0	0	29822452	0	0	29822452	0	0	1422	/admin/filemanager/dialog.php
1	1	0	0	0	29733202	0	0	29733202	0	0	6078	/phpmyadmin/js/dist/indexes.js?v=5.2.3
1	1	0	0	0	29797120	0	0	29797120	0	0	1658	/fetch?src=http://169.254.169.254/latest/meta-data/iam/info
1	248	0	0	2	29833267	0	29830687	29730289	0	29830653	93490	/assets/trash-2-B3l-ZhdV.js
1	11	0	0	0	29826802	0	0	29731138	0	0	3949	/assets/printer-BQUreT8L.js
1	1	0	0	0	29822452	0	0	29822452	0	0	1422	/admin/ckeditor/kcfinder/upload.php
1	4	0	0	3	29733274	0	29733261	29733234	0	29733231	420	/api/notifications/create.php
1	0	0	0	18	0	0	29832509	0	0	29732630	0	/ci/.env
1	0	0	0	23	0	0	29832508	0	0	29732630	0	/resources/.env
1	2	0	0	0	29832749	0	0	29832749	0	0	3316	/terraform.tfstate.backup
1	0	0	0	1	0	0	29797120	0	0	29797120	0	/app/api/.env
1	0	0	0	25	0	0	29832508	0	0	29732629	0	/joomla/.env
1	0	0	0	134	0	0	29832749	0	0	29725449	0	/.git/config
1	1	0	0	0	29749411	0	0	29749411	0	0	1422	/wp-login.php/wp-cash.php?ping=1
1	0	0	0	1	0	0	29759084	0	0	29759084	0	/greap.php
1	19	0	0	11	29827300	0	29832508	29732629	0	29749713	29072	/.env.live
1	1	0	0	0	29797120	0	0	29797120	0	0	1658	/azure-pipelines.yml
1	0	0	1	0	0	29822452	0	0	29822452	0	0	/admin/server/php/
1	0	0	0	23	0	0	29832508	0	0	29732629	0	/bootstrap/.env
1	1	0	0	0	29797120	0	0	29797120	0	0	1658	/home/circleci/.aws/credentials
1	3	0	0	0	29734527	0	0	29734497	0	0	6711	/t.php
1	1	0	0	0	29811385	0	0	29811385	0	0	2048	/public_html.tar.gz
1	3	0	0	0	29797120	0	0	29743877	0	0	4974	/app_dev.php/_profiler
1	12	0	0	9	29823221	0	29788818	29732895	0	29725664	49179	/blog/wp-includes/wlwmanifest.xml
1	7	0	0	0	29733274	0	0	29733231	0	0	3402	/api/patients/list.php?search=Rahim
1	15	0	0	9	29827300	0	29832508	29732629	0	29749713	22440	/.env_copy
1	0	0	0	2	0	0	29812612	0	0	29810294	0	/.ENV
1	1	0	0	0	29797120	0	0	29797120	0	0	1658	/@fs/proc/self/cwd/.aws/credentials?raw??
1	7	0	0	0	29826802	0	0	29730329	0	0	67389	/assets/ProcedurePayment-B362PKCB.js
1	3	0	0	0	29832749	0	0	29790792	0	0	4738	/application.yml
1	9	0	0	0	29802580	0	0	29770730	0	0	12798	/wp-json/buddypress/v1/members?per_page=100&_fields=user_login
1	0	0	0	1	0	0	29759227	0	0	29759227	0	/75.php
1	0	0	0	1	0	0	29759376	0	0	29759376	0	/darkshell.php
1	6	0	0	0	29826802	0	0	29730329	0	0	7408	/assets/assets/card-COhiAhz1.js
1	0	0	0	1	0	0	29797120	0	0	29797120	0	/.vercel/.env
1	1	0	0	0	29740027	0	0	29740027	0	0	1422	/wp-admin/dada.php
1	21	0	0	0	29832509	0	0	29732630	0	0	32388	/admin/phpinfo.php
1	2	0	0	0	29783952	0	0	29743877	0	0	3080	/dist/manifest.json
1	0	0	0	8	0	0	29753145	0	0	29751728	0	/api/patients/list.php
1	22	0	0	0	29801811	0	0	29746140	0	0	31284	/wp-json/rankmath/v1/getHead?url=https://drarmankabir.com
1	0	0	0	18	0	0	29832509	0	0	29732630	0	/vue/.env
1	1	0	0	0	29811385	0	0	29811385	0	0	2048	/www.zip
1	1	0	0	0	29733202	0	0	29733202	0	0	405	/phpmyadmin/js/dist/codemirror/addon/lint/sql-lint.js?v=5.2.3
1	8	0	0	0	29826802	0	0	29731138	0	0	2200	/assets/arrow-left-D0QK_o3f.js
1	6	0	0	0	29833107	0	0	29731055	0	0	22135	/.well-known/security.txt
1	0	0	0	9	0	0	29830242	0	0	29822559	0	/api/session/properties
1	1	0	0	0	29760107	0	0	29760107	0	0	1658	/wp-content/plugins/mf-gig-calendar/readme.txt
1	1	0	0	0	29740027	0	0	29740027	0	0	1422	/wp-content/autoload_classmap.php
1	0	0	8	0	0	29772343	0	0	29772342	0	0	/app/
1	0	0	1	0	0	29822452	0	0	29822452	0	0	/static/lib/jquery-file-upload/server/php/
1	1	0	0	0	29822452	0	0	29822452	0	0	1422	/resources/js/tinymce/plugins/filemanager/dialog.php
1	1	0	0	0	29797120	0	0	29797120	0	0	1658	/config/jenkins.xml
1	21	0	0	0	29832509	0	0	29732630	0	0	32388	/debug.php
1	2	0	0	0	29797120	0	0	29787355	0	0	3316	/@fs/etc/passwd?raw??
1	2	0	0	0	29797120	0	0	29783952	0	0	3316	/configuration.js
1	0	0	0	1	0	0	29797120	0	0	29797120	0	/config/jenkins.conf
1	0	0	0	31	0	0	29832508	0	0	29732629	0	/private/.env
1	1	0	0	0	29820699	0	0	29820699	0	0	1658	/wp-content/goods.php
1	10	0	0	3	29826623	0	29773542	29731347	0	29727645	14150	/wp-includes/css/buttons.css
1	1	0	0	0	29733202	0	0	29733202	0	0	7921	/phpmyadmin/themes/pmahomme/jquery/jquery-ui.css
1	0	0	0	2	0	0	29797120	0	0	29782721	0	/backend/api/.env
1	2	0	0	0	29783952	0	0	29743877	0	0	3316	/server.key
1	2	0	0	0	29814352	0	0	29814241	0	0	3316	/@fs/etc/passwd?raw
1	0	0	0	1	0	0	29759227	0	0	29759227	0	/70.php
1	0	0	0	1	0	0	29759227	0	0	29759227	0	/69.php
1	14	0	0	0	29805947	0	0	29770731	0	0	19908	/wp-json/wp/v2/comments?per_page=100&_fields=author_name,author_url
1	0	0	0	1	0	0	29759376	0	0	29759376	0	/images/mar.php
1	3	0	0	0	29734527	0	0	29734498	0	0	6711	/chomu.php
1	0	0	1	0	0	29822452	0	0	29822452	0	0	/fileupload/server/php/
1	0	0	0	20	0	0	29832508	0	0	29732629	0	/opt/.env
1	4	0	0	0	29793396	0	0	29793396	0	0	2844	/roundcube
1	0	0	0	1	0	0	29797120	0	0	29797120	0	/fetch?dest=http://169.254.169.254/latest/meta-data/
1	0	0	0	2	0	0	29725449	0	0	29725449	0	/login.action
1	0	0	0	1	0	0	29797120	0	0	29797120	0	/image?url=http://169.254.169.254/latest/meta-data/iam/security-credentials/
1	12	0	0	0	29805948	0	0	29767378	0	0	17064	/wp-json/wp/v2/media?per_page=50&_fields=author
1	2	0	0	0	29783952	0	0	29750632	0	0	3080	/Patients-B0bSwJv4.js
1	1	0	0	0	29797120	0	0	29797120	0	0	1658	/config/env.js
1	0	0	0	17	0	0	29832509	0	0	29732630	0	/stage/.env
1	1	0	0	0	29811385	0	0	29811385	0	0	2048	/backup.tgz
1	4657	4657	0	448	29833576	0	29832508	29725628	0	29725125	12837737	/
1	8	0	0	0	29826802	0	0	29731138	0	0	486912	/assets/UpgradedPrescriptionEMR-CvNofdGu.js
1	15	0	0	0	29832509	0	0	29806656	0	0	24870	/firebase-key.json
1	1	0	0	0	29797120	0	0	29797120	0	0	1658	/read?url=file:///proc/1/environ
1	1	0	0	1	29797120	0	29787355	29797120	0	29787355	1658	/.drone.yml
1	493	0	0	11	29833267	0	29830655	29734556	0	29743633	945641	/api/frontpage/get.php
1	0	0	2	0	0	29768317	0	0	29761710	0	0	/_next/static/
1	1	0	0	0	29811385	0	0	29811385	0	0	2048	/backup.sql
1	0	0	0	2	0	0	29811052	0	0	29807172	0	/www/.git/config
1	7	0	0	0	29787621	0	0	29733936	0	0	5947	/serial-display
1	1	0	0	0	29822452	0	0	29822452	0	0	1422	/assets/kcfinder/upload.php
1	8	0	0	0	29802508	0	0	29767379	0	0	11376	/wp-json/tutor/v1/students
1	0	0	0	2	0	0	29725450	0	0	29725449	0	/s/8343e22383e22313e29343/_/
1	0	0	0	1	0	0	29797120	0	0	29797120	0	/static../.env
1	2	0	0	0	29783952	0	0	29750632	0	0	3080	/RegistrarDashboard-CdC5G3Yl.js
1	252	0	0	2	29833267	0	29830691	29730289	0	29830653	104600	/assets/textarea-BQiWEu5n.js
1	3	0	0	0	29734527	0	0	29734497	0	0	6711	/wp-slss.php
1	1	0	0	0	29740027	0	0	29740027	0	0	1422	/wp-admin/classwithtostring.php
1	16	0	0	0	29832509	0	0	29732630	0	0	24098	/htdocs/phpinfo.php
1	3	0	0	0	29734528	0	0	29734498	0	0	6711	/reyna.php
1	20	0	0	0	29832509	0	0	29732630	0	0	30730	/hosting/phpinfo.php
1	3	0	0	0	29734527	0	0	29734497	0	0	6711	/file5.php
1	8	0	0	10	29733274	0	29751738	29733234	0	29733230	5028	/api/patients/create.php
1	3	0	0	0	29734527	0	0	29734498	0	0	6711	/mnpiyfeish.php
1	0	0	0	1	0	0	29759377	0	0	29759377	0	/wp-content/uploads/simple-file-list/DC.php
1	1	0	0	0	29820699	0	0	29820699	0	0	1658	/wp-admin/css/colors/wp-login.php
1	11	0	0	0	29826802	0	0	29731138	0	0	3322	/assets/log-out-BVpvzsgE.js
1	0	0	0	1	0	0	29759227	0	0	29759227	0	/64.php
1	2	0	0	0	29740724	0	0	29734076	0	0	2536	/wp-content/plugins/updraftplus/changelog.txt
1	1	0	0	0	29738419	0	0	29738419	0	0	1658	/.env.render
1	2	0	0	0	29768317	0	0	29761710	0	0	0	/register
1	0	0	0	19	0	0	29832509	0	0	29732630	0	/control-panel/.env
1	0	0	0	1	0	0	29819077	0	0	29819077	0	/.git/config.bak
1	0	0	0	22	0	0	29832509	0	0	29732630	0	/smtp/.env
1	1	0	0	0	29740027	0	0	29740027	0	0	1422	/wp-admin/includes/admin.php
1	0	0	0	8	0	0	29772343	0	0	29772342	0	/api/
1	3	0	0	0	29734528	0	0	29734498	0	0	6711	/aaa.php
1	0	0	0	1	0	0	29797120	0	0	29797120	0	/.github/secrets.env
1	1	0	0	0	29733202	0	0	29733202	0	0	705	/phpmyadmin/themes/pmahomme/img/b_help.png
1	2	0	0	0	29783952	0	0	29743877	0	0	3316	/.aider.conf.yml
1	0	0	0	3	0	0	29797120	0	0	29782721	0	/.env?raw??
1	1	0	0	5	29823221	0	29788818	29823221	0	29729897	4876	/2018/wp-includes/wlwmanifest.xml
1	0	0	0	1	0	0	29749410	0	0	29749410	0	/wp-login.php/wp-admin/images/index.php?ping=1
1	55	55	0	4	29830809	0	29730049	29731465	0	29725757	255867	/th1s_1s_a_4o4.html
1	16	0	0	0	29832509	0	0	29732630	0	0	24098	/qa/phpinfo.php
1	0	0	0	27	0	0	29832508	0	0	29732629	0	/prod/.env
1	1	0	0	0	29740027	0	0	29740027	0	0	1422	/wp-admin/indext-text1.php
1	0	0	0	2	0	0	29797120	0	0	29787355	0	/.github/workflows/release.yml
1	0	0	0	1	0	0	29797120	0	0	29797120	0	/aws_credentials.txt
1	15	0	0	0	29832509	0	0	29806656	0	0	24870	/sa.json
1	0	0	1	0	0	29822452	0	0	29822452	0	0	/upload/server/php/
1	2	0	0	0	29783952	0	0	29743877	0	0	3316	/.bashrc
1	207	0	0	0	29833267	0	0	29730289	0	0	66081	/assets/external-link-YRWS9f1T.js
2	21	0	0	25	29833454	0	29725270	29749410	0	29725230	29862	admin
3	2	0	0	0	29801841	0	0	29801832	0	0	2844	http://www.drarmankabir.com/c/
3	3	2	0	0	29808898	0	0	29748762	0	0	7956	https://duckduckgo.com/
3	2	0	0	0	29768317	0	0	29761710	0	0	0	https://drarmankabir.com/components/
3	1	0	0	0	29822452	0	0	29822452	0	0	1422	https://drarmankabir.com//assets/jquery-file-upload/server/php/
3	2	0	0	0	29806611	0	0	29790790	0	0	0	http://drarmankabir.com/config.php
3	1	0	0	0	29790792	0	0	29790792	0	0	1422	http://drarmankabir.com/application.yml
3	1	0	0	0	29761003	0	0	29761003	0	0	1422	http://drarmankabir.com/blog/
3	1	0	0	0	29822452	0	0	29822452	0	0	1422	https://drarmankabir.com//plugins/js/jquery-file-upload/server/php/
3	1	0	0	0	29807906	0	0	29807906	0	0	1422	https://www.facebook.com/
3	1	0	0	0	29735893	0	0	29735893	0	0	1196	http://drarmankabir.com/wordpress/wp-admin/setup-config.php?step=1&language=en_GB
3	1	0	0	0	29790793	0	0	29790793	0	0	1422	http://drarmankabir.com/config/parameters.yml
3	7	6	0	1	29826346	0	29725755	29733201	0	29725755	10172	https://server.procloudify.com:2083/
3	1	0	0	0	29822452	0	0	29822452	0	0	1422	https://drarmankabir.com//assets/plugins/jQuery-File-Upload/server/php/
3	1	0	0	0	29820699	0	0	29820699	0	0	1658	http://drarmankabir.com/wp-content/about.php
3	116	0	0	0	29826525	0	0	29730630	0	0	12026862	https://www.drarmankabir.com/assets/index-JEdqxkTH.css
3	0	0	0	1	0	0	29826492	0	0	29826492	0	https://casinogamingsites.online/
3	1	0	0	0	29731479	0	0	29731479	0	0	443	http://www.drarmankabir.com/wp-includes/css/buttons.css
3	1	0	0	0	29761003	0	0	29761003	0	0	1422	http://drarmankabir.com/wordpress/
3	1	0	0	0	29761003	0	0	29761003	0	0	1422	https://drarmankabir.com/site/
3	1	0	0	0	29820699	0	0	29820699	0	0	1658	http://drarmankabir.com/wp-admin/css/goods.php
3	1	0	0	0	29735893	0	0	29735893	0	0	1196	http://drarmankabir.com/blog/wp-admin/setup-config.php?step=1&language=en_GB
3	0	0	0	1	0	0	29759884	0	0	29759884	0	http://drarmankabir.com/xmlrpc.php
3	1	0	0	0	29761003	0	0	29761003	0	0	1422	http://drarmankabir.com/main/
3	1	0	0	0	29822452	0	0	29822452	0	0	1422	https://drarmankabir.com//assets/global/plugins/server/php/
3	1	0	0	0	29790792	0	0	29790792	0	0	1422	http://drarmankabir.com/web.config
3	1	0	0	0	29790793	0	0	29790793	0	0	1422	http://drarmankabir.com/.env.js
3	1	0	0	0	29820699	0	0	29820699	0	0	1658	http://drarmankabir.com/wp-editor.php
3	1	0	0	0	29790793	0	0	29790793	0	0	1422	http://drarmankabir.com/config/application.yml
3	1	0	0	0	29820699	0	0	29820699	0	0	1658	http://drarmankabir.com/bless.php
3	1	0	0	0	29761003	0	0	29761003	0	0	1422	https://drarmankabir.com/cms/
3	1	1	0	0	29784370	0	0	29784370	0	0	1422	android-app://com.google.android.googlequicksearchbox/
3	1	0	0	0	29820699	0	0	29820699	0	0	1658	http://drarmankabir.com/wp-admin/index.php
3	1	1	0	0	29761126	0	0	29761126	0	0	1422	https://www.google.com/url?q=https://www.drarmankabir.com/&sa=U&sqi=2&ved=2ahUKEwjmlMPlz_6VAxVVleEIHaGdGzgQFnoECCkQAQ&usg=AOvVaw1Wev4q5beTjXDcHCF60aEr
3	0	0	0	1	0	0	29751857	0	0	29751857	0	http://drarmankabir.com/app/.env
3	1	0	0	0	29790792	0	0	29790792	0	0	1422	http://drarmankabir.com/db.php
3	1	0	0	0	29822452	0	0	29822452	0	0	1422	https://drarmankabir.com//libraries/jsupload/server/php/
3	1	0	0	0	29790793	0	0	29790793	0	0	1422	http://drarmankabir.com/server_info.php
3	0	0	0	1	0	0	29751857	0	0	29751857	0	http://drarmankabir.com/env/.env
3	0	0	0	2	0	0	29790790	0	0	29751857	0	http://drarmankabir.com/.env
3	1	0	0	0	29796777	0	0	29796777	0	0	1658	http://www.drarmankabir.com/media/system/js/core.js
3	7	0	0	0	29746099	0	0	29736023	0	0	42119	https://www.drarmankabir.com/BedManagement
3	1	0	0	0	29822452	0	0	29822452	0	0	1422	https://drarmankabir.com//assets/plugins/js/server/php/
3	1	0	0	0	29822452	0	0	29822452	0	0	1422	https://drarmankabir.com//asset/server/php/
3	1	0	0	0	29736026	0	0	29736026	0	0	9627	https://www.drarmankabir.com/ProcedurePayment
3	1	0	0	0	29735893	0	0	29735893	0	0	1196	http://drarmankabir.com/wp-admin/install.php?step=1&language=en_GB
3	1	0	0	0	29761003	0	0	29761003	0	0	1422	https://drarmankabir.com/new/
3	1	0	0	0	29790790	0	0	29790790	0	0	1422	http://drarmankabir.com/app.js
3	1	0	0	0	29775404	0	0	29775404	0	0	1658	http://drarmankabir.com/wp-login.php
3	0	0	0	2	0	0	29816181	0	0	29766507	0	https://domraider.gb.net/
3	0	0	0	1	0	0	29811877	0	0	29811877	0	https://domraider.us.com/
3	1	0	0	0	29790793	0	0	29790793	0	0	1422	http://drarmankabir.com/php_info.php
3	1	0	0	0	29790792	0	0	29790792	0	0	1422	http://drarmankabir.com/.gitconfig
3	3	1	1	0	29813063	29813063	0	29756743	29813063	0	4266	https://www.bing.com/
3	1	0	0	0	29820699	0	0	29820699	0	0	1658	http://drarmankabir.com/dex.php
3	2	0	0	0	29768317	0	0	29761710	0	0	0	https://drarmankabir.com/_next/static/
3	1	0	0	0	29820699	0	0	29820699	0	0	1658	http://drarmankabir.com/txets.php
3	1	0	0	0	29790793	0	0	29790793	0	0	1422	http://drarmankabir.com/.env-config.js
3	1	0	0	0	29820699	0	0	29820699	0	0	1658	http://drarmankabir.com/wp-content/plugins/fix/000.php
3	505	503	2	32	29833405	29801925	29730278	29730409	29801861	29725208	865940	http://www.drarmankabir.com/
3	1	0	0	0	29822452	0	0	29822452	0	0	1422	https://drarmankabir.com//static/lib/jquery-file-upload/server/php/
3	1	0	0	0	29820699	0	0	29820699	0	0	1658	http://drarmankabir.com/wp-content/ioxi-o.php
3	1	0	0	0	29820699	0	0	29820699	0	0	1658	http://drarmankabir.com/wp-content/goods.php
3	1	0	0	0	29822452	0	0	29822452	0	0	1422	https://drarmankabir.com//assets/app-assets/data/jquery-file-upload/server/php/
3	0	0	0	1	0	0	29828555	0	0	29828555	0	https://www.bestenglishonlinecasino.online/
3	1	0	3	1	29778958	29778958	29778958	29778958	29778958	29778958	4876	https://dopagu.com//wp-login.php
3	1	0	0	0	29820699	0	0	29820699	0	0	1658	http://drarmankabir.com//wp-content/plugins/fix/up.php
3	2	0	0	0	29793396	0	0	29793396	0	0	1422	https://mail.drarmankabir.com/mail/
3	1	0	0	0	29822452	0	0	29822452	0	0	1422	https://drarmankabir.com//assets/plugins/js/jquery-file-upload/server/php/
3	24	0	0	0	29733938	0	0	29733938	0	0	381374	https://drarmankabir.com/PatientProfile?id="1"
3	6	0	0	0	29733941	0	0	29733936	0	0	10539	https://drarmankabir.com/serial-display
3	8	4	0	0	29737834	0	0	29734954	0	0	2861	https://mail.drarmankabir.com/sw.js
3	1	0	0	0	29822452	0	0	29822452	0	0	1422	https://drarmankabir.com//assets/global/plugins/jquery-file-upload/server/php/
3	13	0	0	0	29829153	0	0	29787426	0	0	21554	http://drarmankabir.com/wp-includes/js/jquery/jquery.js
3	2	0	0	0	29830658	0	0	29733290	0	0	454238	https://drarmankabir.com/assets/LandingPage-Dv8SefYP.js
3	2	0	0	0	29787621	0	0	29736026	0	0	10510	https://www.drarmankabir.com/OutstandingBalances
3	12	0	0	0	29832741	0	0	29732732	0	0	17489	http://drarmankabir.com/robots.txt
3	1	0	0	0	29733202	0	0	29733202	0	0	705	https://drarmankabir.com/phpmyadmin/themes/pmahomme/css/theme.css?v=5.2.3
3	1	0	0	0	29790792	0	0	29790792	0	0	1422	http://drarmankabir.com/config.js
3	1	0	0	0	29820699	0	0	29820699	0	0	1658	http://drarmankabir.com/abcd.php
3	1	0	0	0	29735893	0	0	29735893	0	0	1196	http://drarmankabir.com/blog/wp-admin/install.php?step=1&language=en_GB
3	9	0	0	0	29733936	0	0	29733936	0	0	28117	https://drarmankabir.com/Appointments
3	1	0	0	0	29820699	0	0	29820699	0	0	1658	http://drarmankabir.com/ioxi-o.php
3	1	0	0	0	29822452	0	0	29822452	0	0	1422	https://drarmankabir.com//assets/js/frontend/jquery-file-upload/server/php/
3	1	0	0	0	29790790	0	0	29790790	0	0	1422	http://drarmankabir.com/info.php
3	1	0	0	0	29735893	0	0	29735893	0	0	1196	http://drarmankabir.com/wordpress
3	60	0	0	0	29787621	0	0	29736022	0	0	124832	https://www.drarmankabir.com/Appointments
3	2	0	0	0	29793396	0	0	29793396	0	0	1422	https://mail.drarmankabir.com/rc/
3	1	0	0	0	29822452	0	0	29822452	0	0	1422	https://drarmankabir.com//jquery-file-upload/server/php/
3	2	1	0	0	29818244	0	0	29740139	0	0	2844	https://t.co/
3	1	0	0	0	29761003	0	0	29761003	0	0	1422	http://drarmankabir.com/site/
3	1	0	0	0	29822452	0	0	29822452	0	0	1422	https://drarmankabir.com//js/server/php/
3	2	0	0	0	29733743	0	0	29733286	0	0	905632	https://www.drarmankabir.com/assets/LandingPage-Dv8SefYP.js
3	1	0	0	0	29790790	0	0	29790790	0	0	1422	http://drarmankabir.com/phpinfo.php
3	3	1	0	0	29733222	0	0	29733201	0	0	4693	https://drarmankabir.com/setup.php
3	1	1	0	0	29808172	0	0	29808172	0	0	1422	https://best-seo-domains.com/
3	1	0	0	0	29820699	0	0	29820699	0	0	1658	http://drarmankabir.com/wp-mail.php
3	1	0	0	0	29733380	0	0	29733380	0	0	449	http://www.drarmankabir.com/wp-json/gravitysmtp/v1/tests/mock-data?page=gravitysmtp-settings
3	1	0	0	0	29820699	0	0	29820699	0	0	1658	http://drarmankabir.com/000.php
3	1	0	0	0	29790793	0	0	29790793	0	0	1422	http://drarmankabir.com/index.php
3	3	0	0	0	29747528	0	0	29736026	0	0	16038	https://www.drarmankabir.com/TotalIncome
3	0	0	0	1	0	0	29830242	0	0	29830242	0	http://www.drarmankabir.com/api/session/properties
3	3	3	0	0	29797517	0	0	29756744	0	0	7720	http://www.google.com.hk/
3	1	0	0	15	29830691	0	29830691	29830691	0	29830687	1838	https://drarmankabir.com/assets/${stored}
3	1	0	0	0	29820699	0	0	29820699	0	0	1658	http://drarmankabir.com/wp-includes/hp2.php
3	0	0	0	1	0	0	29824391	0	0	29824391	0	https://drarmankabir.com/api/upload
3	1	1	0	0	29799851	0	0	29799851	0	0	1658	https://sahammurah.com/all/872/20.html
3	21	0	0	1	29758169	0	29758169	29736117	0	29758169	110556	https://www.drarmankabir.com/Visit?id=1
3	1	0	0	0	29767376	0	0	29767376	0	0	1422	https://drarmankabir.com/feed/atom/
3	1	0	0	0	29822452	0	0	29822452	0	0	1422	https://drarmankabir.com//public/server/php/
3	2	0	0	0	29806611	0	0	29790637	0	0	1048409	http://drarmankabir.com/assets/index-DJeWhCy-.js
3	1	0	0	0	29822452	0	0	29822452	0	0	1422	https://drarmankabir.com//assets/plugins/server/php/
3	1	0	0	0	29790790	0	0	29790790	0	0	1422	http://drarmankabir.com/appsettings.json
3	0	0	0	1	0	0	29778244	0	0	29778244	0	https://domraider.uk.com/
3	1	0	0	0	29822452	0	0	29822452	0	0	1422	https://drarmankabir.com//assets/server/php/
3	2	0	0	0	29736116	0	0	29736026	0	0	25200	https://www.drarmankabir.com/InvestigationPayment
3	1	0	0	0	29761003	0	0	29761003	0	0	1422	http://drarmankabir.com/wp/
3	0	0	2	0	0	29775404	0	0	29744844	0	0	http://drarmankabir.com/wp-json/
3	106	0	0	0	29826346	0	0	29730327	0	0	10571258	https://drarmankabir.com/assets/index-JEdqxkTH.css
3	1	0	0	0	29775657	0	0	29775657	0	0	1422	https://drarmankabir.com/rss/
3	1	1	0	0	29800149	0	0	29800149	0	0	1422	https://nivira.shop/
3	1983	91	0	199	29833267	0	29807118	29725130	0	29725158	101305625	https://www.drarmankabir.com/
3	1	0	0	0	29822452	0	0	29822452	0	0	1422	https://drarmankabir.com//admin/jquery-file-upload/server/php/
3	1	0	0	0	29822452	0	0	29822452	0	0	1422	https://drarmankabir.com//fileupload/server/php/
3	1	0	0	0	29820699	0	0	29820699	0	0	1658	http://drarmankabir.com/wp-admin/css/admin.php
3	2	0	0	0	29793396	0	0	29793396	0	0	1422	https://mail.drarmankabir.com/roundcube/
3	1	0	0	0	29820699	0	0	29820699	0	0	1658	http://drarmankabir.com/blurbs.php
3	1	0	1	0	29807906	29807906	0	29807906	29807906	0	1422	https://wordpress.org/
3	1	0	0	0	29790793	0	0	29790793	0	0	1422	http://drarmankabir.com/config.json
3	1	0	0	0	29822452	0	0	29822452	0	0	1422	https://drarmankabir.com//plugin/server/php/
3	1	0	0	0	29820699	0	0	29820699	0	0	1658	http://drarmankabir.com/wp-content/plugins/index.php
3	5	5	0	0	29829092	0	0	29789210	0	0	8290	http://49.12.82.48/
3	3	0	0	0	29733942	0	0	29733942	0	0	23550	https://drarmankabir.com/EmergencyPrescription
3	1	0	0	0	29735893	0	0	29735893	0	0	1196	http://drarmankabir.com/wordpress/wp-admin/install.php?step=1&language=en_GB
3	1	0	0	0	29761003	0	0	29761003	0	0	1422	https://drarmankabir.com/wordpress/
3	1	0	0	0	29736027	0	0	29736027	0	0	13433	https://www.drarmankabir.com/Staff
3	9	0	0	3	29826623	0	29773542	29731347	0	29727645	13707	http://drarmankabir.com/wp-includes/css/buttons.css
3	1	0	0	1	29806611	0	29790790	29806611	0	29790790	1658	http://drarmankabir.com/wp-config.php
3	2	2	0	0	29807433	0	0	29798039	0	0	2844	https://www.google.com/search?q=drarmankabir
3	1	0	0	0	29735893	0	0	29735893	0	0	1196	http://drarmankabir.com/old/wp-admin/install.php?step=1&language=en_GB
3	1	0	0	0	29735893	0	0	29735893	0	0	1196	http://drarmankabir.com/wp/wp-admin/install.php?step=1&language=en_GB
3	1	0	0	0	29790793	0	0	29790793	0	0	1422	http://drarmankabir.com/pinfo.php
3	1	0	0	0	29820699	0	0	29820699	0	0	1658	http://drarmankabir.com/wp-admin/css/index.php
3	41	0	0	0	29733222	0	0	29733202	0	0	479406	https://drarmankabir.com/phpmyadmin/
3	2	0	0	0	29775658	0	0	29767377	0	0	2844	https://drarmankabir.com/feed/json/
3	5	0	0	0	29768317	0	0	29757664	0	0	1658	https://drarmankabir.com/wp-admin/
3	1	0	0	0	29820699	0	0	29820699	0	0	1658	http://drarmankabir.com/style.php
3	1	1	0	0	29794772	0	0	29794772	0	0	1422	http://nivira.shop/
3	13	0	0	0	29787621	0	0	29736025	0	0	43313	https://www.drarmankabir.com/AppointmentPayment
3	2	0	0	0	29819446	0	0	29733146	0	0	1720	http://www.drarmankabir.com/robots.txt
3	1	0	0	0	29761003	0	0	29761003	0	0	1422	https://drarmankabir.com/wp/
3	1	0	0	0	29735893	0	0	29735893	0	0	1196	http://drarmankabir.com/old/wp-admin/setup-config.php?step=1&language=en_GB
3	1	0	0	0	29735893	0	0	29735893	0	0	1196	http://drarmankabir.com/wp/wp-admin/setup-config.php?step=1&language=en_GB
3	1	0	0	0	29822452	0	0	29822452	0	0	1422	https://drarmankabir.com//admin/galerie/server/php/
3	20	2	0	0	29821616	0	0	29734954	0	0	1484014	https://mail.drarmankabir.com/
3	3	0	0	0	29805872	0	0	29761710	0	0	1422	https://drarmankabir.com/administrator/
3	1	0	0	0	29735893	0	0	29735893	0	0	1196	http://drarmankabir.com/wp-admin/setup-config.php?step=1&language=en_GB
3	6	0	0	0	29753316	0	0	29736025	0	0	33418	https://www.drarmankabir.com/RegistrarDashboard
3	1	0	0	0	29822452	0	0	29822452	0	0	1422	https://drarmankabir.com//assets/plugins/jquery-file-upload/server/php/
3	2	0	0	0	29793396	0	0	29793396	0	0	1422	https://drarmankabir.com/rc/
3	1	0	0	0	29820699	0	0	29820699	0	0	1658	http://drarmankabir.com/php8.php
3	1	0	0	0	29790793	0	0	29790793	0	0	1422	http://drarmankabir.com/phpinfo/info.php
3	41	36	0	32	29831760	0	29826546	29731063	0	29726541	43280	https://www.google.com/
3	0	0	0	1	0	0	29826359	0	0	29826359	0	https://keyrushseo.site/
3	110	55	0	7	29830809	0	29730049	29731465	0	29725757	60034375	http://www.google.com/url?url=drarmankabir.com&yahoo.com
3	92	0	0	2	29758169	0	29753322	29736117	0	29753322	1647061	https://www.drarmankabir.com/PatientProfile?id="1"
3	606	602	3	40	29833346	29802025	29791246	29730287	29801859	29725147	1026188	http://drarmankabir.com/
3	1	1	0	0	29797280	0	0	29797280	0	0	1422	https://techbumppy.com/all/872/20.html
3	0	0	0	1	0	0	29790792	0	0	29790792	0	http://drarmankabir.com/.env.bak
3	0	0	0	3	0	0	29823920	0	0	29822559	0	http://drarmankabir.com/api/session/properties
3	1	0	0	0	29790792	0	0	29790792	0	0	1422	http://drarmankabir.com/composer.json
3	0	0	0	1	0	0	29811623	0	0	29811623	0	https://domraider.br.com/
3	18	0	0	25	29807402	0	29725305	29731361	0	29725230	14220	https://drarmankabir.com/wp-login.php
3	1	0	0	0	29761003	0	0	29761003	0	0	1422	https://drarmankabir.com/blog/
3	1	0	0	0	29820699	0	0	29820699	0	0	1658	http://drarmankabir.com/wp-content/index.php
3	1	0	0	0	29790793	0	0	29790793	0	0	1422	http://drarmankabir.com/app/config/parameters.yml
3	0	0	0	1	0	0	29725305	0	0	29725305	0	https://www.drarmankabir.com/wp-login.php
3	1	0	0	0	29820699	0	0	29820699	0	0	1658	http://drarmankabir.com/wp-admin/css/colors/wp-login.php
3	53	0	0	6	29749948	0	29751164	29747282	0	29748630	924522	https://www.drarmankabir.com/PatientProfile?id=__bigint__1
3	0	0	2	0	0	29762540	0	0	29762540	0	0	http://drarmankabir.com/wp-admin/
3	1	0	0	0	29790792	0	0	29790792	0	0	1422	http://drarmankabir.com/docker-compose.yml
3	1	0	0	0	29761003	0	0	29761003	0	0	1422	https://drarmankabir.com/main/
3	261	0	0	9	29788982	0	29788983	29736021	0	29744530	2072993	https://www.drarmankabir.com/Settings
3	1	0	0	0	29822452	0	0	29822452	0	0	1422	https://drarmankabir.com//admin/server/php/
3	1	0	0	0	29820699	0	0	29820699	0	0	1658	http://drarmankabir.com/file.php
3	12	0	0	0	29746109	0	0	29736119	0	0	37249	https://www.drarmankabir.com/PatientProfile?id=1
3	1	0	0	0	29736027	0	0	29736027	0	0	7947	https://www.drarmankabir.com/OtherPayment
3	20	0	0	0	29829153	0	0	29768323	0	0	33160	http://drarmankabir.com/media/system/js/core.js
3	1	0	0	0	29761003	0	0	29761003	0	0	1422	http://drarmankabir.com/cms/
3	0	0	0	1	0	0	29797120	0	0	29797120	0	https://drarmankabir.com/api/config
3	2	0	0	0	29793396	0	0	29793396	0	0	1422	https://drarmankabir.com/roundcube/
3	1	0	0	0	29820699	0	0	29820699	0	0	1658	http://drarmankabir.com/wp-includes/txets.php
3	1	0	0	0	29822452	0	0	29822452	0	0	1422	https://drarmankabir.com//blueimp-jQuery-File-Upload/server/php/
3	1	1	0	1	29830625	0	29777728	29830625	0	29777728	1422	https://domraider.it.com/
3	1	0	0	0	29820699	0	0	29820699	0	0	1658	http://drarmankabir.com/lufix.php
3	1	0	0	0	29820699	0	0	29820699	0	0	1658	http://drarmankabir.com/wp-content/wp-setting.php
3	8	0	0	0	29832741	0	0	29761622	0	0	13264	http://drarmankabir.com/llms.txt
3	0	0	0	1	0	0	29790793	0	0	29790793	0	http://drarmankabir.com/.aws/credentials
3	5	0	0	0	29758168	0	0	29736022	0	0	15505	https://www.drarmankabir.com/Patients
3	2	0	0	0	29783952	0	0	29743877	0	0	3316	https://drarmankabir.com/__debug__/
3	1	0	0	0	29820699	0	0	29820699	0	0	1658	http://drarmankabir.com//wp-admin/css/about.php
3	378	200	0	0	29833267	0	0	29733742	0	0	248134	https://www.drarmankabir.com/sw.js
3	1	0	0	0	29790790	0	0	29790790	0	0	1422	http://drarmankabir.com/server.js
3	11	0	0	3	29787621	0	29787621	29736022	0	29744404	48567	https://www.drarmankabir.com/serial-display
3	1	0	0	0	29790793	0	0	29790793	0	0	1422	http://drarmankabir.com/settings.py
3	0	0	0	2	0	0	29783952	0	0	29743877	0	https://drarmankabir.com/api/settings
3	1	1	0	0	29758164	0	0	29758164	0	0	1422	https://www.google.com/url?q=https://www.drarmankabir.com/&sa=U&sqi=2&ved=2ahUKEwih-IThufmVAxW82DgGHeeaANkQFnoECCkQAQ&usg=AOvVaw0pYIBIKFaJiqbLWS5uK2dv
3	2	0	0	0	29793396	0	0	29793396	0	0	1422	https://drarmankabir.com/mail/
3	1407	62	5	183	29832332	29799440	29830656	29725125	29761003	29725147	62435317	https://drarmankabir.com/
3	1	0	0	0	29761003	0	0	29761003	0	0	1422	http://drarmankabir.com/new/
3	1	0	0	0	29733202	0	0	29733202	0	0	443	http://drarmankabir.com/wp-json/gravitysmtp/v1/tests/mock-data?page=gravitysmtp-settings
3	1	0	0	0	29822452	0	0	29822452	0	0	1422	https://drarmankabir.com//plugins/server/php/
3	3	3	0	0	29775419	0	0	29748140	0	0	11410	http://drarmankabir.com/?rest_route=/batch/v1
3	1	0	0	0	29790793	0	0	29790793	0	0	1422	http://drarmankabir.com/test.php
3	1	0	0	0	29822452	0	0	29822452	0	0	1422	https://drarmankabir.com//plugins/jQuery-File-Upload/server/php/
3	2	0	0	0	29750603	0	0	29748140	0	0	9752	http://drarmankabir.com/wp-json/batch/v1
3	1	0	0	0	29820699	0	0	29820699	0	0	1658	http://drarmankabir.com/wp-admin/admin-ajax.php
3	2	0	0	0	29733942	0	0	29733942	0	0	23638	https://drarmankabir.com/Settings
3	1	0	0	0	29735893	0	0	29735893	0	0	1196	http://drarmankabir.com/blog
3	1	0	0	0	29796777	0	0	29796777	0	0	1658	http://www.drarmankabir.com/wp-includes/js/jquery/jquery.js
3	1	0	0	0	29822452	0	0	29822452	0	0	1422	https://drarmankabir.com//upload/server/php/
3	1	0	0	0	29820699	0	0	29820699	0	0	1658	http://drarmankabir.com/goods.php
3	1	0	0	0	29820699	0	0	29820699	0	0	1658	http://drarmankabir.com/wp-admin/txets.php
3	2	0	0	0	29801839	0	0	29801829	0	0	2844	http://drarmankabir.com/c/
3	1	0	0	0	29820699	0	0	29820699	0	0	1658	http://drarmankabir.com/wp-content/themes/txets.php
3	302	140	0	0	29832332	0	0	29734493	0	0	173148	https://drarmankabir.com/sw.js
3	8	0	0	0	29779537	0	0	29744844	0	0	12792	https://drarmankabir.com/wp-json/
3	11	0	0	0	29736116	0	0	29736057	0	0	330082	https://www.drarmankabir.com/AuditLog
3	1	0	0	0	29822452	0	0	29822452	0	0	1422	https://drarmankabir.com//asset_admin/assets/plugins/jquery-file-upload/server/php/
3	17	0	0	6	29787635	0	29788621	29736113	0	29744428	50760	https://www.drarmankabir.com/Dashboard
3	1	0	0	0	29820699	0	0	29820699	0	0	1658	http://drarmankabir.com/wp-content/style.php
3	1	1	0	0	29767135	0	0	29767135	0	0	1422	https://domraider.eu.com/
3	2	0	0	0	29733936	0	0	29733936	0	0	4114	https://drarmankabir.com/Patients
3	32	2	0	7	29801737	0	29801735	29734556	0	29734557	23356	https://www.google.com/search?q=drarmankabir.com
3	1	0	0	0	29790792	0	0	29790792	0	0	1422	http://drarmankabir.com/database.php
3	1	0	0	0	29790793	0	0	29790793	0	0	1422	http://drarmankabir.com/portal/phpinfo.php
3	2	0	0	0	29768509	0	0	29768409	0	0	132	http://www.drarmankabir.com/favicon.ico
3	1	1	0	0	29783256	0	0	29783256	0	0	4876	http://mail.drarmankabir.com/
3	8	0	0	2	29830738	0	29789210	29743875	0	29726392	528	http://drarmankabir.com/favicon.ico
3	1	0	0	0	29735893	0	0	29735893	0	0	1196	http://drarmankabir.com/old
3	1	0	0	0	29735893	0	0	29735893	0	0	1196	http://drarmankabir.com/wp
3	2	0	0	0	29806611	0	0	29790792	0	0	3080	http://drarmankabir.com/settings.php
3	1	0	0	0	29822452	0	0	29822452	0	0	1422	https://drarmankabir.com//js/jquery-file-upload/server/php/
3	1	0	0	0	29822452	0	0	29822452	0	0	1422	https://drarmankabir.com//admin/blueimp-jQuery-File-Upload/server/php/
3	4	0	0	0	29744405	0	0	29736025	0	0	108239	https://www.drarmankabir.com/EmergencyPrescription
3	1	0	0	0	29790793	0	0	29790793	0	0	1422	http://drarmankabir.com/functions.php
3	1	0	0	1	29806611	0	29790793	29806611	0	29790793	1658	http://drarmankabir.com/configuration.php
4	1	0	0	0	29760107	0	0	29760107	0	0	1658	Mozilla/5.0 (Windows NT 10.0; WOW64; rv:70.0) Gecko/20100101 Firefox/70.0
4	0	0	0	1	0	0	29797120	0	0	29797120	0	Mozilla/5.0 (Windows NT 10.0; Win64; x64) AppleWebKit/537.36 (KHTML, like Gecko) Chrome/124.0.7201.66 Safari/537.36; compatible; PerplexityBot/1.0; +https://perplexity.ai/perplexitybot
4	1	0	0	0	29797120	0	0	29797120	0	0	1658	Mozilla/5.0 (Windows NT 10.0; Win64; x64) AppleWebKit/537.36 (KHTML, like Gecko; compatible; OAI-SearchBot/1.3; +https://openai.com/searchbot) Chrome/130.0.5305.177 Safari/537.36 Edg/130.0.5305.177
4	0	0	0	1	0	0	29826365	0	0	29826365	0	Mozilla/5.0 (X11; Linux x86_64) AppleWebKit/537.36 (KHTML, like Gecko) Ubuntu Chromium/76.0.3809.100 Chrome/76.0.3809.100 Safari/537.36
4	1	0	0	0	29797120	0	0	29797120	0	0	1658	Mozilla/5.0 AppleWebKit/537.36 (KHTML, like Gecko); compatible; WhatsApp/10.0.2.1
4	8	5	0	0	29828535	0	0	29772177	0	0	25192	Mozilla/5.0 (Windows NT 10.0; Win64; x64) AppleWebKit/537.36 (KHTML, like Gecko) Chrome/130.0.0.0 Safari/537.36
4	1	1	0	1	29807702	0	29725385	29807702	0	29725385	4876	Mozilla/5.0 (Windows NT 10.0; Win64; x64) AppleWebKit/537.36 (KHTML, like Gecko) Chrome/129.0.0.0 Safari/537.36
4	29	1	0	1	29768715	0	29768715	29768715	0	29768715	804114	Mozilla/5.0 (Linux; Android 15; SM-S911B) AppleWebKit/537.36 (KHTML, like Gecko) Chrome/147.0.0.0 Mobile Safari/537.36
4	1	1	0	0	29746345	0	0	29746345	0	0	1658	Mozilla/5.0 (Macintosh; Intel Mac OS X 10_15_7) AppleWebKit/605.1.15 (KHTML, like Gecko) Version/17.10 Safari/605.1.1
4	0	0	0	1	0	0	29817353	0	0	29817353	0	Mozilla/5.0 (Linux; U; Android 3.0.1; fr-fr; A500 Build/HRI66) AppleWebKit/534.13 (KHTML, like Gecko) Version/4.0 Safari/534.13
4	66	4	0	4	29769469	0	29769469	29768428	0	29768428	1533156	Mozilla/5.0 (X11; Linux x86_64) AppleWebKit/537.36 (KHTML, like Gecko) HeadlessChrome/131.0.0.0 Safari/537.36
4	3	3	2	4	29772342	29772342	29772342	29772342	29772342	29728894	4974	Mozilla/5.0 (X11; Linux x86_64) AppleWebKit/537.36 (KHTML, like Gecko) Chrome/122.0.0.0 Safari/537.36
4	1	0	0	0	29797120	0	0	29797120	0	0	1658	Mozilla/5.0 (Windows NT 11.0; Win64; x64) AppleWebKit/537.36 (KHTML, like Gecko) Chrome/126.0.8036.29 Safari/537.36; compatible; Slackbot-LinkExpanding/1.0; +https://api.slack.com/robots
4	0	0	0	1	0	0	29797120	0	0	29797120	0	Mozilla/5.0 (X11; Linux x86_64) AppleWebKit/537.36 (KHTML, like Gecko; compatible; TelegramBot/1.0) Chrome/114.0.6252.19 Safari/537.36
4	1	1	0	1	29800474	0	29817158	29800474	0	29817158	1658	Mozilla/5.0 (SS; Linux i686) AppleWebKit/537.36 (KHTML, like Gecko) Chrome/132.0.0.0 Safari/537.36
4	1	1	0	0	29769470	0	0	29769470	0	0	1658	Mozilla/5.0 (iPhone; CPU iPhone OS 17_2 like Mac OS X) AppleWebKit/605.1.15 (KHTML, like Gecko) EdgiOS/137.0.3296.52 Version/17.0 Mobile/15E148 Safari/604.1
4	2	2	0	0	29792605	0	0	29757240	0	0	3080	Mozilla/5.0 (Macintosh; Intel Mac OS X 10.15; rv:125.0) Gecko/20100101 Firefox/125.0
4	139	11	0	4	29769518	0	29769518	29747423	0	29768433	1007449	Mozilla/5.0 (X11; Linux x86_64) AppleWebKit/537.36 (KHTML, like Gecko) HeadlessChrome/138.0.7204.23 Safari/537.36
4	3	1	0	0	29815937	0	0	29815937	0	0	4974	Mozilla/5.0 (compatible; SemrushBot/7~bl; +http://www.semrush.com/bot.html)
4	1	1	0	0	29738003	0	0	29738003	0	0	1658	python-requests/2.23.0
4	3	0	0	0	29770189	0	0	29770188	0	0	4974	Mozilla/5.0 (Windows NT 6.3; WOW64) AppleWebKit/537.36 (KHTML, like Gecko) Chrome/66.0.3359.181 Safari/537.36
4	0	0	0	1	0	0	29797120	0	0	29797120	0	Mozilla/5.0 (Windows NT 11.0; Win64; x64) AppleWebKit/537.36 (KHTML, like Gecko; compatible; meta-externalagent/1.1; +https://developers.facebook.com/docs/sharing/webmasters/crawler) Chrome/128.0.3351.118 Safari/537.36
4	140	0	10	30	29804521	29804520	29729990	29735377	29735377	29727175	606620	Mozilla/5.0 (Windows NT 10.0; Win64; x64) AppleWebKit/537.36 (KHTML, like Gecko) Chrome/95.0.4638.69 Safari/537.36
4	0	0	0	1	0	0	29756108	0	0	29756108	0	Mozilla/5.0 (Macintosh; Intel Mac OS X 10_15_7; x86) AppleWebKit/537.36 (KHTML, like Gecko) Safari/10.0.0.0 Safari/537.36
4	47	20	0	3	29831180	0	29729475	29731632	0	29728692	56054	Mozilla/5.0 AppleWebKit/537.36 (KHTML, like Gecko; compatible; bingbot/2.0; +http://www.bing.com/bingbot.htm) Chrome/116.0.1938.76 Safari/537.36
4	19	0	0	1	29829289	0	29829287	29804226	0	29829287	31502	Mozlila/5.0 (Linux; Android 7.0; SM-G892A Bulid/NRD90M; wv) AppleWebKit/537.36 (KHTML, like Gecko) Version/4.0 Chrome/60.0.3112.107 Moblie Safari/537.36
4	1	0	0	0	29738339	0	0	29738339	0	0	4876	Mozilla/5.0 (Windows NT 6.3; x86) AppleWebKit/537.36 (KHTML, like Gecko) Safari/13.0.0.0 Safari/537.36
4	3	3	0	0	29811682	0	0	29758664	0	0	14628	Mozilla/5.0 (Windows NT 10.0; Win64; x64) AppleWebKit/537.36 (KHTML, like Gecko) Chrome/131.0.0.0 Safari/537.36 Avast/131.0.0.0
4	0	0	0	1	0	0	29797120	0	0	29797120	0	Mozilla/5.0 AppleWebKit/537.36 (KHTML, like Gecko); compatible; Claude-SearchBot/1.0; +https://www.anthropic.com/claude-searchbot
4	37	6	0	11	29810989	0	29786332	29730557	0	29726971	53105	Mozilla/5.0 (Windows NT 10.0; Win64; x64) AppleWebKit/537.36 (KHTML, like Gecko) Chrome/101.0.4951.64 Safari/537.36 Edg/101.0.1210.47
4	16	0	0	1	29755474	0	29750200	29750200	0	29750200	1029614	Mozilla/5.0 AppleWebKit/537.36 (KHTML, like Gecko; compatible; Googlebot/2.1; +http://www.google.com/bot.html) Chrome/150.0.7871.124 Safari/537.36
4	1	1	0	0	29815775	0	0	29815775	0	0	1422	Mozilla/5.0 (Macintosh; Intel Mac OS X 10_15_7) AppleWebKit/537.36 (KHTML, like Gecko) Chrome/133.0.0.0 Safari/537.36
4	3	2	0	0	29826125	0	0	29732732	0	0	2544	Mozilla/5.0 (Windows NT 10.0; Win64; x64) AppleWebKit/537.36 (KHTML, like Gecko) Chrome/122.0.0.0 Safari/537.3
4	2	2	0	0	29769747	0	0	29769746	0	0	3316	Mozilla/5.0 (Windows NT 10.0; Win64; x64) AppleWebKit/537.36 (KHTML, like Gecko) Chrome/128.0.0.0 Safari/537.36
4	1	0	0	0	29809397	0	0	29809397	0	0	4876	Mozilla/5.0 (Macintosh; Intel Mac OS X 10_15_7; x86) AppleWebKit/537.36 (KHTML, like Gecko) Edge/82.0.0.0 Safari/537.36
4	1	0	0	0	29797120	0	0	29797120	0	0	1658	Mozilla/5.0 (Macintosh; Intel Mac OS X 14.5; rv:121.1) Gecko/20100101 Firefox/121.1; compatible; Perplexity-User/1.0; +https://perplexity.ai/perplexity-user
4	54	0	0	1	29829153	0	29790345	29787426	0	29790345	89532	Mozilla/5.0 (Macintosh; Intel Mac OS X 10_10_1) AppleWebKit/537.36 (KHTML, like Gecko) Chrome/39.0.2171.95 Safari/537.36
4	47	47	0	6	29825170	0	29730278	29732684	0	29725654	69946	Mozilla/5.0 (compatible; CMS-Checker/1.0; +https://example.com)
4	1	0	0	0	29800102	0	0	29800102	0	0	1422	Mozilla/5.0 (Macintosh; Intel Mac OS X 13_6_1) AppleWebKit/605.1.15 (KHTML, like Gecko) Version/17.0 Safari/605.1.15
4	6	6	0	0	29831835	0	0	29741406	0	0	9948	2ip bot/1.1 (+https://2ip.io/bot/)
4	0	0	0	1	0	0	29749443	0	0	29749443	0	Mozilla/5.0 (Windows NT 10.0; Win64; x64) AppleWebKit/537.36 (KHTML, like Gecko) Chrome/71.0.3578.80 Safari/537.36
4	3	1	0	0	29817403	0	0	29811819	0	0	4974	Mozilla/5.0 (Windows NT 10.0; Win64; x64; rv:75.0) Gecko/20100101 Firefox/75.0
4	1	0	0	0	29797120	0	0	29797120	0	0	1658	Mozilla/5.0 (Macintosh; Intel Mac OS X 10_15_7) AppleWebKit/537.36 (KHTML, like Gecko) Chrome/118.0.6527.87 Safari/537.36 Edg/118.0.6527.87; compatible; PerplexityBot/1.0; +https://perplexity.ai/perplexitybot
4	1	0	0	0	29797120	0	0	29797120	0	0	1658	Mozilla/5.0 (Linux; Android 14; Pixel 8) AppleWebKit/537.36 (KHTML, like Gecko) Chrome/136.0.2521.168 Mobile Safari/537.36; compatible; Perplexity-User/1.0; +https://perplexity.ai/perplexity-user
4	4	2	0	0	29831190	0	0	29772395	0	0	6632	Mozilla/5.0 (Windows NT 6.3; Win64; x64; rv:109.0) Gecko/20100101 Firefox/115
4	0	0	0	1	0	0	29789598	0	0	29789598	0	Mozilla/5.0 (Macintosh; Intel Mac OS X 10_15_7; x64) AppleWebKit/537.36 (KHTML, like Gecko) Firefox/70.0.0.0 Safari/537.36
4	0	0	0	1	0	0	29797120	0	0	29797120	0	Mozilla/5.0 (Windows NT 11.0; Win64; x64) AppleWebKit/537.36 (KHTML, like Gecko; compatible; OAI-SearchBot/1.3; +https://openai.com/searchbot) Chrome/126.0.5159.16 Safari/537.36
4	1	0	0	8	29782721	0	29787355	29782721	0	29743877	1658	Mozilla/5.0 (compatible; Amzn-SearchBot/1.0; +https://developer.amazon.com/support/amazonbot)
4	1	1	0	0	29786979	0	0	29786979	0	0	1658	Mozilla/5.0 (Windows NT 10.0; Win64; x64) AppleWebKit/537.36 (KHTML, like Gecko) Chrome/147.0.7727.102 Safari/537.36
4	1	0	0	0	29797120	0	0	29797120	0	0	1658	Mozilla/5.0 (Windows NT 11.0; Win64; x64) AppleWebKit/537.36 (KHTML, like Gecko; compatible; GrokBot/1.0; +https://x.ai/grokbot) Chrome/91.0.5623.96 Safari/537.36
4	1	0	0	0	29806611	0	0	29806611	0	0	0	Mozilla/5.0 (iPhone; CPU iPhone OS 16_6 like Mac OS X) AppleWebKit/605.1.15 Mobile/15E148
4	26	1	0	9	29784472	0	29778858	29731461	0	29725141	36661	Mozilla/5.0 (Macintosh; Intel Mac OS X 10_15_7) AppleWebKit/605.1.15 (KHTML, like Gecko) Version/15.3 Safari/605.1.15
4	1	0	0	0	29760107	0	0	29760107	0	0	1658	Mozilla/5.0 (Macintosh; Intel Mac OS X 10_13_6) AppleWebKit/605.1.15 (KHTML, like Gecko) Version/12.0 Safari/605.1.15
4	2	0	0	0	29804062	0	0	29760132	0	0	3316	Mozilla/5.0 (X11; Linux i686; rv:1.9.6.20) Gecko/ Firefox/3.6.16
4	1	1	0	0	29755237	0	0	29755237	0	0	1422	HUNT-Bot/0.1 (+https://github.com/hunt-discovery; discovery engine)
4	0	0	0	1	0	0	29817652	0	0	29817652	0	BlackBerry8330/4.3.0 Profile/MIDP-2.0 Configuration/CLDC-1.1 VendorID/105
4	1	0	0	0	29797120	0	0	29797120	0	0	1658	Mozilla/5.0 (Linux; Android 15; SM-S918B) AppleWebKit/537.36 (KHTML, like Gecko) Chrome/120.0.8461.224 Mobile Safari/537.36; compatible; OAI-SearchBot/1.3; +https://openai.com/searchbot
4	1	0	0	0	29797120	0	0	29797120	0	0	1658	Mozilla/5.0 (X11; Ubuntu; Linux x86_64) AppleWebKit/537.36 (KHTML, like Gecko; compatible; ChatGPT-User/1.0; +https://openai.com/bot) Chrome/109.0.2446.126 Safari/537.36 Edg/109.0.2446.126
4	0	0	0	1	0	0	29753181	0	0	29753181	0	Mozilla/5.0 (Windows NT 6.3; x86) AppleWebKit/537.36 (KHTML, like Gecko) Safari/12.0.0.0 Safari/537.36
4	1	0	0	0	29797120	0	0	29797120	0	0	1658	Mozilla/5.0 (X11; Linux x86_64) AppleWebKit/537.36 (KHTML, like Gecko; compatible; WhatsApp/10.0.2.1) Chrome/133.0.6911.237 Safari/537.36 Edg/133.0.6911.237
4	1	0	0	5	29725125	0	29726541	29725125	0	29725125	66	Mozilla/5.0 (Macintosh; Intel Mac OS X 10_15_7) AppleWebKit/605.1.15 (KHTML, like Gecko) Version/18.6 Safari/605.1.15
4	0	0	0	1	0	0	29791149	0	0	29791149	0	Mozilla/5.0 (Linux; webOS/2.2.4; U; en-US) AppleWebKit/534.6 (KHTML, like Gecko) webOSBrowser/221.56 Safari/534.6 Pre/3.0
4	4	2	0	2	29730892	0	29730892	29730892	0	29730892	455026	Mozilla/5.0 (Macintosh; Intel Mac OS X 15_7_5) AppleWebKit/605.1.15 (KHTML, like Gecko) Version/26.0 Safari/605.1.15
4	0	0	0	10	0	0	29725270	0	0	29725268	0	Mozilla/5.0 (Windows NT 10.0; Win64; x64) AppleWebKit/537.36 (KHTML, like Gecko) Chrome/133.0.0.0 Safari/537.36 Edg/133.0.0.0
4	1	1	0	0	29752084	0	0	29752084	0	0	1658	Mozilla/5.0 (Macintosh; Intel Mac OS X 10_15_7) AppleWebKit/537.36 (KHTML, like Gecko) Chrome/132.0.0.0 Safari/537.36
4	8	0	0	2	29801735	0	29801735	29734556	0	29734557	5010	Mozilla/5.0 (Linux; Android 14; Pixel 8) AppleWebKit/537.36 (KHTML, like Gecko) Chrome/135.0.6422.113 Mobile Safari/537.36
4	1	0	0	0	29797120	0	0	29797120	0	0	1658	Mozilla/5.0 (X11; Linux x86_64) AppleWebKit/537.36 (KHTML, like Gecko) Chrome/136.0.935.184 Safari/537.36 Edg/136.0.935.184; compatible; OAI-SearchBot/1.3; +https://openai.com/searchbot
4	0	0	0	1	0	0	29757295	0	0	29757295	0	Mozilla/5.0 (X11; Ubuntu; Linux x86_64; x86) AppleWebKit/537.36 (KHTML, like Gecko) Chrome/114.0.0.0 Safari/537.36
4	7	0	0	0	29814580	0	0	29759003	0	0	11606	Chrome Privacy Preserving Prefetch Proxy
4	11	3	0	0	29815762	0	0	29797733	0	0	550912	Mozilla/5.0 (Linux; Android 6.0.1; Nexus 5X Build/MMB29P) AppleWebKit/537.36 (KHTML, like Gecko) Chrome/151.0.7922.173 Mobile Safari/537.36 (compatible; Googlebot/2.1; +http://www.google.com/bot.html)
4	1	1	0	0	29809675	0	0	29809675	0	0	1422	Mozilla/5.0 (Windows NT 10.0; Win64; x64) AppleWebKit/537.36 (KHTML, like Gecko) Chrome/127.0.0.0 Safari/537.36
4	1	1	0	0	29739107	0	0	29739107	0	0	1658	es-crawler/0.1
4	1	1	0	0	29755005	0	0	29755005	0	0	0	Mozilla/5.0 (compatible; enrichment-prefilter/1.0)
4	0	0	0	1	0	0	29797120	0	0	29797120	0	Mozilla/5.0 (Linux; Android 15; SM-S918B) AppleWebKit/537.36 (KHTML, like Gecko) Chrome/130.0.3392.122 Mobile Safari/537.36; compatible; LinkedInBot/1.0; +http://www.linkedin.com
4	2	0	0	6	29743877	0	29797120	29743877	0	29743877	3316	Mozilla/5.0 AppleWebKit/537.36 (KHTML, like Gecko); compatible; PerplexityBot/1.0; +https://perplexity.ai/perplexitybot
4	1	0	0	2	29797120	0	29797120	29797120	0	29797120	1658	Mozilla/5.0 AppleWebKit/537.36 (KHTML, like Gecko); compatible; Claude-User/1.0; +https://www.anthropic.com/claude-user
4	0	0	0	1	0	0	29728002	0	0	29728002	0	Mozilla/5.0 (Windows NT 6.1) AppleWebKit/537.36 (KHTML, like Gecko) Chrome/30.0.1599.13014 YaBrowser/13.12.1599.13014 Safari/537.36
4	1	0	0	0	29797120	0	0	29797120	0	0	1658	Mozilla/5.0 (Windows NT 11.0; Win64; x64) AppleWebKit/537.36 (KHTML, like Gecko) Chrome/148.0.1222.210 Safari/537.36; compatible; ChatGPT-User/1.0; +https://openai.com/bot
4	0	0	0	1	0	0	29797120	0	0	29797120	0	Mozilla/5.0 (Macintosh; Intel Mac OS X 14_5) AppleWebKit/537.36 (KHTML, like Gecko; compatible; Claude-User/1.0; +Claude-User@anthropic.com) Chrome/128.0.874.136 Safari/537.36
4	0	0	0	1	0	0	29797120	0	0	29797120	0	Mozilla/5.0 (Windows NT 11.0; Win64; x64) AppleWebKit/537.36 (KHTML, like Gecko; compatible; meta-externalagent/1.1; +https://developers.facebook.com/docs/sharing/webmasters/crawler) Chrome/122.0.6888.202 Safari/537.36
4	1	1	0	0	29740733	0	0	29740733	0	0	1658	Mozilla/5.0 (Windows NT 10.0) AppleWebKit/537.36 (KHTML, like Gecko) Chrome/106.0.0.0 Safari/537.36
4	0	0	0	1	0	0	29729967	0	0	29729967	0	Mozilla/5.0 (iPhone; CPU iPhone OS 26_5_0 like Mac OS X) AppleWebKit/605.1.15 (KHTML, like Gecko) GSA/428.4.939275213 Mobile/15E148 Safari/604.1
4	52	2	0	8	29825943	0	29830837	29731347	0	29727645	82194	Go-http-client/2.0
4	3	1	0	2	29797516	0	29725147	29731063	0	29725147	3523	Mozilla/5.0 (X11; Linux x86_64) AppleWebKit/537.36 (KHTML, like Gecko) Chrome/120.0.0.0 Safari/537.36
4	37	3	0	0	29813063	0	0	29734076	0	0	1560837	Mozilla/5.0 (X11; Linux x86_64) AppleWebKit/537.36 (KHTML, like Gecko) Chrome/119.0.0.0 Safari/537.36
4	0	0	0	2	0	0	29812207	0	0	29812189	0	Python/3.9 aiohttp/3.13.5
4	1	0	0	0	29743877	0	0	29743877	0	0	269	Mozilla/5.0 (Macintosh; Intel Mac OS X 10_15_7) AppleWebKit/537.36 (KHTML, like Gecko) Chrome/150.0.0.0 Safari/537.36 OPR/118.0.0.0
4	2	2	0	0	29785993	0	0	29785993	0	0	3316	Python/3.9 aiohttp/3.13.3
4	7	7	0	0	29833067	0	0	29734895	0	0	11144	Mozilla/5.0 (Windows NT 10.0; Win64; x64) AppleWebKit/537.36 (KHTML, like Gecko) Chrome/91.0.4472.114 Safari/537.36 Edg/91.0.864.54
4	0	0	0	1	0	0	29797120	0	0	29797120	0	Mozilla/5.0 (Macintosh; Intel Mac OS X 10_15_7) AppleWebKit/537.36 (KHTML, like Gecko; compatible; Amzn-SearchBot/1.0; +https://developer.amazon.com/support/amazonbot) Chrome/114.0.6721.214 Safari/537.36
4	1	0	0	0	29797120	0	0	29797120	0	0	1658	Mozilla/5.0 (iPhone; CPU iPhone OS 16_4 like Mac OS X) AppleWebKit/605.1.15 (KHTML, like Gecko; compatible; Google-Extended/1.0; +http://www.google.com/bot.html) Version/17.5 Mobile/15E148 Safari/604.1
4	3	3	0	0	29799880	0	0	29792580	0	0	4974	Mozilla/5.0 (X11; Linux x86_64; rv:106.0) Gecko/20100101 Firefox/106.0
4	943	0	0	52	29833490	0	29730209	29730313	0	29725180	1291483	http://drarmankabir.com/wp-admin/install.php?step=1
4	1	0	0	0	29797120	0	0	29797120	0	0	1658	Mozilla/5.0 (Macintosh; Intel Mac OS X 14_5) AppleWebKit/537.36 (KHTML, like Gecko) Chrome/126.0.7652.104 Safari/537.36 Edg/126.0.7652.104; compatible; Claude-User/1.0; +https://www.anthropic.com/claude-user
4	7	1	0	0	29752442	0	0	29752403	0	0	29256	Mozilla/5.0 AppleWebKit/537.36 (KHTML, like Gecko; compatible; HubSpot Crawler; +https://www.hubspot.com) Chrome/131.0.0.0 Safari/537.36
4	0	0	0	1	0	0	29810418	0	0	29810418	0	Mozilla/5.0 (iPhone; CPU iPhone OS 7_1_2 like Mac OS X) AppleWebKit/537.36 (KHTML, like Gecko) Version/7.0 Mobile Safari/537.36 (compatible; Bytespider; https://bytedance.sg.larkoffice.com/docx/K5bxdypulop3IIxrJb0lOjLVgFe)
4	0	0	0	1	0	0	29832421	0	0	29832421	0	Mozilla/5.0 (X11; Linux x86_64; rv:1.9.6.20) Gecko/ Firefox/3.6.7
4	11	0	0	0	29822958	0	0	29815765	0	0	505831	Mozilla/5.0 AppleWebKit/537.36 (KHTML, like Gecko; compatible; Googlebot/2.1; +http://www.google.com/bot.html) Chrome/152.0.7977.64 Safari/537.36
4	1	0	0	0	29812268	0	0	29812268	0	0	4876	Mozilla/5.0 (Windows NT 10.0; x86) AppleWebKit/537.36 (KHTML, like Gecko) Opera/74.0.0.0 Safari/537.36
4	1	0	0	0	29797120	0	0	29797120	0	0	1658	Mozilla/5.0 (Windows NT 10.0; Win64; x64) AppleWebKit/537.36 (KHTML, like Gecko) Chrome/130.0.2818.182 Safari/537.36; compatible; WhatsApp/10.0.2.1
4	9	7	2	0	29824774	29808899	0	29731063	29750535	0	15329	Mozilla/5.0 (Windows NT 10.0; Win64; x64; rv:120.0) Gecko/20100101 Firefox/120.0
4	1	0	0	0	29797120	0	0	29797120	0	0	1658	Mozilla/5.0 (Windows NT 10.0; Win64; x64) AppleWebKit/537.36 (KHTML, like Gecko; compatible; facebookexternalhit/1.1; +http://www.facebook.com/externalhit_uatext.php) Chrome/148.0.1298.1 Safari/537.36 Edg/148.0.1298.1
4	1	1	0	0	29760107	0	0	29760107	0	0	1658	Mozilla/5.0 (X11; Linux x86_64; rv:1.9.6.20) Gecko/ Firefox/3.6.5
4	2	0	0	0	29778432	0	0	29778432	0	0	3316	Mozilla/5.0 (Windows NT 10.0; Win64; x64; Trident/7.0; rv:11.0) like Gecko
4	0	0	0	1	0	0	29797120	0	0	29797120	0	Mozilla/5.0 (iPhone; CPU iPhone OS 17_0 like Mac OS X) AppleWebKit/537.36 (KHTML, like Gecko) Chrome/136.0.8580.29 Mobile Safari/537.36; compatible; Perplexity-User/1.0; +https://perplexity.ai/perplexity-user
4	972	41	12	2456	29832509	29832509	29832509	29731658	29732652	29732651	1516098	Mozilla/5.0 (Macintosh; Intel Mac OS X 10_15_7) AppleWebKit/537.36 (KHTML, like Gecko) Chrome/131.0.0.0 Safari/537.36
4	0	0	0	1	0	0	29797120	0	0	29797120	0	Mozilla/5.0 (iPhone; CPU iPhone OS 17_0 like Mac OS X) AppleWebKit/537.36 (KHTML, like Gecko; compatible; GPTBot/1.2; +https://openai.com/gptbot) Chrome/151.0.2821.83 Mobile Safari/537.36
4	2	0	0	2	29812785	0	29812785	29806243	0	29806243	9752	Mozilla/5.0 (compatible; wp2shell-audit/3.1)
4	1	1	0	0	29793466	0	0	29793466	0	0	1422	Mozilla/5.0 (Windows NT 10.0; Win64; x64; rv:123.0) Gecko/20100101 Firefox/123.0
4	1	1	0	0	29795963	0	0	29795963	0	0	1658	Mozilla/5.0 (compatible; FirmableBot/1.0)
4	1	0	0	0	29750632	0	0	29750632	0	0	1658	Mozilla/5.0 (Macintosh; Intel Mac OS X 10_15_7) AppleWebKit/537.36 (KHTML, like Gecko) Chrome/147.0.0.0 Safari/537.36 Edg/147.0.0.0
4	3	0	0	0	29765741	0	0	29765741	0	0	4974	Mozilla/4.0 (compatible; MSIE 7.0; Windows NT 6.1; Trident/7.0; SLCC2; .NET CLR 2.0.50727; .NET CLR 3.5.30729; .NET CLR 3.0.30729; Media Center PC 6.0; .NET4.0C; .NET4.0E)
4	9	0	0	1	29822403	0	29728213	29744822	0	29728213	14922	Mozilla/5.0 (Windows NT 10.0; Win64; x64) AppleWebKit/537.36 Chrome/129.0.0.0 Safari/537.36
4	24	21	1	0	29831004	29791527	0	29786570	29791527	0	58864	Mozilla/5.0 (Windows NT 10.0; Win64; x64) AppleWebKit/537.36 (KHTML, like Gecko) Chrome/126.0.0.0 Safari/537.36
4	9	0	0	2	29743877	0	29743877	29743877	0	29743877	14922	anthropic-ai
4	0	0	0	1	0	0	29797120	0	0	29797120	0	Mozilla/5.0 (iPhone; CPU iPhone OS 17_0 like Mac OS X) AppleWebKit/537.36 (KHTML, like Gecko) Chrome/151.0.3892.181 Mobile Safari/537.36; compatible; Amzn-SearchBot/1.0; +https://developer.amazon.com/support/amazonbot
4	1	0	0	0	29792213	0	0	29792213	0	0	4876	Mozilla/5.0 (X11; Ubuntu; Linux x86_64; x86) AppleWebKit/537.36 (KHTML, like Gecko) Firefox/81.0.0.0 Safari/537.36
4	1	0	0	1	29797023	0	29797023	29797023	0	29797023	1658	python-httpx/0.28.1
4	1	0	0	0	29777091	0	0	29777091	0	0	1658	Mozilla/5.0 (Windows NT 6.3; Win64; x64; Trident/7.0; TNJB; rv:11.0) like Gecko
4	3	3	0	0	29797262	0	0	29797063	0	0	4974	Mozilla/5.0 (X11; Linux x86_64) AppleWebKit/537.36 (KHTML, like Gecko) Chrome/105.0.5195.125 Safari/537.36
4	5	5	0	0	29808578	0	0	29739590	0	0	8054	Mozilla/5.0 (Windows NT 10.0; Win64; x64; rv:126.0) Gecko/20100101 Firefox/126.0
4	0	0	0	1	0	0	29797120	0	0	29797120	0	Mozilla/5.0 (Macintosh; Intel Mac OS X 10_15_7) AppleWebKit/537.36 (KHTML, like Gecko) Chrome/130.0.3250.35 Safari/537.36; compatible; Claude-SearchBot/1.0; +https://www.anthropic.com/claude-searchbot
4	3	0	0	0	29797120	0	0	29797120	0	0	4974	Mozilla/5.0 (compatible; OAI-SearchBot/1.4; robots.txt; +https://openai.com/searchbot)
4	1	0	0	0	29805498	0	0	29805498	0	0	1658	Mozilla/5.0 (SS; Linux i686) AppleWebKit/537.36 (KHTML, like Gecko) Chrome/128.0.0.0 Safari/537.36
4	0	0	0	1	0	0	29797120	0	0	29797120	0	Mozilla/5.0 (Linux; Android 12; Pixel 6) AppleWebKit/537.36 (KHTML, like Gecko) Chrome/128.0.250.39 Mobile Safari/537.36; compatible; Amzn-SearchBot/1.0; +https://developer.amazon.com/support/amazonbot
4	1	0	0	0	29760430	0	0	29760430	0	0	1658	Mozilla/5.0 (Windows NT 10.0; Win64; x64; rv:95.0) Gecko/20100101 Firefox/95.0
4	0	0	0	1	0	0	29727528	0	0	29727528	0	Mozilla/5.0 (Windows NT 10.0; Win64; x64) AppleWebKit/537.36 (KHTML, like Gecko) Chrome/102.0.5005.197 Safari/537.36
4	0	0	0	1	0	0	29750838	0	0	29750838	0	Mozilla/5.0 (Windows NT 10.0; x64) AppleWebKit/537.36 (KHTML, like Gecko) Chrome/81.0.0.0 Safari/537.36
4	1	0	0	0	29740268	0	0	29740268	0	0	4876	Mozilla/5.0 (Windows NT 6.3; x64) AppleWebKit/537.36 (KHTML, like Gecko) Firefox/98.0.0.0 Safari/537.36
4	1	0	0	0	29745542	0	0	29745542	0	0	4876	Mozilla/5.0 (Windows NT 6.3; x86) AppleWebKit/537.36 (KHTML, like Gecko) Safari/10.0.0.0 Safari/537.36
4	0	0	0	1	0	0	29797120	0	0	29797120	0	Mozilla/5.0 (X11; Linux x86_64) AppleWebKit/537.36 (KHTML, like Gecko) Chrome/131.0.1422.235 Safari/537.36 Edg/131.0.1422.235; compatible; GrokBot/1.0; +https://x.ai/grokbot
4	1	1	0	0	29786571	0	0	29786571	0	0	1422	Mozilla/5.0 (Macintosh; Intel Mac OS X 10_15_7) AppleWebKit/537.36 (KHTML, like Gecko) Chrome/130.0.0.0 Safari/537.36
4	1	0	0	1	29790793	0	29790793	29790793	0	29790793	1422	Mozilla/5.0 (Windows NT 10.0; Win64; x64; rv:133.0) Gecko/20100101 Firefox/133.0
4	1	1	0	0	29786570	0	0	29786570	0	0	1658	Mozilla/5.0 (Macintosh; Intel Mac OS X 10_15_7) AppleWebKit/537.36 (KHTML, like Gecko) Chrome/129.0.0.0 Safari/537.36
4	0	0	0	1	0	0	29797120	0	0	29797120	0	Mozilla/5.0 (Windows NT 10.0; rv:121.4) Gecko/20100101 Firefox/121.4; compatible; GrokBot/1.0; +https://x.ai/grokbot
4	0	0	0	1	0	0	29831559	0	0	29831559	0	Mozilla/5.0 (X11; Linux i686) AppleWebKit/537.36 (KHTML, like Gecko) Chrome/53.0.2785.101 Safari/537.36 OPR/40.0.2308.62
4	11	6	0	1	29810858	0	29727345	29755203	0	29727345	17294	Mozilla/5.0 (Windows NT 10.0; Win64; x64) AppleWebKit/537.36 (KHTML, like Gecko) Chrome/125.0.0.0 Safari/537.36
4	0	0	0	1	0	0	29827364	0	0	29827364	0	Mozilla/5.0 (Macintosh; Intel Mac OS X 10_11_6) AppleWebKit/601.7.7 (KHTML, like Gecko) Version/9.1.2 Safari/601.7.7
4	0	0	0	1	0	0	29794976	0	0	29794976	0	Mozilla/5.0 (Linux; Android 10; arm64) AppleWebKit/537.36 (KHTML, like Gecko) Opera/77.0.0.0 Safari/537.36
4	2	0	0	0	29765782	0	0	29765781	0	0	3316	Mozilla/5.0 (Macintosh; Intel Mac OS X 10_11_6) AppleWebKit/537.36 (KHTML, like Gecko) Chrome/66.0.3359.117 Safari/537.36
4	2	0	0	0	29734366	0	0	29734365	0	0	1404	Mozilla/5.0 (iPhone; CPU iPhone OS 18_0 like Mac OS X) AppleWebKit/605.1.15 (KHTML, like Gecko) CriOS/145.0.6917.0 Mobile/15E148 Safari/604.1
4	1	0	0	0	29797120	0	0	29797120	0	0	1658	Mozilla/5.0 (Macintosh; Intel Mac OS X 14_5) AppleWebKit/537.36 (KHTML, like Gecko) Chrome/114.0.6296.150 Safari/537.36; compatible; TelegramBot/1.0
4	1	1	0	0	29752403	0	0	29752403	0	0	0	Mozilla/5.0 (Windows NT 10.0; Win64; x64) AppleWebKit/537.36 (KHTML, like Gecko) Chrome/144.0.0.0 Safari/537.36 (compatible; HubSpot DataHub; +https://www.hubspot.com)
4	0	0	0	1	0	0	29797120	0	0	29797120	0	Mozilla/5.0 (Windows NT 10.0; Win64; x64) AppleWebKit/537.36 (KHTML, like Gecko) Chrome/122.0.1082.209 Safari/537.36; compatible; Amazonbot/0.1; +https://developer.amazon.com/support/amazonbot
4	1	1	0	0	29760107	0	0	29760107	0	0	1658	Mozilla/5.0 (X11; Linux x86_64; rv:126.0) Gecko/20100101 Firefox/126.0
4	1	1	0	0	29750595	0	0	29750595	0	0	1422	curl/7.76.1
4	2	0	0	0	29732450	0	0	29732450	0	0	298	Mozilla/5.0 (Linux; Android 10; K) AppleWebKit/537.36 (KHTML, like Gecko) Chrome/146.0.0.0 Mobile Safari/537.36
4	1	1	0	0	29795515	0	0	29795515	0	0	1658	Mozilla/5.0 (Windows NT 10.0; Win64; x64; rv:140.0) Gecko/20100101 Firefox/140.0
4	1	0	0	0	29797120	0	0	29797120	0	0	1658	Mozilla/5.0 (Macintosh; Intel Mac OS X 14_5) AppleWebKit/537.36 (KHTML, like Gecko) Chrome/136.0.3564.3 Safari/537.36; compatible; TelegramBot/1.0
4	0	0	0	1	0	0	29797120	0	0	29797120	0	Mozilla/5.0 (compatible; Perplexity-User/1.0; +https://perplexity.ai/perplexity-user)
4	17	3	0	0	29826623	0	0	29737398	0	0	490972	Go-http-client/1.1
4	0	0	0	1	0	0	29822739	0	0	29822739	0	Mozilla/5.0 (X11; Linux x86_64) AppleWebKit/537.36 (KHTML, like Gecko) Chrome/76.0.3809.111 Safari/537.36
4	2	0	0	0	29797120	0	0	29797120	0	0	3316	Mozilla/5.0 AppleWebKit/537.36 (KHTML, like Gecko); compatible; TelegramBot/1.0
4	1	1	0	0	29769010	0	0	29769010	0	0	1658	Mozilla/5.0 (Macintosh; Intel Mac OS X 10_13_6) AppleWebKit/537.36 (KHTML, like Gecko) Chrome/79.0.3945.79 Safari/537.36
4	2	2	0	0	29797280	0	0	29794094	0	0	3080	Mozilla/5.0 (Windows NT 10.0; Win64; x64) AppleWebKit/537.36 (KHTML, like Gecko) Chrome/127.0.6533.73 Safari/537.36
4	5	1	0	0	29790793	0	0	29790637	0	0	460118	Mozilla/5.0 (X11; Linux x86_64; rv:133.0) Gecko/20100101 Firefox/133.0
4	1	1	0	0	29791219	0	0	29791219	0	0	1658	Mozilla/5.0 (Macintosh; Intel Mac OS X 10_15_7) AppleWebKit/537.36 (KHTML, like Gecko) Chrome/128.0.0.0 Safari/537.36
4	0	0	0	1	0	0	29797120	0	0	29797120	0	Mozilla/5.0 (iPhone; CPU iPhone OS 18_0 like Mac OS X) AppleWebKit/605.1.15 (KHTML, like Gecko) Version/16.5 Mobile/15E148 Safari/604.1; compatible; Bytespider; +https://zhanzhang.toutiao.com/
4	0	0	0	1	0	0	29769968	0	0	29769968	0	Mozilla/5.0 (X11; Ubuntu; Linux x86_64; x86) AppleWebKit/537.36 (KHTML, like Gecko) Chrome/111.0.0.0 Safari/537.36
4	5	1	0	0	29804775	0	0	29804775	0	0	4852	PipericBot/1.0 (+https://piperic.com/bot)
4	1	1	0	0	29833173	0	0	29833173	0	0	1658	Mozilla/5.0 (Windows NT 10.0; Win64; x64) AppleWebKit/537.36 (KHTML, like Gecko) Chrome/81.0.4044.129 Safari/537.36
4	2	0	0	2	29743877	0	29743877	29743877	0	29743877	3316	Mozilla/5.0 AppleWebKit/537.36 (KHTML, like Gecko; compatible; GPTBot/1.3; +https://openai.com/gptbot)
4	3	0	0	0	29755006	0	0	29748334	0	0	1462	Mozilla/5.0 (X11; Linux x86_64) AppleWebKit/537.36 (KHTML, like Gecko) HeadlessChrome/149.0.7827.55 Safari/537.36
4	56	2	0	2	29761126	0	29761126	29758164	0	29758164	1608096	Mozilla/5.0 (iPhone; CPU iPhone OS 18_7 like Mac OS X) AppleWebKit/605.1.15 (KHTML, like Gecko) GSA/340.3.689937600 Mobile/15E148 Safari/604.1
4	5	3	2	1	29779537	29779537	29779537	29779537	29779537	29779537	8290	wp2shell
4	1	0	0	0	29797120	0	0	29797120	0	0	1658	Mozilla/5.0 (Macintosh; Intel Mac OS X 14_5) AppleWebKit/537.36 (KHTML, like Gecko; compatible; Twitterbot/1.0) Chrome/134.0.1530.163 Safari/537.36 Edg/134.0.1530.163
4	8	0	0	0	29743877	0	0	29743877	0	0	13264	Mozilla/5.0 AppleWebKit/537.36 (KHTML, like Gecko); compatible; MistralAI-User/1.0
4	107	16	0	6	29811880	0	29772458	29739989	0	29726212	4066643	Mozilla/5.0 (Windows NT 10.0; Win64; x64) AppleWebKit/537.36 (KHTML, like Gecko) Chrome/124.0.0.0 Safari/537.36
4	9	0	0	0	29777344	0	0	29777080	0	0	14922	Mozilla/5.0 (Macintosh; Intel Mac OS X 10.13; rv:61.0) Gecko/20100101 Firefox/61.0
4	30	3	0	0	29735202	0	0	29735202	0	0	61980	Mozilla/5.0 (X11; Linux x86_64) AppleWebKit/537.36 (KHTML, like Gecko) HeadlessChrome/146.0.7680.153 Safari/537.36
4	1	1	0	0	29786570	0	0	29786570	0	0	1658	Mozilla/5.0 (X11; Linux x86_64; rv:136.0) Gecko/20100101 Firefox/136.0
4	1	0	0	0	29797120	0	0	29797120	0	0	1658	Mozilla/5.0 (Macintosh; Intel Mac OS X 14_6_1) AppleWebKit/537.36 (KHTML, like Gecko) Chrome/85.0.1473.241 Safari/537.36; compatible; ChatGPT-User/1.0; +https://openai.com/bot
4	3	0	0	0	29770172	0	0	29770171	0	0	4974	Mozilla/5.0 (Windows NT 10.0; Win64; x64) AppleWebKit/537.36 (KHTML, like Gecko) Chrome/64.0.3282.140 Safari/537.36 Edge/17.17134
4	1	0	0	0	29760107	0	0	29760107	0	0	1658	Mozilla/5.0 (Macintosh; Intel Mac OS X 10_15_7) AppleWebKit/605.1.15 (KHTML, like Gecko) Version/15.6 Safari/605.1.15
4	2	1	0	0	29761339	0	0	29760107	0	0	3316	Mozilla/5.0 (X11; Linux x86_64) AppleWebKit/537.36 (KHTML, like Gecko) Chrome/116.0.0.0 Safari/537.36
4	2	1	0	0	29758320	0	0	29758286	0	0	3316	serpstatbot/2.1 (advanced backlink tracking bot; https://serpstatbot.com/; abuse@serpstatbot.com)
4	1	0	0	0	29797120	0	0	29797120	0	0	1658	Mozilla/5.0 (Macintosh; Intel Mac OS X 14_5) AppleWebKit/537.36 (KHTML, like Gecko; compatible; WhatsApp/10.0.2.1) Chrome/114.0.5803.55 Safari/537.36
4	70	6	0	3	29784371	0	29769522	29768401	0	29768401	2452394	Mozilla/5.0 (X11; Linux x86_64) AppleWebKit/537.36 (KHTML, like Gecko) Chrome/151.0.0.0 Safari/537.36
4	2	0	0	0	29760798	0	0	29760798	0	0	223878	Mozilla/5.0 (Windows NT 10.0; Win64; x64) AppleWebKit/537.36 (KHTML, like Gecko)
4	56	54	0	2	29832262	0	29729669	29734093	0	29727064	270359	Hello from Palo Alto Networks, find out more about our scans in https://docs-cortex.paloaltonetworks.com/r/1/Cortex-Xpanse/Scanning-activity
4	2	2	0	0	29765719	0	0	29750535	0	0	3316	Mozilla/5.0 (Windows NT 10.0; Win64; x64) AppleWebKit/537.36 (KHTML, like Gecko) Chrome/139.0.0.0 Safari/537.36 Edg/139.0.0.0
4	4	1	0	0	29749091	0	0	29749091	0	0	522716	Mozilla/5.0 (Windows NT 10.0; Win64; x64) AppleWebKit/537.36 (KHTML, like Gecko) Chrome/140.0.0.0 Safari/537.36 Edg/140.0.0.0
4	0	0	0	1	0	0	29787291	0	0	29787291	0	Mozilla/5.0 (Linux; Android 10; x64) AppleWebKit/537.36 (KHTML, like Gecko) Firefox/71.0.0.0 Safari/537.36
4	1	1	0	0	29813526	0	0	29813526	0	0	1658	Mozilla/5.0 (Macintosh; Intel Mac OS X 13_6_0) AppleWebKit/537.36 (KHTML, like Gecko) Chrome/124.0.0.0 Safari/537.36
4	1	0	0	1	29750632	0	29731276	29750632	0	29731276	1658	Mozilla/5.0 (Windows NT 10.0; Win64; x64; rv:149.0) Gecko/20100101 Firefox/149.0
4	2	1	0	0	29750632	0	0	29750632	0	0	3316	Mozilla/5.0 (Windows NT 10.0; Win64; x64; rv:150.0) Gecko/20100101 Firefox/150.0
4	1	1	0	0	29776034	0	0	29776034	0	0	1658	DomainChecker/0.1 (single-page technology inventory)
4	0	0	0	1	0	0	29797120	0	0	29797120	0	Mozilla/5.0 (X11; Ubuntu; Linux x86_64) AppleWebKit/537.36 (KHTML, like Gecko; compatible; Bytespider; +https://zhanzhang.toutiao.com/) Chrome/85.0.4533.230 Safari/537.36
4	0	0	0	1	0	0	29797120	0	0	29797120	0	Mozilla/5.0 (X11; Linux x86_64) AppleWebKit/537.36 (KHTML, like Gecko; compatible; TelegramBot/1.0) Chrome/118.0.7821.199 Safari/537.36
4	5	0	0	4	29743877	0	29743877	29743877	0	29743877	8290	Mozilla/5.0 (compatible; Diffbot/1.0; +https://diffbot.com)
4	2	0	0	0	29817745	0	0	29806868	0	0	3316	Mozilla/5.0 zgrab/0.x
4	1	0	0	0	29797120	0	0	29797120	0	0	1658	Mozilla/5.0 (Macintosh; Intel Mac OS X 14_6_1) AppleWebKit/537.36 (KHTML, like Gecko) Chrome/147.0.5504.48 Safari/537.36; compatible; Claude-User/1.0; +https://www.anthropic.com/claude-user
4	1	0	0	0	29797120	0	0	29797120	0	0	1658	Mozilla/5.0 (X11; Ubuntu; Linux x86_64; rv:127.3) Gecko/20100101 Firefox/127.3; compatible; Applebot/0.1; +http://www.apple.com/go/applebot
4	3	0	0	2	29743877	0	29743877	29743877	0	29743877	4974	Mozilla/5.0 AppleWebKit/537.36 (KHTML, like Gecko); compatible; Claude-SearchBot/1.0; +mailto:support@anthropic.com
4	2866	1775	0	121	29833576	0	29794292	29730311	0	29725152	42076383	Mozilla/5.0 (Macintosh; Intel Mac OS X 10_15_7) AppleWebKit/537.36 (KHTML, like Gecko) Chrome/93.0.4577.0 Safari/537.36
4	1	0	0	0	29746641	0	0	29746641	0	0	4876	Mozilla/5.0 (Windows NT 6.2; arm64) AppleWebKit/537.36 (KHTML, like Gecko) Safari/14.0.0.0 Safari/537.36
4	1	0	0	0	29760107	0	0	29760107	0	0	1658	Mozilla/5.0 (Macintosh, Intel Mac OS X 10_15_7) AppleWebKit/605.1.15 (KHTML, like Gecko) Version/16.3 Safari/605.1.15
4	1	1	0	0	29786570	0	0	29786570	0	0	1658	Mozilla/5.0 (Macintosh; Intel Mac OS X 10_15_7) AppleWebKit/605.1.15 (KHTML, like Gecko) Version/18.1 Safari/605.1.15
4	33	3	0	2	29786570	0	29786570	29786570	0	29786570	768463	Mozilla/5.0 (X11; Linux x86_64) AppleWebKit/537.36 (KHTML, like Gecko) Chrome/125.0.6422.142 Safari/537.36
4	1	0	0	0	29755237	0	0	29755237	0	0	1422	HUNT-Bot/0.1
4	29	1	0	1	29789264	0	29789264	29789264	0	29789264	764482	Mozilla/5.0 (Windows NT 10.0; Win64; x64) AppleWebKit/537.36 Chrome/126.0.0.0 Safari/537.36
4	317	50	0	18	29768715	0	29768714	29730327	0	29743903	5014710	Mozilla/5.0 (Linux; Android 10; K) AppleWebKit/537.36 (KHTML, like Gecko) Chrome/150.0.0.0 Mobile Safari/537.36
4	34	1	0	2	29744556	0	29727869	29744556	0	29727869	650246	Mozilla/5.0 (Linux; Android 10; K) AppleWebKit/537.36 (KHTML, like Gecko) Chrome/149.0.0.0 Mobile Safari/537.36
4	5	5	0	0	29815592	0	0	29735696	0	0	7828	Mozilla/5.0 (Linux; arm_64; Android 12; CPH2205) AppleWebKit/537.36 (KHTML, like Gecko) Chrome/110.0.0.0 YaBrowser/23.3.3.86.00 SA/3 Mobile Safari/537.36
4	7	0	0	2	29743877	0	29743877	29743877	0	29743877	11393	CCBot/2.0 (https://commoncrawl.org/faq/)
4	3	0	0	0	29772905	0	0	29772904	0	0	4974	Mozilla/4.0 (compatible; MSIE 7.0; Windows NT 6.2; Trident/7.0; .NET4.0C; .NET4.0E; .NET CLR 2.0.50727; .NET CLR 3.0.30729; .NET CLR 3.5.30729; SLCC2; Media Center PC 6.0)
4	7	0	0	1	29790414	0	29790413	29790401	0	29790413	1046833	Mozilla/5.0 AppleWebKit/537.36 (KHTML, like Gecko; compatible; Googlebot/2.1; +http://www.google.com/bot.html) Chrome/151.0.7922.108 Safari/537.36
4	1	0	0	0	29760107	0	0	29760107	0	0	1658	Mozilla/5.0 (Windows NT 10.0; Win64; x64) AppleWebKit/537.36 (KHTML, like Gecko) Chrome/90.0.4430.93 Safari/537.36
4	7	1	1	0	29795516	29775404	0	29735893	29775404	0	9758	Mozilla/5.0 (X11; Linux x86_64) AppleWebKit/537.36 (KHTML, like Gecko) Chrome/115.0.0.0 Safari/537.36
4	2	1	0	0	29791604	0	0	29791603	0	0	1724	Mozilla/5.0 (compatible; osentix-crawler/1.0; +https://osentix.com/bot)
4	50	21	1	9	29821033	29812953	29812953	29743877	29812953	29794087	591525	Mozilla/5.0 (X11; Linux x86_64) AppleWebKit/537.36 (KHTML, like Gecko) Chrome/150.0.0.0 Safari/537.36
4	2	0	0	0	29731477	0	0	29731477	0	0	298	Mozilla/5.0 (X11; Linux x86_64) AppleWebKit/537.36 (KHTML, like Gecko) Chrome/149.0.0.0 Safari/537.36
4	34	8	4	10	29761003	29761003	29761004	29734493	29761003	29761003	2929528	Mozilla/5.0 (Windows NT 10.0; Win64; x64) AppleWebKit/537.36 (KHTML, like Gecko) Chrome/122.0.0.0 Safari/537.36 Edg/122.0.0.0
4	2	0	0	0	29750632	0	0	29750632	0	0	3316	Mozilla/5.0 (X11; Linux x86_64; rv:150.0) Gecko/20100101 Firefox/150.0
4	1	0	0	0	29750632	0	0	29750632	0	0	1658	Mozilla/5.0 (X11; Linux x86_64; rv:149.0) Gecko/20100101 Firefox/149.0
4	5	5	0	0	29799881	0	0	29733767	0	0	7510	Mozilla/5.0 (X11; Linux x86_64) AppleWebKit/537.36 (KHTML, like Gecko) Chrome/107.0.5304.68 Safari/537.36
4	8	8	0	2	29799958	0	29729455	29733770	0	29729451	33614	Java/21.0.11
4	3	0	0	4	29797120	0	29797120	29797120	0	29797120	4974	Mozilla/5.0 (compatible; ChatGPT-User/1.0; +https://openai.com/bot)
4	0	0	0	1	0	0	29790804	0	0	29790804	0	Mozilla/5.0 (X11; Ubuntu; Linux x86_64; arm64) AppleWebKit/537.36 (KHTML, like Gecko) Safari/13.0.0.0 Safari/537.36
4	1	0	0	0	29797120	0	0	29797120	0	0	1658	Mozilla/5.0 (Windows NT 10.0; Win64; x64) AppleWebKit/537.36 (KHTML, like Gecko; compatible; TelegramBot/1.0) Chrome/124.0.2196.54 Safari/537.36 Edg/124.0.2196.54
4	1	1	0	0	29785734	0	0	29785734	0	0	4876	Mozilla/5.0 (Windows NT 10.0; Win64; x64) AppleWebKit/537.36 (KHTML, like Gecko) Chrome/130.0.0.0 Safari/537.36 CCleaner/130.0.0.0
4	1	0	1	0	29807906	29807906	0	29807906	29807906	0	1422	Mozilla/5.0 (Macintosh; Intel Mac OS X 10_15_7; rv:119.0) Gecko/20100101 Firefox/119.0
4	1107	160	0	32	29831532	0	29793421	29733768	0	29743633	32441245	Mozilla/5.0 (X11; Linux x86_64) AppleWebKit/537.36 (KHTML, like Gecko) HeadlessChrome/91.0.4469.0 Safari/537.36
4	4	2	0	0	29811204	0	0	29768401	0	0	6632	Mozilla/5.0 (Linux; U; Android 13; sk-sk; Xiaomi 11T Pro Build/TKQ1.220829.002) AppleWebKit/537.36 (KHTML, like Gecko) Version/4.0 Chrome/112.0.5615.136 Mobile Safari/537.36 XiaoMi/MiuiBrowser/14.4.0-g
4	0	0	0	2	0	0	29732185	0	0	29732185	0	git/2.39.2
4	6	3	0	0	29833415	0	0	29768948	0	0	5172	Scrapy/2.17.0 (+https://scrapy.org)
4	1	1	0	0	29819214	0	0	29819214	0	0	1658	Mozilla/5.0 (Windows NT 10.0; Win64; x64) AppleWebKit/537.36 (KHTML, like Gecko) Chrome/70.0.3538.102 Safari/537.36 Edge/18.18362
4	13	4	0	1	29833267	0	29775271	29775271	0	29775271	231915	Mozilla/5.0 (X11; Linux x86_64) AppleWebKit/537.36 (KHTML, like Gecko) HeadlessChrome/102.0.5005.182 Safari/537.36
4	14	1	2	0	29808909	29808909	0	29731069	29797520	0	17880	python-requests/2.34.2
4	1	0	0	0	29797120	0	0	29797120	0	0	1658	Mozilla/5.0 (X11; Ubuntu; Linux x86_64) AppleWebKit/537.36 (KHTML, like Gecko; compatible; OAI-SearchBot/1.4; robots.txt; +https://openai.com/searchbot) Chrome/131.0.3803.86 Safari/537.36
4	24	12	23	1	29801719	29793396	29772342	29751861	29772342	29772342	24168	Mozilla/5.0 (Windows NT 10.0; Win64; x64) AppleWebKit/537.36 (KHTML, like Gecko) Chrome/122.0.0.0 Safari/537.36
4	1	0	0	0	29807906	0	0	29807906	0	0	1422	Mozilla/5.0 (Windows NT 11.0; Win64; x64; rv:119.0) Gecko/20100101 Firefox/119.0
4	0	0	0	1	0	0	29744147	0	0	29744147	0	Mozilla/5.0 (Macintosh, Intel Mac OS X 10_15_7) AppleWebKit/605.1.15 (KHTML, like Gecko) Version/17.5 Safari/605.1.15
4	54	1	0	1	29755474	0	29751459	29739164	0	29751459	1601361	Mozilla/5.0 (Linux; Android 6.0.1; Nexus 5X Build/MMB29P) AppleWebKit/537.36 (KHTML, like Gecko) Chrome/150.0.7871.124 Mobile Safari/537.36 (compatible; Googlebot/2.1; +http://www.google.com/bot.html)
4	3	0	0	2	29790793	0	29790792	29790792	0	29790790	4266	Mozilla/5.0 (Linux; Android 14; Pixel 8) AppleWebKit/537.36 (KHTML, like Gecko) Chrome/131.0.0.0 Mobile Safari/537.36
4	1	1	0	0	29767162	0	0	29767162	0	0	1658	Mozilla/5.0 (X11; Linux x86_64) AppleWebKit/537.36 (KHTML, like Gecko) Chrome/114.0.0.0 Safari/537.36
4	0	0	0	1	0	0	29797120	0	0	29797120	0	Mozilla/5.0 (Windows NT 11.0; Win64; x64) AppleWebKit/537.36 (KHTML, like Gecko; compatible; Slackbot-LinkExpanding/1.0; +https://api.slack.com/robots) Chrome/124.0.4514.103 Safari/537.36
4	2	0	0	0	29731525	0	0	29731525	0	0	298	Mozilla/5.0 (X11; Linux x86_64) AppleWebKit/537.36 (KHTML, like Gecko) Chrome/148.0.0.0 Safari/537.36
4	1	0	0	0	29760107	0	0	29760107	0	0	1658	Mozilla/5.0 (Macintosh; Intel Mac OS X 10_15_7) AppleWebKit/605.1.15 (KHTML, like Gecko) Version/17.5 Safari/605.1.15 MarketGoo/2.1
4	2	0	0	0	29735893	0	0	29735893	0	0	2392	Mozilla/5.0 (compatible; Bingbot/2.0; +http://www.bing.com/bingbot.htm)
4	110	55	0	7	29830809	0	29730049	29731465	0	29725757	60034375	Mozilla/5.0 (compatible; MSIE 9.0; Windows NT 6.1; WOW64; Trident/6.0)
4	1	1	0	0	29768412	0	0	29768412	0	0	1422	Mozilla/5.0 (iPad; CPU OS 11_0_3 like Mac OS X) AppleWebKit/604.1.38 (KHTML, like Gecko) Version/11.0 Mobile/15A432 Safari/604.1
4	1	0	0	0	29760291	0	0	29760291	0	0	1658	Mozilla/5.0 (X11; Ubuntu; Linux x86_64; rv:125.0) Gecko/20100101 Firefox/125.0
4	1	0	0	0	29797120	0	0	29797120	0	0	1658	Mozilla/5.0 (Macintosh; Intel Mac OS X 13_6_7) AppleWebKit/605.1.15 (KHTML, like Gecko; compatible; Claude-User/1.0; +https://www.anthropic.com/claude-user) Version/19.2 Safari/605.1.15
4	1	0	0	0	29797120	0	0	29797120	0	0	1658	Mozilla/5.0 (X11; Ubuntu; Linux x86_64) AppleWebKit/537.36 (KHTML, like Gecko; compatible; PerplexityBot/1.0; +https://perplexity.ai/perplexitybot) Chrome/122.0.3202.114 Safari/537.36 Edg/122.0.3202.114
4	30	3	0	15	29812350	0	29780348	29730553	0	29725153	37947	Mozilla/5.0 (Windows NT 10.0; Win64; x64) AppleWebKit/537.36 (KHTML, like Gecko) Chrome/101.0.4951.67 Safari/537.36
4	0	0	0	1	0	0	29725505	0	0	29725505	0	Mozilla/5.0 (Linux; Android 10; x86) AppleWebKit/537.36 (KHTML, like Gecko) Chrome/87.0.0.0 Safari/537.36
4	91	16	0	134	29793594	0	29793599	29725628	0	29725628	7752332	curl/7.61.1
4	10	3	0	7	29743841	0	29778308	29735201	0	29748137	485816	Mozilla/5.0 (compatible; AhrefsBot/7.0; +http://ahrefs.com/robot/)
4	7	2	0	0	29812917	0	0	29738215	0	0	11606	Mozilla/5.0 (X11; Linux x86_64) AppleWebKit/537.36 (KHTML, like Gecko) Chrome/124 Safari/537.36
4	0	0	0	1	0	0	29773673	0	0	29773673	0	Mozilla/5.0 (Linux; Android 10; arm64) AppleWebKit/537.36 (KHTML, like Gecko) Chrome/96.0.0.0 Safari/537.36
4	1	0	0	0	29760430	0	0	29760430	0	0	1658	Mozilla/5.0 (Windows NT 10.0; Win64; x64) AppleWebKit/537.36 (KHTML, like Gecko) Chrome/86.0.4240.75 Safari/537.36
4	1	0	0	0	29760132	0	0	29760132	0	0	1658	Mozilla/5.0 (Macintosh; Intel Mac OS X 13_4_1) AppleWebKit/605.1.15 (KHTML, like Gecko) Version/16.5 Safari/605.1.15
4	0	0	0	2	0	0	29791246	0	0	29791246	0	Mozilla/5.0 (compatible; heritrix/3.14.2-SNAPSHOT-2026-04-13T06:21:22Z +https://www.image-meta.com)
4	0	0	0	2	0	0	29818435	0	0	29818199	0	Python/3.11 aiohttp/3.14.3
4	1	1	0	0	29759748	0	0	29759748	0	0	0	Mozilla/5.0 (X11; Ubuntu; Linux x86_64; rv:128.0) Gecko/20100101 Firefox/128.0
4	5	5	0	2	29820961	0	29806002	29747298	0	29806002	8290	Mozilla/5.0 (Macintosh; Intel Mac OS X 10_15_7) AppleWebKit/537.36 (KHTML, like Gecko) Chrome/125.0.0.0 Safari/537.36
4	106	0	2	55	29783952	29783952	29783952	29783952	29783952	29783952	174881	Mozilla/5.0 (compatible; FacebookBot/1.0; +https://developers.facebook.com/docs/sharing/webmasters/crawler)
4	1	0	0	0	29797120	0	0	29797120	0	0	1658	Mozilla/5.0 AppleWebKit/537.36 (KHTML, like Gecko; compatible; LinkedInBot/1.0; +http://www.linkedin.com)
4	0	0	0	1	0	0	29797120	0	0	29797120	0	Mozilla/5.0 (iPhone; CPU iPhone OS 18_4 like Mac OS X) AppleWebKit/537.36 (KHTML, like Gecko; compatible; Discordbot/2.0; +https://discordapp.com) Chrome/85.0.7751.123 Mobile Safari/537.36
4	31	3	0	2	29790675	0	29790675	29790675	0	29790675	1000414	Mozilla/5.0 (X11; Linux x86_64) AppleWebKit/537.36 (KHTML, like Gecko) HeadlessChrome/148.0.7778.96 Safari/537.36
4	1	1	0	0	29805750	0	0	29805750	0	0	1658	Mozilla/5.0 (Windows NT 10.0; Win64; x64) AppleWebKit/537.36 (KHTML, like Gecko) Chrome/125.0.0.0 Safari/537.36 Edg/125.0.0.0
4	1	0	0	0	29797120	0	0	29797120	0	0	1658	Mozilla/5.0 (Macintosh; Intel Mac OS X 13_6_7) AppleWebKit/605.1.15 (KHTML, like Gecko; compatible; Perplexity-User/1.0; +https://perplexity.ai/perplexity-user) Version/17.2 Safari/605.1.15
4	1	1	0	0	29792190	0	0	29792190	0	0	0	rev-go/3.4-go-clean
4	7	3	1	0	29808899	29756745	0	29740724	29756745	0	17806	Mozilla/5.0 (Macintosh; Intel Mac OS X 10_15_7) AppleWebKit/605.1.15 (KHTML, like Gecko) Version/17.2 Safari/605.1.15
4	2	1	0	0	29797120	0	0	29750632	0	0	3316	Mozilla/5.0 (X11; Linux x86_64) AppleWebKit/537.36 (KHTML, like Gecko) Chrome/147.0.0.0 Safari/537.36
4	3	0	0	2	29743877	0	29743877	29743877	0	29743877	4974	Mozilla/5.0 (compatible; Applebot-Extended/0.1; +http://www.apple.com/go/applebot)
4	1	0	0	0	29797120	0	0	29797120	0	0	1658	Mozilla/5.0 (Macintosh; Intel Mac OS X 10_15_7) AppleWebKit/605.1.15 (KHTML, like Gecko) Version/19.0 Safari/605.1.15; compatible; OAI-SearchBot/1.3; +https://openai.com/searchbot
4	13	0	0	0	29828748	0	0	29760475	0	0	21554	Mozilla/5.0 (Windows NT 10.0; Win64; rv:143.0) Gecko/20100101 Firefox/143.0
4	1	0	0	0	29797120	0	0	29797120	0	0	1658	Mozilla/5.0 (Linux; Android 15; SM-S918B) AppleWebKit/537.36 (KHTML, like Gecko; compatible; ChatGPT-User/1.0; +https://openai.com/bot) Chrome/151.0.8367.174 Mobile Safari/537.36
4	0	0	0	2	0	0	29726392	0	0	29726392	0	DuckDuckBot/1.1; (+http://duckduckgo.com/duckduckbot.html)
4	0	0	0	1	0	0	29797120	0	0	29797120	0	Mozilla/5.0 (Macintosh; Intel Mac OS X 14_6_1) AppleWebKit/537.36 (KHTML, like Gecko) Chrome/134.0.2476.181 Safari/537.36; compatible; Bytespider; +https://zhanzhang.toutiao.com/
4	0	0	0	1	0	0	29763775	0	0	29763775	0	Mozilla/5.0 (Windows NT 10.0; x64) AppleWebKit/537.36 (KHTML, like Gecko) Edge/96.0.0.0 Safari/537.36
4	4	0	0	4	29797120	0	29797120	29782721	0	29782721	6632	Mozilla/5.0 (compatible; OAI-SearchBot/1.3; +https://openai.com/searchbot)
4	0	0	0	87	0	0	29725237	0	0	29725230	0	Mozilla/5.0 (X11; Fedora; Linux x86_64) AppleWebKit/537.36 (KHTML, like Gecko) Chrome/133.0.0.0 Safari/537.36
4	1	1	0	0	29814862	0	0	29814862	0	0	1422	Mozilla/5.0 (X11; Linux x86_64) AppleWebKit/536.5 (KHTML, like Gecko) Chrome/19.0.1084.9 Safari/536.5
4	1	1	0	0	29832626	0	0	29832626	0	0	1658	Mozilla/5.0 (Windows NT 10.0; Win64; x64) AppleWebKit/537.36 (KHTML, like Gecko) Chrome/114.0.0.0 Safari/537.36 Edg/114.0.1823.82
4	1	1	0	0	29743877	0	0	29743877	0	0	1658	Mozilla/5.0 (Windows NT 10.0; Win64; x64) AppleWebKit/537.36 (KHTML, like Gecko) Chrome/150.0.0.0 Safari/537.36 Vivaldi/7.2.3620.30
4	3	1	0	0	29802145	0	0	29802144	0	0	14628	vuln_scanner/3.1.0 (CVE-2026-4020)
4	1	0	0	0	29797120	0	0	29797120	0	0	1658	Mozilla/5.0 (Macintosh; Intel Mac OS X 14_6_1) AppleWebKit/537.36 (KHTML, like Gecko; compatible; Claude-SearchBot/1.0; +https://www.anthropic.com/claude-searchbot) Chrome/120.0.3243.142 Safari/537.36
4	1	1	0	0	29817301	0	0	29817301	0	0	1422	Mozilla/5.0 (iPhone; CPU iPhone OS 17_3 like Mac OS X) AppleWebKit/605.1.15 (KHTML, like Gecko) Version/17.3 Mobile/15E148 Safari/604.1
4	111	11	0	2	29786569	0	29786569	29734954	0	29786569	1968737	Mozilla/5.0 (X11; Linux x86_64) AppleWebKit/537.36 (KHTML, like Gecko) HeadlessChrome/139.0.7258.5 Safari/537.36
4	1	0	0	0	29814164	0	0	29814164	0	0	4876	Mozilla/5.0 (X11; Ubuntu; Linux x86_64; x86) AppleWebKit/537.36 (KHTML, like Gecko) Opera/69.0.0.0 Safari/537.36
4	46	42	0	6	29829873	0	29728108	29771048	0	29728071	544020	Mozilla/5.0 (Macintosh; Intel Mac OS X 10_15_7) AppleWebKit/537.36 (KHTML, like Gecko) Chrome/124.0.0.0 Safari/537.36
4	1	0	0	0	29750632	0	0	29750632	0	0	1658	Mozilla/5.0 (Windows NT 10.0; Win64; x64) AppleWebKit/537.36 (KHTML, like Gecko) Chrome/146.0.0.0 Safari/537.36 Edg/146.0.0.0
4	3	1	0	0	29822694	0	0	29822694	0	0	4974	Mozilla/5.0 (Windows NT 10.0; Win64; x64)
4	1	1	0	0	29747423	0	0	29747423	0	0	0	Mozilla/5.0 (Linux; Android 6.0; Nexus 5 Build/MRA58N) AppleWebKit/5d7.36 (KHTML, like Gecko) Chrome/138.0.0.0 Mobile Safari/537.36
4	0	0	0	2	0	0	29797120	0	0	29797120	0	Mozilla/5.0 AppleWebKit/537.36 (KHTML, like Gecko; compatible; Twitterbot/1.0)
4	87	3	0	3	29769466	0	29769466	29768415	0	29768415	2293278	Mozilla/5.0 (iPhone; CPU iPhone OS 26_3_0 like Mac OS X) AppleWebKit/605.1.15 (KHTML, like Gecko) CriOS/144.0.7559.95 Mobile/15E148 Safari/604.1
4	130	37	16	16	29825570	29813063	29769242	29732667	29740027	29728947	188166	Mozilla/5.0 (Windows NT 10.0; Win64; x64) AppleWebKit/537.36 (KHTML, like Gecko) Chrome/120.0.0.0 Safari/537.36
4	158	4	0	58	29833454	0	29831196	29731736	0	29727038	699088	Mozilla/5.0 (Windows NT 10.0; Win64; x64) AppleWebKit/537.36
4	2	0	0	0	29802737	0	0	29753823	0	0	6534	Mozilla/5.0 (Windows NT 10.0; Win64; x64) AppleWebKit/537.36 (KHTML, like Gecko) Chrome/119.0.0.0 Safari/537.36
4	0	0	0	1	0	0	29772267	0	0	29772267	0	Mozilla/5.0 (Linux; Android 10; arm64) AppleWebKit/537.36 (KHTML, like Gecko) Opera/72.0.0.0 Safari/537.36
4	1	0	0	0	29789363	0	0	29789363	0	0	66	Mozilla/5.0 (Windows NT 10.0; Win64; x64) AppleWebKit/537.36 (KHTML, like Gecko) Chrome/114.0.0.0 Safari/537.36 Edg/114.0.1823.67
4	1	1	0	0	29789362	0	0	29789362	0	0	1658	Mozilla/5.0 (X11; Linux x86_64) AppleWebKit/537.36 (KHTML, like Gecko) Chrome/112.0.0.0 Safari/537.36
4	2	0	0	0	29787355	0	0	29750632	0	0	595637	Mozilla/5.0 (X11; Linux x86_64) AppleWebKit/537.36 (KHTML, like Gecko) Chrome/146.0.0.0 Safari/537.36
4	2	1	0	1	29775404	0	29728817	29735893	0	29728817	2854	Mozilla/5.0 (Macintosh; Intel Mac OS X 10_15_7) AppleWebKit/605.1.15 (KHTML, like Gecko) Version/15.1 Safari/605.1.15
4	0	0	0	1	0	0	29784948	0	0	29784948	0	Mozilla/5.0 (X11; Ubuntu; Linux x86_64; x86) AppleWebKit/537.36 (KHTML, like Gecko) Safari/14.0.0.0 Safari/537.36
4	0	0	0	1	0	0	29744157	0	0	29744157	0	Mozilla/5.0 (Windows; U; Windows NT 5.1; zh-CN; rv:1.9) Gecko/2008052906 Firefox/3.0
4	4	2	0	0	29768407	0	0	29750632	0	0	4804	Mozilla/5.0 (Macintosh; Intel Mac OS X 10_15_7) AppleWebKit/605.1.15 (KHTML, like Gecko) Version/18.4 Safari/605.1.15
4	1	0	0	0	29817229	0	0	29817229	0	0	1658	Mozilla/5.0 (Windows NT 10.0; Win64; x64; rv:58.0) Gecko/20100101 Firefox/58.0
4	1	0	0	0	29810776	0	0	29810776	0	0	4876	Mozilla/5.0 (Windows NT 6.3; arm64) AppleWebKit/537.36 (KHTML, like Gecko) Edge/90.0.0.0 Safari/537.36
4	0	0	0	1	0	0	29775969	0	0	29775969	0	Mozilla/5.0 (Windows NT 6.2; x86) AppleWebKit/537.36 (KHTML, like Gecko) Firefox/70.0.0.0 Safari/537.36
4	13	10	0	0	29832994	0	0	29740211	0	0	21554	Mozilla/5.0 (Windows NT 10.0; Win64; x64; rv:123.0) Gecko/20100101 Firefox/123
4	0	0	0	1	0	0	29802814	0	0	29802814	0	Mozilla/5.0 (Linux; Android 8.0.0; SM-G930V) AppleWebKit/537.36 (KHTML, like Gecko) Chrome/76.0.3809.111 Mobile Safari/537.36
4	5	3	0	0	29798479	0	0	29739800	0	0	8290	Mozilla/5.0 (Linux; Android 14; SM-S901B) AppleWebKit/537.36 (KHTML, like Gecko) Chrome/120.0.6099.280 Mobile Safari/537.36 OPR/80.4.4244.7786
4	1	1	0	0	29770833	0	0	29770833	0	0	1658	Mozilla/5.0 (Macintosh; Intel Mac OS X 10.15; rv:109.0) Gecko/20100101 Firefox/114.0
4	7	1	2	0	29733743	29733743	0	29733743	29733743	0	6188	Mozilla/5.0 (X11; Linux x86_64) AppleWebKit/537.36
4	1	0	1	0	29818244	29818244	0	29818244	29818244	0	1422	Mozilla/5.0 (Windows NT 10.0; Win64; x64) AppleWebKit/537.36 (KHTML, like Gecko) Chrome/118.0.0.0 Safari/537.36
4	2	1	0	0	29770390	0	0	29770390	0	0	3316	Mozilla/5.0 (Macintosh; Intel Mac OS X 15_7_7) AppleWebKit/605.1.15 (KHTML, like Gecko) Version/26.0 Safari/605.1.15
4	0	0	0	1	0	0	29747566	0	0	29747566	0	Mozilla/5.0 (Windows NT 6.3; x86) AppleWebKit/537.36 (KHTML, like Gecko) Chrome/95.0.0.0 Safari/537.36
4	0	0	0	9	0	0	29830242	0	0	29822559	0	metabase-cve-2026-72898-detect/1.0 (benign detection probes only)
4	3	3	0	0	29808871	0	0	29788146	0	0	4974	Mozilla/5.0 (Macintosh; Intel Mac OS X 10_9_2)
4	2	2	0	1	29813160	0	29725954	29769802	0	29725954	3316	curl/8.3.0
4	1	1	0	0	29788805	0	0	29788805	0	0	1658	Mozilla/5.0 (iPhone; CPU iPhone OS 18_7 like Mac OS X) AppleWebKit/605.1.15 (KHTML, like Gecko) Version/26.5 Mobile/15E148 Safari/604.1
4	1	0	0	0	29760107	0	0	29760107	0	0	1658	Mozilla/5.0 (Windows NT 10.0; Win64; x64) AppleWebKit/537.36 (KHTML, like Gecko) Chrome/74.0.3729.169 Safari/537.36
4	1	1	0	0	29799357	0	0	29799357	0	0	4876	Mozilla/5.0 (Macintosh; Intel Mac OS X 10.15; rv:121.0) Gecko/20100101 Firefox/121.0
4	1	0	0	0	29806611	0	0	29806611	0	0	1658	Mozilla/5.0 (Windows NT 10.0; Win64; x64) AppleWebKit/537.36 Chrome/114.0.5735.110 Safari/537.36
4	0	0	0	1	0	0	29797120	0	0	29797120	0	Mozilla/5.0 (Windows NT 10.0; Win64; x64) AppleWebKit/537.36 (KHTML, like Gecko; compatible; Claude-User/1.0; +https://www.anthropic.com/claude-user) Chrome/124.0.795.238 Safari/537.36
4	1	0	0	0	29821258	0	0	29821258	0	0	1658	Mozilla/5.0 (Windows NT 10.0; Win64; x64; rv:97.0) Gecko/20100101 Firefox/97.0
4	1	1	0	0	29769010	0	0	29769010	0	0	1658	Mozilla/5.0 (Macintosh; Intel Mac OS X 12.5) AppleWebKit/617.19 (KHTML, like Gecko) Version/17.6.47 Safari/617.19
4	129	2	0	2	29743877	0	29725130	29725130	0	29725130	1805640	Mozilla/5.0 (Windows NT 10.0; Win64; x64) AppleWebKit/537.36 (KHTML, like Gecko) Chrome/150.0.0.0 Safari/537.36 Edg/150.0.0.0
4	1	0	0	1	29743877	0	29728879	29743877	0	29728879	1658	Mozilla/5.0 (Windows NT 10.0; Win64; x64) AppleWebKit/537.36 (KHTML, like Gecko) Chrome/149.0.0.0 Safari/537.36 Edg/149.0.0.0
4	3	0	0	0	29770456	0	0	29770455	0	0	4974	Mozilla/5.0 (Windows NT 6.3; WOW64; Trident/7.0; MASPJS; rv:11.0) like Gecko
4	5	2	0	0	29786569	0	0	29786569	0	0	524430	Mozilla/5.0 (compatible; CertSignalBot/1.0)
4	1	1	0	0	29796451	0	0	29796451	0	0	1658	Mozilla/5.0 (Windows NT 10.0; Win64; x64; rv:109.0) Gecko/20100101 Firefox/119.0
4	1	0	0	0	29797120	0	0	29797120	0	0	1658	Mozilla/5.0 (Windows NT 10.0; Win64; x64) AppleWebKit/537.36 (KHTML, like Gecko) Chrome/134.0.8668.9 Safari/537.36; compatible; TelegramBot/1.0
4	38	3	0	2	29758262	0	29758262	29758262	0	29758262	1472794	Mozilla/5.0 (iPhone; CPU iPhone OS 26_3_1 like Mac OS X) AppleWebKit/605.1.15 (KHTML, like Gecko) CriOS/150.0.7871.113 Mobile/15E148 Safari/604.1
4	1	0	0	0	29797120	0	0	29797120	0	0	1658	Mozilla/5.0 (Macintosh; Intel Mac OS X 14_5) AppleWebKit/605.1.15 (KHTML, like Gecko) Version/17.5 Safari/605.1.15; compatible; Claude-User/1.0; +https://www.anthropic.com/claude-user
4	1	0	0	0	29796216	0	0	29796216	0	0	4876	Mozilla/5.0 (Windows NT 6.2; x64) AppleWebKit/537.36 (KHTML, like Gecko) Safari/10.0.0.0 Safari/537.36
4	3	3	3	3	29772342	29772342	29772343	29768443	29772342	29772342	4974	Mozilla/5.0 (Macintosh; Intel Mac OS X 10_15_7) AppleWebKit/537.36 (KHTML, like Gecko) Chrome/122.0.0.0 Safari/537.36
4	1	0	0	0	29797120	0	0	29797120	0	0	1658	Mozilla/5.0 (Linux; Android 14; Pixel 8) AppleWebKit/537.36 (KHTML, like Gecko; compatible; ClaudeBot/1.0; +claudebot@anthropic.com) Chrome/109.0.8087.13 Mobile Safari/537.36
4	0	0	0	1	0	0	29780467	0	0	29780467	0	Mozilla/5.0 (X11; Ubuntu; Linux x86_64; x86) AppleWebKit/537.36 (KHTML, like Gecko) Chrome/104.0.0.0 Safari/537.36
4	0	0	0	5	0	0	29797120	0	0	29797120	0	Mozilla/5.0 AppleWebKit/537.36 (KHTML, like Gecko; compatible; Bytespider; +https://zhanzhang.toutiao.com/)
4	0	0	0	6	0	0	29725432	0	0	29725432	0	Mozilla/5.0 (compatible; CT-WP-Scanner/1.0; +https://example.com/bot)
4	2	0	0	1	29730892	0	29730892	29730892	0	29730892	596	Mozilla/5.0 (Macintosh; Intel Mac OS X 15.7; rv:149.0) Gecko/20100101 Firefox/149.0
4	154	9	0	0	29826533	0	0	29799211	0	0	2276257	Mozilla/5.0 (Windows NT 10.0; Win64; x64) AppleWebKit/537.36 (KHTML, like Gecko) Chrome/152.0.0.0 Safari/537.36
4	0	0	0	1	0	0	29797120	0	0	29797120	0	Mozilla/5.0 (X11; Ubuntu; Linux x86_64; rv:121.9) Gecko/20100101 Firefox/121.9; compatible; Bytespider; +https://zhanzhang.toutiao.com/
4	1	0	0	0	29797120	0	0	29797120	0	0	1658	Mozilla/5.0 (X11; Ubuntu; Linux x86_64; rv:133.13) Gecko/20100101 Firefox/133.13; compatible; ClaudeBot/1.0; +claudebot@anthropic.com
4	2	1	0	0	29815374	0	0	29815374	0	0	3316	Mozilla/5.0 (compatible; ips-agent)
4	1180	82	0	20	29832332	0	29794687	29741503	0	29750565	25670150	Mozilla/5.0 (Windows NT 10.0; Win64; x64) AppleWebKit/537.36 (KHTML, like Gecko) HeadlessChrome/146.0.7680.165 Safari/537.36
4	1	1	0	0	29783566	0	0	29783566	0	0	1658	Mozilla/5.0 (Macintosh; Intel Mac OS X 10_15_7) AppleWebKit/537.36 (KHTML, like Gecko) Chrome/129.0.6668.59 Safari/537.36
4	1	1	0	0	29790006	0	0	29790006	0	0	0	FirmableBot/1.0 (+domain-check)
4	4	0	0	0	29748325	0	0	29748324	0	0	6632	Mozilla/5.0 (compatible, MSIE 11, Windows NT 6.3; Trident/7.0; rv:11.0) like Gecko
4	0	0	0	5	0	0	29797120	0	0	29797120	0	Mozilla/5.0 (compatible; Bytespider; +https://zhanzhang.toutiao.com/)
4	37	3	0	2	29788594	0	29788594	29734366	0	29788594	770295	Mozilla/5.0 (X11; Linux x86_64) AppleWebKit/537.36 (KHTML, like Gecko) Chrome/144.0.0.0 Safari/537.36
4	3	0	0	0	29742722	0	0	29742721	0	0	4974	Mozilla/5.0 (Windows NT 6.0; WOW64; Trident/7.0; rv:11.0) like Gecko
4	3	1	0	0	29802824	0	0	29802824	0	0	4974	Mozilla/5.0 (Windows NT 10.0; Win64; x64) AppleWebKit/537.36 (KHTML, like Gecko) Chrome/121.0.0.0 Safari/537.3
4	2	2	0	0	29788594	0	0	29788594	0	0	1658	Mozilla/5.0 AppleWebKit/537.36 (KHTML, like Gecko); compatible; ShapBot/0.1.0
4	1	0	0	0	29767162	0	0	29767162	0	0	66	Mozilla/5.0 (Windows NT 10.0; Win64; x64; rv:102.0) Gecko/20100101 Firefox/102.0
4	1	0	0	1	29801450	0	29768816	29801450	0	29768816	4876	Mozilla/5.0 (X11; Ubuntu; Linux x86_64; x86) AppleWebKit/537.36 (KHTML, like Gecko) Safari/12.0.0.0 Safari/537.36
4	4	4	0	0	29755535	0	0	29745448	0	0	6632	Mozilla/5.0 (Windows NT 10.0; Win64; x64) AppleWebKit/537.36 (KHTML, like Gecko) Chrome/140.0.0.0 Safari/537.36 Edg/140.0.0.0; 360Spider
4	1	0	0	0	29797120	0	0	29797120	0	0	1658	Mozilla/5.0 (Macintosh; Intel Mac OS X 14.5; rv:133.0) Gecko/20100101 Firefox/133.0; compatible; GrokBot/1.0; +https://x.ai/grokbot
4	2	0	0	0	29741755	0	0	29731658	0	0	2101	python-requests/2.32.5
4	4	0	0	0	29801841	0	0	29801829	0	0	5688	Mozilla/5.0 (Windows NT 10.0; Win64; x64) AppleWebKit/537.36 (KHTML, like Gecko) Chrome/120.0 Safari/537.36
4	1	0	0	0	29797120	0	0	29797120	0	0	1658	Mozilla/5.0 (Linux; Android 14; Pixel 8) AppleWebKit/537.36 (KHTML, like Gecko; compatible; ClaudeBot/1.0; +claudebot@anthropic.com) Chrome/124.0.5734.105 Mobile Safari/537.36
4	1	0	0	0	29822060	0	0	29822060	0	0	4876	Mozilla/5.0 (Windows NT 10.0; Win64; x64) AppleWebKit/537.36 (KHTML, like Gecko) Chrome/124.0.0.0 Safari/537.36 Brave/1.65.0
4	3	1	0	0	29786570	0	0	29786570	0	0	4974	TrashHound-Wildcard-Resolver/1
4	1	0	0	0	29786570	0	0	29786570	0	0	1658	Mozilla/5.0 (Macintosh; Intel Mac OS X 10.15; rv:137.0) Gecko/20100101 Firefox/137.0
4	1	1	0	0	29760107	0	0	29760107	0	0	1658	Mozilla/5.0 (Macintosh; Intel Mac OS X 10_8_1 rv:6.0; vi-VN) AppleWebKit/535.6.1 (KHTML, like Gecko) Version/4.1 Safari/535.6.1
4	36	3	0	15	29833009	0	29782720	29730575	0	29725142	52915	Mozilla/5.0 (Windows NT 10.0; Win64; x64) AppleWebKit/537.36 (KHTML, like Gecko) Chrome/116.0.0.0 Safari/537.36
4	4	2	1	0	29812331	29744844	0	29744844	29744844	0	5040	Mozilla/5.0 (Windows NT 10.0; Win64; x64; rv:108.0) Gecko/20100101 Firefox/108.0
4	1027	125	65	94	29830162	29830161	29830162	29779166	29784385	29779166	10013818	Mozilla/5.0 (Windows NT 10.0; Win64; x64) AppleWebKit/537.36 (KHTML, like Gecko) Chrome/151.0.0.0 Safari/537.36
4	1	1	0	0	29801300	0	0	29801300	0	0	1658	Mozilla/5.0 (Macintosh; Intel Mac OS X 10.15; rv:141.0) Gecko/20100101 Firefox/141.0
4	1	1	0	0	29801995	0	0	29801995	0	0	1658	Mozilla/5.0 (X11; Ubuntu; Linux x86_64; rv:52.0) Gecko/20100101 Firefox/52.0
4	8	4	0	0	29832741	0	0	29745728	0	0	13264	Mozilla/5.0 (iPhone; CPU iPhone OS 17_3_1 like Mac OS X) AppleWebKit/605.1.15 (KHTML, like Gecko) Version/17.3.1 Mobile/15E148 Safari/604
4	0	0	0	1	0	0	29761215	0	0	29761215	0	Mozilla/5.0 (Macintosh; Intel Mac OS X 14_3_1) AppleWebKit/605.1.15 (KHTML, like Gecko) Version/17.3.1 Safari/605.1.15
4	164	21	0	11	29829709	0	29801588	29730326	0	29725144	218865	Mozilla/5.0 (compatible; Googlebot/2.1; +http://www.google.com/bot.html)
4	1	0	0	0	29832627	0	0	29832627	0	0	66	Mozilla/5.0 (X11; Linux x86_64; rv:102.0) Gecko/20100101 Firefox/102.0
4	1	0	0	0	29797120	0	0	29797120	0	0	1658	Mozilla/5.0 (Windows NT 10.0; Win64; x64; rv:128.3) Gecko/20100101 Firefox/128.3; compatible; ChatGPT-User/1.0; +https://openai.com/bot
4	0	0	0	1	0	0	29797120	0	0	29797120	0	Mozilla/5.0 (X11; Ubuntu; Linux x86_64) AppleWebKit/537.36 (KHTML, like Gecko) Chrome/136.0.5378.183 Safari/537.36; compatible; Claude-SearchBot/1.0; +https://www.anthropic.com/claude-searchbot
4	53	2	0	3	29731415	0	29729560	29730326	0	29726550	1530232	Mozilla/5.0 (Linux; Android 6.0.1; Nexus 5X Build/MMB29P) AppleWebKit/537.36 (KHTML, like Gecko) Chrome/150.0.7871.46 Mobile Safari/537.36 (compatible; Googlebot/2.1; +http://www.google.com/bot.html)
4	0	0	0	1	0	0	29749800	0	0	29749800	0	Mozilla/5.0 (Macintosh; Intel Mac OS X 10_15_7; arm64) AppleWebKit/537.36 (KHTML, like Gecko) Firefox/90.0.0.0 Safari/537.36
4	0	0	0	1	0	0	29797120	0	0	29797120	0	Mozilla/5.0 (Linux; Android 15; SM-S918B) AppleWebKit/537.36 (KHTML, like Gecko) Chrome/118.0.1927.62 Mobile Safari/537.36; compatible; Amzn-SearchBot/1.0; +https://developer.amazon.com/support/amazonbot
4	2	2	0	0	29733769	0	0	29730884	0	0	1321	Mozilla/5.0 (X11; Linux x86_64; rv:105.0) Gecko/20100101 Firefox/105.0
4	0	0	0	1	0	0	29779230	0	0	29779230	0	Mozilla/5.0 (Linux; Android 10; x86) AppleWebKit/537.36 (KHTML, like Gecko) Edge/100.0.0.0 Safari/537.36
4	0	0	0	1	0	0	29735345	0	0	29735345	0	Mozilla/5.0 (Macintosh; Intel Mac OS X 10.15; rv:135.0) Gecko/20100101 Firefox/144.0
4	47	1	0	1	29783952	0	29783952	29783952	0	29783952	558839	Mozilla/5.0 (Linux; Android 10; K) AppleWebKit/537.36 (KHTML, like Gecko) Chrome/152.0.0.0 Mobile Safari/537.36 EdgA/152.0.0.0
4	1	0	0	0	29797120	0	0	29797120	0	0	1658	Mozilla/5.0 (X11; Linux x86_64) AppleWebKit/537.36 (KHTML, like Gecko) Chrome/151.0.1505.29 Safari/537.36; compatible; ChatGPT-User/1.0; +https://openai.com/bot
4	26	0	0	0	29747280	0	0	29747280	0	0	579155	Mozilla/5.0 AppleWebKit/537.36 (KHTML, like Gecko; compatible; Googlebot/2.1; +http://www.google.com/bot.html) Chrome/149.0.7827.200 Safari/537.36
4	14	5	0	1	29755473	0	29755473	29747280	0	29755473	984476	Mozilla/5.0 (Linux; Android 6.0.1; Nexus 5X Build/MMB29P) AppleWebKit/537.36 (KHTML, like Gecko) Chrome/150.0.7871.128 Mobile Safari/537.36 (compatible; Googlebot/2.1; +http://www.google.com/bot.html)
4	1	1	0	0	29804008	0	0	29804008	0	0	1658	Mozilla/5.0 (Macintosh; Intel Mac OS X 10_15_7) AppleWebKit/537.36
4	3	0	0	0	29797120	0	0	29797120	0	0	4974	Mozilla/5.0 (compatible; GrokBot/1.0; +https://x.ai/grokbot)
4	23	3	0	17	29819507	0	29787229	29730581	0	29725141	34000	Mozilla/5.0 (Macintosh; Intel Mac OS X 10_15_7) AppleWebKit/537.36 (KHTML, like Gecko) Chrome/119.0.0.0 Safari/537.36
4	34	5	0	11	29830738	0	29787229	29730577	0	29725176	40162	Mozilla/5.0 (Macintosh; Intel Mac OS X 10_15_7) AppleWebKit/537.36 (KHTML, like Gecko) Chrome/120.0.0.0 Safari/537.36
4	2	0	0	0	29775660	0	0	29742775	0	0	9752	Jetpack by WordPress.com (Jetpack 12.1; WordPress 6.4)
4	0	0	7	16	0	29769221	29769221	0	29769219	29769219	0	Mozilla/5.0 (compatible)
4	1	1	0	0	29736649	0	0	29736649	0	0	1658	Mozilla/5.0 (X11; Linux x86_64; rv:108.0) Gecko/20100101 Firefox/108.0
4	4	3	0	0	29779821	0	0	29735893	0	0	6170	Mozilla/5.0 (Windows NT 10.0; Win64; x64) AppleWebKit/537.36 (KHTML, like Gecko) Chrome/115.0.0.0 Safari/537.36
4	3	0	0	0	29742611	0	0	29742611	0	0	4974	Mozilla/4.0 (compatible; MSIE 7.0; Windows NT 6.2; WOW64; Trident/7.0; .NET4.0C; .NET4.0E; Tablet PC 2.0)
4	394	63	0	7	29798796	0	29729966	29730289	0	29725158	7437313	Mozilla/5.0 (Windows NT 10.0; Win64; x64) AppleWebKit/537.36 (KHTML, like Gecko) Chrome/149.0.0.0 Safari/537.36
4	1261	85	7	66	29775658	29775658	29775657	29734365	29757664	29736001	12518939	Mozilla/5.0 (Windows NT 10.0; Win64; x64) AppleWebKit/537.36 (KHTML, like Gecko) Chrome/150.0.0.0 Safari/537.36
4	4	0	0	0	29797120	0	0	29797120	0	0	6632	Mozilla/5.0 AppleWebKit/537.36 (KHTML, like Gecko; compatible; TelegramBot/1.0)
4	24	0	0	3	29820638	0	29809735	29740507	0	29782343	39792	Mozilla/5.0 (Macintosh; Intel Mac OS X 10.15; rv:77.0) Gecko/20100101 Firefox/77.0
4	0	0	0	1	0	0	29797120	0	0	29797120	0	Mozilla/5.0 AppleWebKit/537.36 (KHTML, like Gecko; compatible; meta-externalagent/1.1; +https://developers.facebook.com/docs/sharing/webmasters/crawler)
4	4	4	0	0	29812934	0	0	29763908	0	0	6632	RecordedFuture Global Inventory Crawler
4	43	6	0	3	29769457	0	29769457	29768401	0	29768401	755105	Mozilla/5.0 (X11; Linux x86_64) AppleWebKit/537.36 (KHTML, like Gecko) HeadlessChrome/151.0.0.0 Safari/537.36
4	70	35	0	6	29831103	0	29730258	29733193	0	29728295	58663	Mozilla/5.0 (X11; Linux x86_64) AppleWebKit/537.36 (KHTML, like Gecko) Chrome/142.0.0.0 Safari/537.36
4	11	0	0	2	29801735	0	29801735	29734557	0	29734557	7628	Mozilla/5.0 (Macintosh; Intel Mac OS X 14_5) AppleWebKit/605.1.15 (KHTML, like Gecko) Version/18.4 Safari/605.1.15
4	137	12	0	0	29747311	0	0	29736013	0	0	3288339	Mozilla/5.0 (iPad; CPU OS 26_5_0 like Mac OS X) AppleWebKit/605.1.15 (KHTML, like Gecko) CriOS/149.0.7827.45 Mobile/15E148 Safari/604.1
4	0	0	0	1	0	0	29830033	0	0	29830033	0	Mozilla/5.0 (X11; Ubuntu; Linux x86_64; rv:62.0) Gecko/20100101 Firefox/62.0
4	1	1	0	0	29786570	0	0	29786570	0	0	1658	Mozilla/5.0 (Windows NT 10.0; Win64; x64) AppleWebKit/537.36 (KHTML, like Gecko) Chrome/135.0.0.0 Safari/537.36 Edg/135.0.0.0
4	1	1	0	0	29737398	0	0	29737398	0	0	1658	Mozilla/5.0 (Macintosh; Intel Mac OS X 8_0_2) AppleWebKit/586.55 (KHTML, like Gecko) Chrome/75.0.1370 Safari/537.36
4	32	2	0	24	29830410	0	29829092	29732141	0	29747490	49417	Mozilla/5.0
4	1	0	0	0	29749091	0	0	29749091	0	0	25338	Mozilla/5.0 (X11; CrOS x86_64 14816.131.0) AppleWebKit/537.36 (KHTML, like Gecko) Chrome/103.0.0.0 Safari/537.36
4	3	0	0	0	29797992	0	0	29797991	0	0	4974	Mozilla/5.0 (Macintosh; Intel Mac OS X 10_10_5) AppleWebKit/602.1.50 (KHTML, like Gecko) Version/10.0 Safari/602.1.50
4	1	1	0	0	29730287	0	0	29730287	0	0	443	Mozilla/5.0 (Windows NT 10.0; Win64; x64; rv:125.0) Gecko/20100101 Firefox/125.0
4	5	0	0	0	29755897	0	0	29755676	0	0	8290	Mozilla/5.0 (Windows NT 10.0; WOW64; Trident/7.0; MALNJS; rv:11.0) like Gecko
4	2	0	0	0	29735893	0	0	29735893	0	0	2392	Mozilla/5.0 (iPad; CPU OS 16_4 like Mac OS X) AppleWebKit/605.1.15 (KHTML, like Gecko) Version/16.4 Mobile/15E148 Safari/604.1
4	3	0	0	0	29770188	0	0	29770188	0	0	4974	Mozilla/5.0 (compatible; MSIE 10.0; Windows NT 6.2; Trident/7.0)
4	2	0	0	0	29731416	0	0	29731416	0	0	298	Mozilla/5.0 (Linux; Android 10; K) AppleWebKit/537.36 (KHTML, like Gecko) Chrome/144.0.0.0 Mobile Safari/537.36
4	14	0	0	0	29755949	0	0	29755667	0	0	23212	Mozilla/5.0 (Windows NT 6.1; Win64; x64) AppleWebKit/537.36 (KHTML, like Gecko) Chrome/65.0.3325.181 Safari/537.36
4	3	0	0	1	29797120	0	29797120	29797120	0	29797120	4974	Mozilla/5.0 AppleWebKit/537.36 (KHTML, like Gecko; compatible; Claude-User/1.0; +Claude-User@anthropic.com)
4	1	1	0	7	29796378	0	29751857	29796378	0	29751857	1422	Mozilla/5.0 (Windows NT 10.0; Win64; x64; rv:128.0) Gecko/20100101 Firefox/128.0
4	7	0	0	4	29743877	0	29743877	29743877	0	29743877	11606	Mozilla/5.0 (compatible; cohere-ai/1.0; +https://cohere.com)
4	9	1	0	0	29826520	0	0	29826520	0	0	12798	Mozilla/5.0 (compatible; eManagerBot/1.0)
4	0	0	0	1	0	0	29797120	0	0	29797120	0	Mozilla/5.0 (Windows NT 11.0; Win64; x64) AppleWebKit/537.36 (KHTML, like Gecko; compatible; Slackbot-LinkExpanding/1.0; +https://api.slack.com/robots) Chrome/148.0.759.126 Safari/537.36
4	29	8	0	19	29810138	0	29784486	29731483	0	29725141	40684	Mozilla/5.0 (Windows NT 10.0; Win64; x64) AppleWebKit/537.36 (KHTML, like Gecko) Chrome/100.0.4896.75 Safari/537.36
4	0	0	0	1	0	0	29797120	0	0	29797120	0	Mozilla/5.0 (Macintosh; Intel Mac OS X 14_5) AppleWebKit/605.1.15 (KHTML, like Gecko; compatible; GPTBot/1.4; +https://openai.com/gptbot) Version/16.6 Safari/605.1.15
4	0	0	0	1	0	0	29784404	0	0	29784404	0	Mozilla/5.0 (Ubuntu; Linux i686) AppleWebKit/537.36 (KHTML, like Gecko) Chrome/134.0.0.0 Safari/537.36
4	30	2	0	0	29823454	0	0	29823454	0	0	545116	Mozilla/5.0 AppleWebKit/537.36 (KHTML, like Gecko; compatible; Reflectionbot/1.0; +https://reflection.ai/bot) Chrome/151.0.0.0 Safari/537.36
4	1	0	0	0	29797120	0	0	29797120	0	0	1658	Mozilla/5.0 (Macintosh; Intel Mac OS X 14_5) AppleWebKit/537.36 (KHTML, like Gecko) Chrome/109.0.2049.221 Safari/537.36; compatible; LinkedInBot/1.0; +http://www.linkedin.com
4	1	1	0	0	29753557	0	0	29753557	0	0	1658	Mozilla/5.0 (Windows NT 10.0; Win64; x64) AppleWebKit/537.36 (KHTML, like Gecko) Chrome/114.0.0.0 Safari/537.36
4	37	1	0	7	29832749	0	29832749	29750632	0	29832749	7509433	Mozilla/5.0 (iPhone; CPU iPhone OS 18_4 like Mac OS X) AppleWebKit/605.1.15 (KHTML, like Gecko) Version/18.4 Mobile/15E148 Safari/604.1
4	2	2	0	0	29748991	0	0	29748394	0	0	3316	Mozilla/5.0 (compatible; wp2shell-checker/1.0)
4	6	4	0	1	29768400	0	29729653	29738198	0	29729653	685644	Mozilla/5.0 (Windows NT 10.0; Win64; x64) AppleWebKit/537.36 (KHTML, like Gecko) Chrome/148.0.0.0 Safari/537.36
4	22	1	0	0	29822957	0	0	29822954	0	0	578769	Mozilla/5.0 (Linux; Android 6.0.1; Nexus 5X Build/MMB29P) AppleWebKit/537.36 (KHTML, like Gecko) Chrome/152.0.7977.82 Mobile Safari/537.36 (compatible; Googlebot/2.1; +http://www.google.com/bot.html)
4	6	0	0	1	29788983	0	29788983	29788983	0	29788983	481345	Mozilla/5.0 AppleWebKit/537.36 (KHTML, like Gecko; compatible; Googlebot/2.1; +http://www.google.com/bot.html) Chrome/151.0.7922.137 Safari/537.36
4	1	0	0	0	29797120	0	0	29797120	0	0	593979	Mozilla/5.0 (Windows NT 10.0; Win64; x64; rv:132.0) Gecko/20100101 Firefox/132.0
4	0	0	0	1	0	0	29797120	0	0	29797120	0	Mozilla/5.0 (compatible; Claude-User/1.0; +Claude-User@anthropic.com)
4	29	1	0	1	29760798	0	29760798	29760798	0	29760798	804114	Mozilla/5.0 (Windows NT 10.0; Win64; x64) AppleWebKit/537.36 (KHTML, like Gecko) Chrome/127.0.0.0 Safari/537.36 OPR/113.0.0.0
4	1	0	0	0	29760107	0	0	29760107	0	0	1658	Mozilla/5.0 (CentOS; Linux x86_64) AppleWebKit/537.36 (KHTML, like Gecko) Chrome/132.0.0.0 Safari/537.36
4	0	0	0	1	0	0	29728495	0	0	29728495	0	Mozilla/5.0 (X11; Ubuntu; Linux x86_64; x64) AppleWebKit/537.36 (KHTML, like Gecko) Chrome/113.0.0.0 Safari/537.36
4	1	0	1	0	29800102	29800102	0	29800102	29800102	0	1422	Mozilla/5.0 (Macintosh; Intel Mac OS X 13_6_1; rv:118.0) Gecko/20100101 Firefox/118.0
4	33	2	0	2	29769466	0	29749091	29749091	0	29749091	287582	Mozilla/5.0 (X11; Linux x86_64) AppleWebKit/537.36 (KHTML, like Gecko) HeadlessChrome/149.0.0.0 Safari/537.36
4	3	3	0	0	29822732	0	0	29734183	0	0	0	python-requests/2.31.0
4	1	1	0	0	29807378	0	0	29807378	0	0	1658	Mozilla/5.0 (compatible; webatlabot/1.0; +https://webatla.com/bot; abuse@webatla.com)
4	2	1	0	0	29786570	0	0	29786570	0	0	1658	Mozilla/5.0 (Macintosh; Intel Mac OS X 10_9_2) AppleWebKit/537.36 (KHTML, like Gecko) Chrome/33.0.1750.152 Safari/537.36
4	0	0	0	3	0	0	29743877	0	0	29743877	0	Mozilla/5.0 (compatible; Bytespider; spider-feedback@bytedance.com)
4	1	1	0	1	29794032	0	29729450	29794032	0	29729450	1658	Mozilla/5.0 (X11; Linux x86_64; rv:125.0) Gecko/20100101 Firefox/125.0
4	36	2	2	57	29812612	29812612	29812612	29805563	29810294	29805563	175536	crusader-worker/1.0
4	1	0	0	0	29797120	0	0	29797120	0	0	1658	Mozilla/5.0 (X11; Linux x86_64) AppleWebKit/537.36 (KHTML, like Gecko) Chrome/91.0.5938.64 Safari/537.36; compatible; Claude-SearchBot/1.0; +https://www.anthropic.com/claude-searchbot
4	1	1	0	0	29787883	0	0	29787883	0	0	4876	Mozilla/5.0 (compatible; CT-WP-Probe/1.2)
4	1	1	0	0	29786727	0	0	29786727	0	0	1658	Mozilla/5.0 (Linux; Android 13; SM-N981N Build/TP1A.220624.014;) AppleWebKit/537.36 (KHTML, like Gecko) Version/4.0 Chrome/150.0.7871.181 Mobile Safari/537.36 Zalo android/260701901 ZaloTheme/dark ZaloLanguage/vi
4	1	0	0	0	29790804	0	0	29790804	0	0	4876	Mozilla/5.0 (Windows NT 10.0; x86) AppleWebKit/537.36 (KHTML, like Gecko) Opera/61.0.0.0 Safari/537.36
4	0	0	0	6	0	0	29812009	0	0	29729631	0	Mozilla/5.0 AppleWebKit/537.36 (KHTML, like Gecko; compatible; Amazonbot/0.1; +https://developer.amazon.com/support/amazonbot) Chrome/119.0.6045.214 Safari/537.36
4	2	0	0	0	29768813	0	0	29755185	0	0	9752	WordPress.com; https://wordpress.com
4	1	0	0	0	29827049	0	0	29827049	0	0	4876	Mozilla/5.0 (Windows NT 6.3; arm64) AppleWebKit/537.36 (KHTML, like Gecko) Edge/84.0.0.0 Safari/537.36
4	0	0	0	1	0	0	29797120	0	0	29797120	0	Mozilla/5.0 (Macintosh; Intel Mac OS X 10_15_7) AppleWebKit/537.36 (KHTML, like Gecko; compatible; Google-Extended/1.0; +http://www.google.com/bot.html) Chrome/151.0.3267.136 Safari/537.36 Edg/151.0.3267.136
4	1	1	0	0	29787065	0	0	29787065	0	0	1658	Mozilla/5.0 (iPhone; CPU iPhone OS 18_7 like Mac OS X) AppleWebKit/605.1.15 (KHTML, like Gecko) Version/18.7.5 Mobile/15E148 Safari/604.1
4	0	0	0	1	0	0	29797120	0	0	29797120	0	Mozilla/5.0 (Macintosh; Intel Mac OS X 14_6_1) AppleWebKit/537.36 (KHTML, like Gecko; compatible; GPTBot/1.2; +https://openai.com/gptbot) Chrome/118.0.7999.71 Safari/537.36 Edg/118.0.7999.71
4	0	0	0	1	0	0	29760107	0	0	29760107	0	Mozilla/5.0 (Macintosh; Intel Mac OS X 10_15_5) AppleWebKit/605.1.15 (KHTML, like Gecko) Version/13.1.1 Safari/605.1.15
4	3	3	0	0	29755113	0	0	29738118	0	0	4974	Mozilla/5.0 (Windows NT 6.1; Win64; x64) AppleWebKit/537.36 (KHTML, like Gecko)Chrome/74.0.3729.169 Safari/537.36
4	3	3	0	0	29822089	0	0	29792987	0	0	4974	Mozilla/5.0 (Macintosh; Intel Mac OS X 10_15_7) AppleWebKit/605.1.15 (KHTML, like Gecko) Chrome/139.0.0.0 Safari/605.1.15
4	1	0	0	0	29797120	0	0	29797120	0	0	1658	Mozilla/5.0 (Windows NT 10.0; Win64; x64; rv:78.16) Gecko/20100101 Firefox/78.16; compatible; TelegramBot/1.0
4	0	0	0	1	0	0	29726091	0	0	29726091	0	Mozilla/5.0 (Macintosh; Intel Mac OS X 14_0) AppleWebKit/605.1.15 (KHTML, like Gecko) Version/17.0 Safari/605.1.15
4	15	1	0	11	29801735	0	29801735	29734556	0	29734557	19608	Mozilla/5.0 AppleWebKit/537.36 (KHTML, like Gecko; compatible; ChatGPT-User/1.0; +https://openai.com/bot)
4	2	2	0	0	29821682	0	0	29821682	0	0	3316	Mozilla/5.0 (Macintosh; Intel Mac OS X 14_6_1) AppleWebKit/537.36 (KHTML, like Gecko) Chrome/128.0.0.0 Safari/537.36 OPR/114.0.0.0
4	1	0	0	0	29741423	0	0	29741423	0	0	4876	Mozilla/5.0 (X11; Ubuntu; Linux x86_64; x86) AppleWebKit/537.36 (KHTML, like Gecko) Opera/63.0.0.0 Safari/537.36
4	0	0	0	60	0	0	29725450	0	0	29725449	0	Mozilla/5.0 (l9scan/2.0.8343e22383e22313e29343; +https://leakix.net)
4	1	0	0	0	29820946	0	0	29820946	0	0	4876	Mozilla/5.0 (Windows NT 6.2; x86) AppleWebKit/537.36 (KHTML, like Gecko) Safari/15.0.0.0 Safari/537.36
4	1	0	0	0	29806578	0	0	29806578	0	0	4876	Mozilla/5.0 (Windows NT 10.0; x64) AppleWebKit/537.36 (KHTML, like Gecko) Opera/71.0.0.0 Safari/537.36
4	1	1	0	0	29801995	0	0	29801995	0	0	1658	Mozilla/5.0 (Ubuntu; Linux i686) AppleWebKit/537.36 (KHTML, like Gecko) Chrome/133.0.0.0 Safari/537.36
4	7	6	1	2	29833176	29799440	29725666	29769781	29799440	29725666	11606	Mozilla/5.0 (iPhone; CPU iPhone OS 17_5 like Mac OS X) AppleWebKit/605.1.15 (KHTML, like Gecko) Version/17.5 Mobile/15E148 Safari/604.1
4	1	0	0	0	29789694	0	0	29789694	0	0	1658	Mozilla/5.0 (iPhone; CPU iPhone OS 17_0 like Mac OS X) AppleWebKit/605.1.15 (KHTML, like Gecko) Version/17.0 Mobile/15E148 Safari/604.1
4	7	2	0	3	29793177	0	29742054	29730892	0	29730892	3487705	Mozilla/5.0 (Windows NT 10.0; Win64; x64) AppleWebKit/537.36 (KHTML, like Gecko) Chrome/147.0.0.0 Safari/537.36
4	1	0	0	0	29797120	0	0	29797120	0	0	1658	Mozilla/5.0 (Windows NT 10.0; Win64; x64) AppleWebKit/537.36 (KHTML, like Gecko; compatible; GrokBot/1.0; +https://x.ai/grokbot) Chrome/85.0.3323.124 Safari/537.36
4	0	0	0	1	0	0	29777153	0	0	29777153	0	Mozilla/5.0 (Linux; Android 10; arm64) AppleWebKit/537.36 (KHTML, like Gecko) Firefox/94.0.0.0 Safari/537.36
4	2	2	7	1	29772342	29772343	29772342	29772342	29772342	29772342	3316	Mozilla/5.0 (Macintosh; Intel Mac OS X 14_2) AppleWebKit/605.1.15 (KHTML, like Gecko) Version/17.2 Safari/605.1.15
4	6	6	0	0	29830737	0	0	29738578	0	0	9948	Mozilla/5.0 (X11; Linux x86_64) AppleWebKit/537.36 (KHTML, like Gecko) Chrome/105.0.0.0 Safari/537.36
4	10	0	0	0	29747280	0	0	29747280	0	0	7960	Mozilla/5.0 (Linux; Android 6.0.1; Nexus 5X Build/MMB29P) AppleWebKit/537.36 (KHTML, like Gecko) Chrome/149.0.7827.200 Mobile Safari/537.36 (compatible; Googlebot/2.1; +http://www.google.com/bot.html)
4	0	0	0	1	0	0	29725132	0	0	29725132	0	Mozilla/5.0 (compatible; LeadForge/1.0; +mailto:opt-out@newsitelead.com)
4	1	0	0	0	29797120	0	0	29797120	0	0	1658	Mozilla/5.0 (iPhone; CPU iPhone OS 17_5 like Mac OS X) AppleWebKit/605.1.15 (KHTML, like Gecko; compatible; Twitterbot/1.0) Version/16.4 Mobile/15E148 Safari/604.1
4	0	0	0	1	0	0	29759549	0	0	29759549	0	Mozilla/5.0 (Linux; Android 10; x64) AppleWebKit/537.36 (KHTML, like Gecko) Firefox/94.0.0.0 Safari/537.36
4	1	0	0	0	29797120	0	0	29797120	0	0	1658	Mozilla/5.0 (iPhone; CPU iPhone OS 18_4 like Mac OS X) AppleWebKit/537.36 (KHTML, like Gecko) Chrome/136.0.1610.170 Mobile Safari/537.36; compatible; ChatGPT-User/1.0; +https://openai.com/bot
4	1	0	0	0	29787524	0	0	29787524	0	0	4876	Jetpack/12.5; WordPress/6.4; http://site84900496.com
4	1	1	0	0	29786933	0	0	29786933	0	0	1658	Mozilla/5.0 (Windows NT 10.0; Win64; x64; rv:79.0) Gecko/20100101 Firefox/79.0
4	1	0	0	0	29818244	0	0	29818244	0	0	1422	Mozilla/5.0 (Windows NT 11.0; Win64; x64) AppleWebKit/537.36 (KHTML, like Gecko) Chrome/119.0.0.0 Safari/537.36
4	3	3	0	0	29809627	0	0	29734773	0	0	4512	Mozilla/5.0 (iPhone; CPU iPhone OS 16_3 like Mac OS X) AppleWebKit/605.1.15 (KHTML, like Gecko) CriOS/122.0.6261.89 Mobile/15E148 Safari/604
4	2	1	0	0	29806611	0	0	29806611	0	0	3316	Mozilla/5.0 (Windows NT 10.0; Win64; x64; rv:109.0) Gecko/20100101 Firefox/117.0
4	1	0	0	0	29797120	0	0	29797120	0	0	1658	Mozilla/5.0 (Linux; Android 13; Pixel 7) AppleWebKit/537.36 (KHTML, like Gecko; compatible; Claude-User/1.0; +https://www.anthropic.com/claude-user) Chrome/131.0.6211.189 Mobile Safari/537.36
4	1	1	0	0	29788778	0	0	29788778	0	0	1658	Mozilla/5.0 (Linux; Android 10; K) AppleWebKit/537.36 (KHTML, like Gecko) SamsungBrowser/30.0 Chrome/143.0.0.0 Mobile Safari/537.36
4	0	0	0	8	0	0	29823951	0	0	29727304	0	Mozilla/5.0 (compatible; GitFinder/1.0)
4	1	1	0	0	29793561	0	0	29793561	0	0	1658	Mozilla/5.0 (Macintosh; Intel Mac OS X 14_5) AppleWebKit/605.1.15 (KHTML, like Gecko) Version/17.5 Safari/605.1.15
4	0	0	0	1	0	0	29827015	0	0	29827015	0	Mozilla/5.0 (Macintosh; Intel Mac OS X 10_15_7) AppleWebKit/605.1.15 (KHTML, like Gecko) Version/17.8 Safari/605.1.15
4	0	0	0	1	0	0	29797120	0	0	29797120	0	Mozilla/5.0 (X11; Ubuntu; Linux x86_64; rv:133.2) Gecko/20100101 Firefox/133.2; compatible; facebookexternalhit/1.1; +http://www.facebook.com/externalhit_uatext.php
4	0	0	0	1	0	0	29797120	0	0	29797120	0	Mozilla/5.0 (Macintosh; Intel Mac OS X 10_15_7) AppleWebKit/537.36 (KHTML, like Gecko) Chrome/85.0.2933.196 Safari/537.36; compatible; Perplexity-User/1.0; +https://perplexity.ai/perplexity-user
4	0	0	0	1	0	0	29790977	0	0	29790977	0	Mozilla/5.0 (Windows NT 10.0; WOW64) AppleWebKit/537.36 (KHTML, like Gecko) Chrome/71.0.3578.80 Safari/537.36
4	1	1	0	0	29790418	0	0	29790418	0	0	1658	Mozilla/5.0 (CentOS; Linux i686) AppleWebKit/537.36 (KHTML, like Gecko) Chrome/135.0.0.0 Safari/537.36
4	1	0	0	0	29797120	0	0	29797120	0	0	1658	Mozilla/5.0 (X11; Ubuntu; Linux x86_64; rv:133.0) Gecko/20100101 Firefox/133.0; compatible; Perplexity-User/1.0; +https://perplexity.ai/perplexity-user
4	1	0	0	0	29786570	0	0	29786570	0	0	1658	Mozilla/5.0 (Macintosh; Intel Mac OS X 10_15_7) AppleWebKit/537.36 (KHTML, like Gecko) Chrome/116.0.0.0 Safari/537.36
4	2	2	0	0	29790431	0	0	29790423	0	0	2844	Mozilla/5.0 (Macintosh; Intel Mac OS X 10_15_7) AppleWebKit/537.36 (KHTML, like Gecko) Chrome/151.0.0.0 Safari/537.36
4	1	0	0	0	29743877	0	0	29743877	0	0	1658	Mozilla/5.0 (Windows NT 10.0; Win64; x64; rv:152.0) Gecko/20100101 Firefox/152.0
4	1	1	0	1	29732720	0	29726091	29732720	0	29726091	443	Mozilla/5.0 (Windows NT 10.0; Win64; x64) AppleWebKit/537.36 (KHTML, like Gecko) Edg/121.0.0.0 Safari/537.36
4	25	5	0	29	29799851	0	29818934	29730576	0	29725141	32774	Mozilla/5.0 (Macintosh; Intel Mac OS X 10_15_7) AppleWebKit/605.1.15 (KHTML, like Gecko) Version/17.0 Safari/605.1.15
4	1	0	0	0	29754931	0	0	29754931	0	0	66	Mozilla/5.0 (Windows NT 10.0; Win64; x64) AppleWebKit/537.36 (KHTML, like Gecko) Chrome/112.0.0.0 Safari/537.36
4	29	14	0	3	29821619	0	29727492	29725629	0	29725628	24202	Mozilla/5.0 (X11; Linux x86_64; rv:142.0) Gecko/20100101 Firefox/142.0
4	6	0	0	0	29796354	0	0	29796354	0	0	9948	AgentTrustBot/1.0 (+https://agenttru.st/crawler; purpose=AI Agent Discovery; contact=admin@agenttru.st)
4	87	15	0	8	29807704	0	29807118	29734366	0	29773148	2870382	Mozilla/5.0 (Windows NT 10.0; Win64; x64) AppleWebKit/537.36 (KHTML, like Gecko) Chrome/146.0.0.0 Safari/537.36
4	1	1	0	0	29790606	0	0	29790606	0	0	1422	Mozilla/5.0 (Windows NT 10.0; Win64; x64) AppleWebKit/537.36 (KHTML, like Gecko) Chrome/121.0.0.0 Safari/537.36 Edg/121.0.0.0
4	10	3	0	2	29825334	0	29728084	29750838	0	29728084	16580	Mozilla/5.0 (compatible; wpbot/1.4; +https://forms.gle/ajBaxygz9jSR8p8G9)
4	0	0	0	1	0	0	29797120	0	0	29797120	0	Mozilla/5.0 (X11; Linux x86_64; rv:143.17) Gecko/20100101 Firefox/143.17; compatible; Amzn-SearchBot/1.0; +https://developer.amazon.com/support/amazonbot
4	1	0	0	0	29760107	0	0	29760107	0	0	1658	Mozilla/5.0 (X11; Linux i686) AppleWebKit/537.36 (KHTML, like Gecko) Chrome/134.0.0.0 Safari/537.36
4	1	0	0	0	29797120	0	0	29797120	0	0	1658	Mozilla/5.0 (Macintosh; Intel Mac OS X 14_5) AppleWebKit/537.36 (KHTML, like Gecko) Chrome/114.0.8102.90 Safari/537.36; compatible; Applebot/0.1; +http://www.apple.com/go/applebot
4	1	0	0	0	29797120	0	0	29797120	0	0	1658	Mozilla/5.0 (Linux; Android 13; Pixel 7) AppleWebKit/537.36 (KHTML, like Gecko) Chrome/85.0.430.17 Mobile Safari/537.36; compatible; ChatGPT-User/1.0; +https://openai.com/bot
4	2	2	0	0	29793818	0	0	29776648	0	0	3316	Mozilla/5.0 (X11; Linux x86_64) AppleWebKit/537.36 (KHTML, like Gecko) Chrome/138.0.0.0 Safari/537.36
4	3	2	0	0	29797181	0	0	29773479	0	0	4974	Mozilla/5.0 (compatible; getdomaindata/1.0; +https://getdomaindata.com/bot)
4	1	0	0	0	29814963	0	0	29814963	0	0	470118	Mozilla/5.0 (Windows NT 10.0; Win64; x64) AppleWebKit/537.36 (KHTML, like Gecko) Chrome/131.0.0.0 Safari/537.36 OPR/117.0.0.0
4	1	0	0	0	29797120	0	0	29797120	0	0	1658	Mozilla/5.0 (Macintosh; Intel Mac OS X 14_5) AppleWebKit/537.36 (KHTML, like Gecko) Chrome/114.0.6267.104 Safari/537.36 Edg/114.0.6267.104; compatible; TelegramBot/1.0
4	0	0	0	4	0	0	29729261	0	0	29729252	0	Mozilla/5.0 (Windows NT 10.0; Win64; x64) AppleWebKit/537.36 (KHTML, like Gecko) Chrome/117.0.5938.132 Safari/537.36
4	11	0	0	1	29815764	0	29729969	29730326	0	29729969	726	Googlebot-Image/1.0
4	5	5	0	1	29799985	0	29729451	29732327	0	29729451	6151	Mozilla/5.0 (X11; Linux x86_64) AppleWebKit/537.36 (KHTML, like Gecko) Chrome/108.0.5359.124 Safari/537.36
4	1	1	0	0	29741866	0	0	29741866	0	0	1658	Mozilla/5.0 (Windows NT 6.2; WOW64) AppleWebKit/537.36 (KHTML, like Gecko) Chrome/30.0.1599.17 Safari/537.36
4	0	0	0	1	0	0	29797120	0	0	29797120	0	Mozilla/5.0 (Macintosh; Intel Mac OS X 14_5) AppleWebKit/537.36 (KHTML, like Gecko; compatible; LinkedInBot/1.0; +http://www.linkedin.com) Chrome/91.0.7733.115 Safari/537.36 Edg/91.0.7733.115
4	1	0	0	0	29797120	0	0	29797120	0	0	1658	Mozilla/5.0 (Macintosh; Intel Mac OS X 14_6_1) AppleWebKit/537.36 (KHTML, like Gecko; compatible; WhatsApp/10.0.2.1) Chrome/130.0.4087.72 Safari/537.36
4	1	1	0	0	29734366	0	0	29734366	0	0	702	Mozilla/5.0 (X11; Linux x86_64; rv:148.0) Gecko/20100101 Firefox/148.0
4	1	1	0	0	29751357	0	0	29751357	0	0	1658	Mozilla/5.0 (Linux; Android 12; SAMSUNG SM-A415F) AppleWebKit/537.36 (KHTML, like Gecko) SamsungBrowser/23.0 Chrome/115.0.0.0 Mobile Safari/537.3
4	0	0	0	1	0	0	29783790	0	0	29783790	0	Mozilla/5.0 (Linux; Android 10; x86) AppleWebKit/537.36 (KHTML, like Gecko) Opera/66.0.0.0 Safari/537.36
4	1	1	0	0	29746341	0	0	29746341	0	0	1658	Mozilla/5.0 (Macintosh; Intel Mac OS X 10_15_6) AppleWebKit/605.1.15 (KHTML, like Gecko) Version/15.6 Safari/605.1.15
4	0	0	0	2	0	0	29797120	0	0	29797120	0	Mozilla/5.0 AppleWebKit/537.36 (KHTML, like Gecko); compatible; Amazonbot/0.1; +https://developer.amazon.com/support/amazonbot
4	1	0	0	0	29760107	0	0	29760107	0	0	1658	Mozilla/5.0 (X11; Linux i686; rv:1.9.7.20) Gecko/ Firefox/3.6.10
4	1	0	0	0	29797120	0	0	29797120	0	0	1658	Mozilla/5.0 (Macintosh; Intel Mac OS X 10.15; rv:128.16) Gecko/20100101 Firefox/128.16; compatible; ChatGPT-User/1.0; +https://openai.com/bot
4	4	0	0	0	29731371	0	0	29731361	0	0	596	Mozilla/5.0 (Macintosh; Intel Mac OS X 10_15_7) AppleWebKit/537.36 (KHTML, like Gecko) Chrome/149.0.0.0 Safari/537.36
4	137	11	0	15	29799503	0	29789834	29780194	0	29784370	2420626	Mozilla/5.0 (Linux; Android 10; K) AppleWebKit/537.36 (KHTML, like Gecko) Chrome/151.0.0.0 Mobile Safari/537.36
4	1	0	0	0	29743877	0	0	29743877	0	0	1658	Mozilla/5.0 (X11; Linux x86_64; rv:152.0) Gecko/20100101 Firefox/152.0
4	6	0	0	1	29743877	0	29743877	29743877	0	29743877	9948	Mozilla/5.0 (compatible; GoogleOther; +http://www.google.com/bot.html)
4	10	9	0	0	29831666	0	0	29734366	0	0	12780	Mozilla/5.0 (Macintosh; Intel Mac OS X 10_15_7) AppleWebKit/537.36 (KHTML, like Gecko) Chrome/150.0.0.0 Safari/537.36
4	1	0	0	0	29770833	0	0	29770833	0	0	66	Mozilla/5.0 (X11; Ubuntu; Linux x86_64; rv:109.0) Gecko/20100101 Firefox/114.0
4	56	18	0	2	29829958	0	29807272	29732030	0	29757904	2890602	Mozilla/5.0 (Windows NT 10.0; Win64; x64) AppleWebKit/537.36 (KHTML, like Gecko) Chrome/145.0.0.0 Safari/537.36
4	0	0	0	1	0	0	29797120	0	0	29797120	0	Mozilla/5.0 (Macintosh; Intel Mac OS X 10_15_7) AppleWebKit/537.36 (KHTML, like Gecko) Chrome/136.0.5376.117 Safari/537.36 Edg/136.0.5376.117; compatible; GPTBot/1.4; +https://openai.com/gptbot
4	1	1	0	0	29768410	0	0	29768410	0	0	1422	Mozilla/5.0 (iPod; U; CPU iPhone OS 3_0 like Mac OS X; ff-SN) AppleWebKit/534.19.3 (KHTML, like Gecko) Version/3.0.5 Mobile/8B112 Safari/6534.19.3
4	2	2	0	0	29769373	0	0	29769373	0	0	9752	Mozilla/5.0 (compatible; GoFastSiteChecker/1.0)
4	2	2	0	0	29803396	0	0	29773515	0	0	3316	Mozilla/5.0 (Windows NT 10.0; Win64; x64) AppleWebKit/537.36 (KHTML, like Gecko) Chrome/120.0.0.0 Safari/537.36 Viewer/99.9.8853.8
4	0	0	0	3	0	0	29797120	0	0	29797120	0	Mozilla/5.0 (compatible; GPTBot/1.4; +https://openai.com/gptbot)
4	2	1	0	0	29730694	0	0	29730694	0	0	509	Mozilla/5.0 (Knoppix; Linux x86_64; rv:122.0) Gecko/20100101 Firefox/122.0
4	0	0	0	1	0	0	29782943	0	0	29782943	0	Mozilla/5.0 (Macintosh; Intel Mac OS X 10_15_7) AppleWebKit/537.36 (KHTML, like Gecko) Chrome/145.0.0.0 Safari/537.36 (compatible; meta-externalagent/1.1 (+https://developers.facebook.com/docs/sharing/webmasters/crawler))
4	5	2	0	1	29760798	0	29760798	29760798	0	29760798	3991	Mozilla/5.0 (X11; Linux x86_64) AppleWebKit/537.36 (KHTML, like Gecko) HeadlessChrome/146.0.0.0 Safari/537.36
4	3	0	0	0	29732653	0	0	29731422	0	0	596	Mozilla/5.0 (iPhone; CPU iPhone OS 26_4_2 like Mac OS X) AppleWebKit/605.1.15 (KHTML, like Gecko) CriOS/148.0.7778.47 Mobile/15E148 Safari/604.1
4	1	0	0	0	29818934	0	0	29818934	0	0	4876	Mozilla/5.0 (X11; Linux x86_64) AppleWebKit/537.36 (KHTML, like Gecko) Chrome/137.0.0.0 Safari/537.36
4	0	0	0	1	0	0	29766913	0	0	29766913	0	Mozilla/5.0 (Windows NT 6.3; x86) AppleWebKit/537.36 (KHTML, like Gecko) Opera/63.0.0.0 Safari/537.36
4	69	25	0	80	29830691	0	29831949	29731734	0	29727953	7000373	Mozilla/5.0 AppleWebKit/537.36 (KHTML, like Gecko; compatible; GPTBot/1.4; +https://openai.com/gptbot)
4	1	0	0	0	29774844	0	0	29774844	0	0	4876	Jetpack/12.0; WordPress/6.1; http://site47068300.com
4	24	6	0	105	29823221	0	29788818	29787159	0	29725664	117024	Mozilla/5.0 (Windows NT 10.0; Win64; x64) AppleWebKit/537.36 (KHTML, like Gecko) Chrome/78.0.3904.108 Safari/537.36
4	0	0	0	1	0	0	29797120	0	0	29797120	0	Mozilla/5.0 (Linux; Android 14; Pixel 8) AppleWebKit/537.36 (KHTML, like Gecko; compatible; Twitterbot/1.0) Chrome/148.0.5273.119 Mobile Safari/537.36
4	1	0	0	0	29760107	0	0	29760107	0	0	1658	Mozilla/5.0 (Macintosh; Intel Mac OS X 10_15_7) AppleWebKit/605.1.15 (KHTML, like Gecko) Version/18.2 Safari/605.1.15
4	4	0	0	0	29748347	0	0	29748347	0	0	6632	Mozilla/5.0 (Windows NT 6.1; WOW64; Trident/7.0; apetito Gruppe; rv:11.0) like Gecko
4	2	1	0	0	29735893	0	0	29735893	0	0	2392	Mozilla/5.0 (compatible; Yahoo! Slurp; http://help.yahoo.com/help/us/ysearch/slurp)
4	1	0	0	0	29760107	0	0	29760107	0	0	1658	Mozilla/5.0 (X11; Linux i686; rv:1.9.5.20) Gecko/ Firefox/3.6.19
4	20	8	0	0	29813695	0	0	29743989	0	0	14056	Mozilla/5.0 (compatible; InternetMeasurement/1.0; +https://internet-measurement.com/)
4	1	1	0	0	29763981	0	0	29763981	0	0	1658	Mozilla/5.0 (Windows NT 10.0; Win64; x64) AppleWebKit/537.36 (KHTML, like Gecko) Chrome/107.0.0.0 Safari/537.36 Edg/107.0.1418.62
4	1	0	0	0	29828186	0	0	29828186	0	0	4876	Mozilla/5.0 (Windows NT 10.0; x64) AppleWebKit/537.36 (KHTML, like Gecko) Chrome/99.0.0.0 Safari/537.36
4	0	0	0	1	0	0	29760360	0	0	29760360	0	Mozilla/5.0 (Macintosh; Intel Mac OS X 10_15_7; arm64) AppleWebKit/537.36 (KHTML, like Gecko) Firefox/84.0.0.0 Safari/537.36
4	1	0	0	30	29819077	0	29827897	29819077	0	29738150	1658	Mozilla/5.0 (X11; Linux x86_64)
4	2	1	0	0	29777247	0	0	29777247	0	0	1724	Mozilla/5.0 (CentOS; Linux i686) AppleWebKit/537.36 (KHTML, like Gecko) Chrome/133.0.0.0 Safari/537.36
4	1	1	0	0	29793036	0	0	29793036	0	0	1658	referentiel-industriel/1.0 (+annuaire de capacites industrielles europeennes)
4	0	0	0	2	0	0	29729552	0	0	29729552	0	Mozilla/5.0 (Macintosh; Intel Mac OS X 10_15_7) AppleWebKit/537.36 (KHTML, like Gecko) Chrome/114.0.0.0 Safari/537.36
4	1	0	0	0	29734366	0	0	29734366	0	0	702	Mozilla/5.0 (Macintosh; Intel Mac OS X 10_15_7) AppleWebKit/537.36 (KHTML, like Gecko) Chrome/148.0.0.0 Safari/537.36
4	0	0	0	1	0	0	29797120	0	0	29797120	0	Mozilla/5.0 (Linux; Android 15; SM-S918B) AppleWebKit/537.36 (KHTML, like Gecko; compatible; Claude-User/1.0; +https://www.anthropic.com/claude-user) Chrome/126.0.6635.180 Mobile Safari/537.36
4	2	1	0	0	29810099	0	0	29810099	0	0	3316	Mozilla/5.0 (Windows NT 10.0; Win64; x64; rv:42.0) Gecko/20100101 Firefox/42.0
4	22	4	0	14	29821033	0	29781110	29731474	0	29725141	30891	Mozilla/5.0 (Windows NT 10.0; Win64; x64) AppleWebKit/537.36 (KHTML, like Gecko) Chrome/110.0.0.0 Safari/537.36
4	119	9	0	18	29791785	0	29791785	29738649	0	29748013	1503181	Mozilla/5.0 (Windows NT 10.0; Win64; x64) AppleWebKit/537.36 (KHTML, like Gecko) Chrome/109.0.0.0 Safari/537.36
4	0	0	0	1	0	0	29738210	0	0	29738210	0	Mozilla/5.0 (iPhone; CPU iPhone OS 17_0 like Mac OS X) AppleWebKit/605.1.15 Version/17.0 Mobile Safari/604.1
4	1	1	0	0	29764204	0	0	29764204	0	0	1658	Mozilla/5.0 (compatible; WebatlaBot/1.0; +https://bot.webatla.com; abuse@webatla.com)
4	3	3	0	0	29807087	0	0	29768174	0	0	4502	Mozilla/5.0 (Windows NT 10.0; Win64; x64) AppleWebKit/537.36 (KHTML, like Gecko) Chrome/144.0.0.0 Safari/537.36
4	825	6	0	0	29826802	0	0	29730329	0	0	6844199	Mozilla/5.0 (compatible; jscrawler/0.1; +https://github.com/)
4	2	0	0	0	29825816	0	0	29818528	0	0	9752	Mozilla/5.0 (Linux; Android 10; arm64) AppleWebKit/537.36 (KHTML, like Gecko) Opera/62.0.0.0 Safari/537.36
4	1	0	0	0	29832205	0	0	29832205	0	0	4876	Mozilla/5.0 (Macintosh; Intel Mac OS X 10_15_7; x64) AppleWebKit/537.36 (KHTML, like Gecko) Opera/80.0.0.0 Safari/537.36
4	1	0	0	0	29760132	0	0	29760132	0	0	1658	Mozilla/5.0 (Macintosh; Intel Mac OS X 10_14_6) AppleWebKit/605.1.15 (KHTML, like Gecko) Version/12.1.2 Safari/605.1.15
4	2	1	0	0	29764515	0	0	29764515	0	0	3316	Mozilla/5.0 (compatible; AwarioBot/1.0; +https://awario.com/bots.html)
4	1	1	0	0	29753624	0	0	29753624	0	0	1658	Mozilla/5.0 (Windows NT 10.0; Win64; x64) AppleWebKit/537.36 (KHTML, like Gecko) Chrome/107.0.0.0 Safari/537.36 Edg/107.0.1418.42
4	1	0	0	0	29831760	0	0	29831760	0	0	66	Mozilla/5.0 (Linux; Android 10; K) AppleWebKit/537.36 (KHTML, like Gecko) Chrome/132.0.0.0 Mobile Safari/537.36
4	6	0	1	2	29743877	29743877	29743877	29743877	29743877	29743877	9948	Mozilla/5.0 AppleWebKit/537.36 (KHTML, like Gecko); compatible; OAI-SearchBot/1.0; +https://openai.com/searchbot
4	2	0	0	0	29788594	0	0	29788594	0	0	1658	Mozilla/5.0 (X11; Linux x86_64) AppleWebKit/537.36 (KHTML, like Gecko) Chrome/136.0.0.0 Safari/537.36
4	5	5	0	0	29816773	0	0	29800901	0	0	8290	Mozilla/5.0 (compatible; ForestEngine/1.0; +https://forestengine.net/)
4	0	0	0	1	0	0	29797120	0	0	29797120	0	Mozilla/5.0 AppleWebKit/537.36 (KHTML, like Gecko); compatible; Amzn-SearchBot/1.0; +https://developer.amazon.com/support/amazonbot
4	1	1	0	0	29798039	0	0	29798039	0	0	1422	Mozilla/5.0 (Macintosh; Intel Mac OS X 10_15_7) AppleWebKit/605.1.15 (KHTML, like Gecko) Version/17.4.1 Safari/605.1.15
4	0	0	0	1	0	0	29793822	0	0	29793822	0	Mozilla/5.0 (Macintosh; Intel Mac OS X 10_15_7; x64) AppleWebKit/537.36 (KHTML, like Gecko) Firefox/85.0.0.0 Safari/537.36
4	90	0	0	8	29833306	0	29730071	29731365	0	29726352	124569	Mozilla/5.0 (Macintosh; Intel Mac OS X 10_15_7) AppleWebKit/537.36 (KHTML, like Gecko) Chrome/131.0.0.0 Safari/537.36; compatible; OAI-SearchBot/1.0; +https://openai.com/searchbot
4	0	0	0	1	0	0	29797120	0	0	29797120	0	Mozilla/5.0 AppleWebKit/537.36 (KHTML, like Gecko; compatible; Amazonbot/0.1; +https://developer.amazon.com/support/amazonbot)
4	3	0	0	0	29735893	0	0	29735893	0	0	3588	Mozilla/5.0 (Windows NT 10.0; Win64; x64) AppleWebKit/537.36 (KHTML, like Gecko) Edge/115.0.0.0
4	18	4	0	1	29803519	0	29790405	29785335	0	29790405	1937465	Mozilla/5.0 (Linux; Android 6.0.1; Nexus 5X Build/MMB29P) AppleWebKit/537.36 (KHTML, like Gecko) Chrome/151.0.7922.137 Mobile Safari/537.36 (compatible; Googlebot/2.1; +http://www.google.com/bot.html)
4	3	0	0	0	29797889	0	0	29797889	0	0	4974	Mozilla/5.0 (Windows NT 10.0; Win64; x64; Trident/7.0; Touch; rv:11.0) like Gecko
4	1	0	0	0	29767752	0	0	29767752	0	0	4876	Jetpack/12.1; WordPress/6.4; http://site53846912.com
4	0	0	0	1	0	0	29728002	0	0	29728002	0	Mozilla/5.0 (Macintosh; Intel Mac OS X 10.11; rv:51.0) Gecko/20100101 Firefox/51.0
4	1	0	0	0	29797120	0	0	29797120	0	0	1658	Mozilla/5.0 AppleWebKit/537.36 (KHTML, like Gecko); compatible; Twitterbot/1.0
4	1	0	0	0	29760430	0	0	29760430	0	0	1658	Mozilla/5.0 (Macintosh; Intel Mac OS X 10_11_5) AppleWebKit/601.6.17 (KHTML, like Gecko) Version/9.1.1 Safari/601.6.17
4	3	0	0	0	29742777	0	0	29742777	0	0	4974	Mozilla/5.0 (Windows NT 10.0; WOW64; Trident/7.0; MAPBJS; rv:11.0) like Gecko
4	2	1	0	0	29786591	0	0	29786589	0	0	4942	Mozilla/5.0 (X11; Ubuntu; Linux x86_64; rv:134.0) Gecko/20100101 Firefox/134.0
4	0	0	0	1	0	0	29725504	0	0	29725504	0	Mozilla/5.0 (Windows NT 6.2; arm64) AppleWebKit/537.36 (KHTML, like Gecko) Opera/77.0.0.0 Safari/537.36
4	29	1	0	1	29769522	0	29769522	29769522	0	29769522	764425	Mozilla/5.0 (Linux; Android 16; 23127PN0CG Build/BP2A.250605.031.A3; wv) AppleWebKit/537.36 (KHTML, like Gecko) Version/4.0 Chrome/147.0.7727.92 Mobile Safari/537.36 [FB_IAB/FB4A;FBAV/557.0.0.59.72;IABMV/1;]
4	1	1	0	1	29760107	0	29831513	29760107	0	29831513	1658	Mozilla/5.0 (Macintosh, Intel Mac OS X 10_15_7) AppleWebKit/605.1.15 (KHTML, like Gecko) Version/17.6 Safari/605.1.15
4	1	1	0	0	29757596	0	0	29757596	0	0	4876	Mozilla/5.0 (Windows NT 6.0; rv:38.0) Gecko/20100101 Firefox/38.0
4	1	0	0	0	29750490	0	0	29750490	0	0	1837	Mozilla/5.0 (Linux; Android 6.0.1; Nexus 5X Build/MMB29P) AppleWebKit/537.36 (KHTML, like Gecko) Chrome/150.0.7871.128 Mobile Safari/537.36 (compatible; GoogleOther)
4	0	0	0	1	0	0	29812702	0	0	29812702	0	Mozilla/5.0 (Linux; Android 6.0; NCE-AL00 Build/HUAWEINCE-AL00; wv) AppleWebKit/537.36 (KHTML, like Gecko) Version/4.0 Chrome/66.0.3359.126 MQQBrowser/6.2 TBS/044813 Mobile Safari/537.36 MMWEBID/6904 MicroMessenger/7.0.6.1460(0x27000634) Process/tools NetType/4G Language/zh_CN
4	1	0	0	0	29797120	0	0	29797120	0	0	1658	Mozilla/5.0 (Macintosh; Intel Mac OS X 14_5) AppleWebKit/537.36 (KHTML, like Gecko) Chrome/151.0.7569.13 Safari/537.36 Edg/151.0.7569.13; compatible; GrokBot/1.0; +https://x.ai/grokbot
4	1	1	0	0	29760107	0	0	29760107	0	0	1658	Mozilla/5.0 (Macintosh; Intel Mac OS X 10_9_5) AppleWebKit/600.2.5 (KHTML, like Gecko) Version/7.1.2 Safari/537.85.11
4	5	4	0	1	29786631	0	29731276	29735882	0	29731276	7120	Mozilla/5.0 (Macintosh; Intel Mac OS X 10_15_7) AppleWebKit/537.36 (KHTML, like Gecko) Chrome/147.0.0.0 Safari/537.36
4	1	0	0	0	29772843	0	0	29772843	0	0	4876	Jetpack/12.0; WordPress/6.3; http://site25040953.com
4	1	1	0	0	29730883	0	0	29730883	0	0	443	Mozilla/5.0 (X11; Linux x86_64) AppleWebKit/537.36 (KHTML, like Gecko) Chrome/109.0.5414.119 Safari/537.36
4	0	0	0	1	0	0	29797120	0	0	29797120	0	Mozilla/5.0 (X11; Linux x86_64) AppleWebKit/537.36 (KHTML, like Gecko; compatible; Twitterbot/1.0) Chrome/126.0.5655.70 Safari/537.36
4	1	0	0	0	29760107	0	0	29760107	0	0	1658	Mozilla/5.0 (Windows NT 10.0; Win64; x64) AppleWebKit/537.36 (KHTML, like Gecko) Chrome/88.0.4324.182 Safari/537.36
4	17	6	0	8	29829958	0	29770873	29732030	0	29770807	8171517	Mozilla/5.0 (Windows NT 10.0; Win64; x64) AppleWebKit/537.36 (KHTML, like Gecko) Chrome/143.0.0.0 Safari/537.36
4	0	0	0	8	0	0	29822732	0	0	29734183	0	Mozilla/5.0 (Windows NT 10.0; Win64; x64) AppleWebKit/537.36 (KHTML, like Gecko) Chrome/60.0.3112.113 Safari/537.36 Assetnote/1.0.0
4	89	0	0	4	29832882	0	29729064	29731852	0	29726558	143890	Mozilla/5.0 (Macintosh; Intel Mac OS X 10_10_1) AppleWebKit/600.2.5 (KHTML, like Gecko) Version/8.0.2 Safari/600.2.5 (Gort)
4	6	0	0	0	29770444	0	0	29770393	0	0	9948	Mozilla/5.0 (compatible; MSIE 9.0; Windows NT 6.2; Win64; x64; Trident/7.0)
4	0	0	0	1	0	0	29747755	0	0	29747755	0	Mozilla/5.0 (Windows NT 6.1) AppleWebKit/537.36 (KHTML, like Gecko) Chrome/28.0.1500.29 Safari/537.36 OPR/15.0.1147.24 (Edition Next)
4	1	0	0	0	29797120	0	0	29797120	0	0	395	Mozilla/5.0 (Windows NT 11.0; Win64; x64) AppleWebKit/537.36 (KHTML, like Gecko; compatible; Slackbot-LinkExpanding/1.0; +https://api.slack.com/robots) Chrome/126.0.8576.95 Safari/537.36 Edg/126.0.8576.95
4	0	0	0	1	0	0	29797120	0	0	29797120	0	Mozilla/5.0 (Linux; Android 15; SM-S918B) AppleWebKit/537.36 (KHTML, like Gecko; compatible; Bytespider; +https://zhanzhang.toutiao.com/) Chrome/130.0.6684.220 Mobile Safari/537.36
4	0	0	0	1	0	0	29765811	0	0	29765811	0	Mozilla/5.0 (Windows NT 10.0; arm64) AppleWebKit/537.36 (KHTML, like Gecko) Safari/10.0.0.0 Safari/537.36
4	2	2	0	0	29800928	0	0	29800928	0	0	3316	Mozilla/5.0 (Windows NT 10.0; Win64; x64) AppleWebKit/537.36 (KHTML, like Gecko) Chrome/126.0 Safari/537.36
4	3	1	0	0	29797120	0	0	29797120	0	0	4974	Mozilla/5.0 AppleWebKit/537.36 (KHTML, like Gecko; compatible; OAI-SearchBot/1.3; +https://openai.com/searchbot)
4	153	0	0	5	29833259	0	29729845	29730433	0	29727953	203977	Mozilla/5.0 (Macintosh; Intel Mac OS X 10_15_7) AppleWebKit/537.36 (KHTML, like Gecko) Chrome/131.0.0.0 Safari/537.36; compatible; OAI-SearchBot/1.4; robots.txt; +https://openai.com/searchbot
4	1	1	0	0	29786798	0	0	29786798	0	0	1658	Mozilla/5.0 (iPhone; CPU iPhone OS 18_7 like Mac OS X) AppleWebKit/605.1.15 (KHTML, like Gecko) Version/26.3 Mobile/15E148 Safari/604.1
4	0	0	0	1	0	0	29797120	0	0	29797120	0	Mozilla/5.0 (Macintosh; Intel Mac OS X 10.15; rv:143.19) Gecko/20100101 Firefox/143.19; compatible; LinkedInBot/1.0; +http://www.linkedin.com
4	0	0	0	1	0	0	29797120	0	0	29797120	0	Mozilla/5.0 (X11; Ubuntu; Linux x86_64; rv:143.1) Gecko/20100101 Firefox/143.1; compatible; PerplexityBot/1.0; +https://perplexity.ai/perplexitybot
4	2	2	0	0	29802391	0	0	29740613	0	0	3316	Mozilla/5.0 (compatible; WP-Safe-Scanner/1.0)
4	8	8	0	0	29814318	0	0	29734030	0	0	11704	visionheight.com/scan Mozilla/5.0 (Macintosh; Intel Mac OS X 10_15_7) Chrome/126.0.0.0 Safari/537.36
4	1	0	0	0	29760107	0	0	29760107	0	0	1658	Mozilla/5.0 (Macintosh; Intel Mac OS X 10_15_7) AppleWebKit/605.1.15 (KHTML, like Gecko) Version/17.3 Safari/605.1.15
4	1	1	0	0	29760107	0	0	29760107	0	0	1658	Mozilla/5.0 (CentOS; Linux i686) AppleWebKit/537.36 (KHTML, like Gecko) Chrome/131.0.0.0 Safari/537.36
4	55	31	0	0	29831136	0	0	29731720	0	0	49337	Mozilla/5.0 (compatible; CensysInspect/1.1; +https://about.censys.io/)
4	9	3	0	0	29794298	0	0	29742336	0	0	9372	Mozilla/5.0 (Macintosh; Intel Mac OS X 10_15_7) AppleWebKit/537.36 (KHTML, like Gecko) Chrome/146.0.0.0 Safari/537.36
4	1	0	0	0	29797120	0	0	29797120	0	0	1658	Mozilla/5.0 (compatible; Slackbot-LinkExpanding/1.0; +https://api.slack.com/robots)
4	0	0	0	1	0	0	29817925	0	0	29817925	0	facebookscraper/1.0( http://www.facebook.com/sharescraper_help.php)
4	1	0	0	0	29732092	0	0	29732092	0	0	973	Mozilla/5.0 (Macintosh; Intel Mac OS X 10_15_7; x86) AppleWebKit/537.36 (KHTML, like Gecko) Chrome/81.0.0.0 Safari/537.36
4	1	0	0	0	29797120	0	0	29797120	0	0	1658	Mozilla/5.0 (iPhone; CPU iPhone OS 17_0 like Mac OS X) AppleWebKit/537.36 (KHTML, like Gecko; compatible; GrokBot/1.0; +https://x.ai/grokbot) Chrome/130.0.6904.0 Mobile Safari/537.36
4	1	0	0	0	29797120	0	0	29797120	0	0	1658	Mozilla/5.0 (Macintosh; Intel Mac OS X 10_15_7) AppleWebKit/537.36 (KHTML, like Gecko) Chrome/85.0.2268.233 Safari/537.36; compatible; TelegramBot/1.0
4	28	6	0	14	29818786	0	29780348	29731468	0	29725141	37222	Mozilla/5.0 (Windows NT 10.0; Win64; x64) AppleWebKit/537.36 (KHTML, like Gecko) Chrome/107.0.0.0 Safari/537.36
4	1	1	0	0	29761556	0	0	29761556	0	0	1422	Mozilla/5.0 (Windows NT 10.0; Win64; x64) AppleWebKit/537.36 (KHTML, like Gecko) Chrome/142.0.0.0 Safari/537.36
4	1	0	0	0	29797120	0	0	29797120	0	0	1658	Mozilla/5.0 (iPhone; CPU iPhone OS 18_4 like Mac OS X) AppleWebKit/537.36 (KHTML, like Gecko) Chrome/130.0.597.159 Mobile Safari/537.36; compatible; Slackbot-LinkExpanding/1.0; +https://api.slack.com/robots
4	0	0	0	1	0	0	29797120	0	0	29797120	0	Mozilla/5.0 (X11; Linux x86_64; rv:133.4) Gecko/20100101 Firefox/133.4; compatible; Bytespider; +https://zhanzhang.toutiao.com/
4	22	0	8	0	29768317	29768317	0	29761710	29761710	0	0	Mozilla/5.0 CMS-Detector/1.0
4	32	3	0	21	29787831	0	29787263	29730567	0	29725142	44470	Mozilla/5.0 (Linux; Android 12; Pixel 6) AppleWebKit/537.36 (KHTML, like Gecko) Chrome/99.0.4844.58 Mobile Safari/537.36
4	0	0	0	1	0	0	29797120	0	0	29797120	0	Mozilla/5.0 (Macintosh; Intel Mac OS X 14_5) AppleWebKit/537.36 (KHTML, like Gecko) Chrome/122.0.816.220 Safari/537.36; compatible; OAI-SearchBot/1.3; +https://openai.com/searchbot
4	4	4	0	0	29794368	0	0	29763918	0	0	6632	Mozilla/5.0 (iPhone; CPU iPhone OS 17_1_2 like Mac OS X) AppleWebKit/605.1.15 (KHTML, like Gecko) Version/17.1.2 Mobile/15E148 Safari/604
4	39	4	1	8	29824391	29824391	29824391	29786570	29824391	29824391	64662	Mozilla/5.0 (X11; Linux x86_64) AppleWebKit/537.36 (KHTML, like Gecko) Chrome/134.0.0.0 Safari/537.36
4	1	0	0	0	29797120	0	0	29797120	0	0	1658	Mozilla/5.0 (Linux; Android 12; Pixel 6) AppleWebKit/537.36 (KHTML, like Gecko) Chrome/147.0.4061.144 Mobile Safari/537.36; compatible; ChatGPT-User/1.0; +https://openai.com/bot
4	10	10	0	0	29827257	0	0	29737605	0	0	16580	Mozilla/5.0 (Windows NT 10.0; Win64; x64) AppleWebKit/537.36 (KHTML, like Gecko) Chrome/84.0.4147.89 Safari/537.36
4	0	0	0	2	0	0	29728930	0	0	29725761	0	Scrapy/2.16.0 (+https://scrapy.org)
4	0	0	0	1	0	0	29797120	0	0	29797120	0	Mozilla/5.0 AppleWebKit/537.36 (KHTML, like Gecko; compatible; WhatsApp/10.0.2.1)
4	15	3	0	0	29812981	0	0	29806431	0	0	7298733	Mozilla/5.0 (X11; Linux x86_64) AppleWebKit/537.36 (KHTML, like Gecko) Chrome/124.0 Safari/537.36
4	0	0	0	3	0	0	29797120	0	0	29797120	0	Mozilla/5.0 AppleWebKit/537.36 (KHTML, like Gecko; compatible; Amzn-SearchBot/1.0; +https://developer.amazon.com/support/amazonbot)
4	3	1	0	0	29809122	0	0	29806611	0	0	597295	Mozilla/5.0 (Macintosh; Intel Mac OS X 10_15_7) AppleWebKit/605.1.15 Version/15.1 Safari/605.1.15
4	8	2	0	0	29732982	0	0	29732982	0	0	957042	Mozilla/5.0 (iPhone; CPU iPhone OS 26_3 like Mac OS X) AppleWebKit/605.1.15 (KHTML, like Gecko) CriOS/144.0.7559.95 Mobile/15E148 Safari/604.1
4	1	0	0	0	29797120	0	0	29797120	0	0	1658	Mozilla/5.0 AppleWebKit/537.36 (KHTML, like Gecko; compatible; Slackbot-LinkExpanding/1.0; +https://api.slack.com/robots)
4	1	1	0	0	29817264	0	0	29817264	0	0	1658	Mozilla/5.0 (compatible; PublicWWWBot/1.0; +https://publicwww.com/bot.html)
4	0	0	0	1	0	0	29797120	0	0	29797120	0	Mozilla/5.0 (Linux; Android 14; Pixel 8) AppleWebKit/537.36 (KHTML, like Gecko) Chrome/133.0.7027.96 Mobile Safari/537.36; compatible; GrokBot/1.0; +https://x.ai/grokbot
4	0	0	0	1	0	0	29751851	0	0	29751851	0	Mozilla/5.0 (Windows NT 6.3; x64) AppleWebKit/537.36 (KHTML, like Gecko) Safari/15.0.0.0 Safari/537.36
4	1	1	0	0	29826267	0	0	29826267	0	0	1658	Mozilla/5.0 (Linux; Android 14; SM-S918B) AppleWebKit/537.36 (KHTML, like Gecko) Chrome/120.0.6099.144 Mobile Safari/537.36
4	1	1	0	0	29804852	0	0	29804852	0	0	4876	Mozilla/5.0 (X11; Linux x86_64) AppleWebKit/537.36 (KHTML, like Gecko) Chrome/58.0.3029.110 Safari/537.36
4	3	2	0	0	29806973	0	0	29734367	0	0	3546	Mozilla/5.0 (Macintosh; Intel Mac OS X 10_15_7) AppleWebKit/537.36 (KHTML, like Gecko) Chrome/145.0.0.0 Safari/537.36
4	4	3	0	0	29770552	0	0	29733144	0	0	3045	Mozilla/5.0 (Windows NT 10.0; Win64; x64) AppleWebKit/537.36 (KHTML, like Gecko) Chrome/137.0.0.0 Safari/537.36 +https://forestengine.net/#opt-out
4	1	1	0	0	29805747	0	0	29805747	0	0	1658	Mozilla/5.0 (Windows NT 10.0; Win64; x64) AppleWebKit/537.36 (KHTML, like Gecko) Chrome/138.0.7204.97 Safari/537.36
4	6	3	0	0	29746150	0	0	29734038	0	0	15477	Mozilla/5.0 (compatible; MJ12bot/v1.4.8; http://mj12bot.com/)
4	0	0	0	1	0	0	29764701	0	0	29764701	0	Mozilla/5.0 (Macintosh; Intel Mac OS X 10_15_7; x64) AppleWebKit/537.36 (KHTML, like Gecko) Opera/76.0.0.0 Safari/537.36
4	1	1	0	0	29762543	0	0	29762543	0	0	1658	Mozilla/5.0 (Macintosh; Intel Mac OS X 10_15_7) AppleWebKit/605.1.15 (KHTML, like Gecko) Version/18.5 Safari/605.1.15
4	1	0	0	0	29804250	0	0	29804250	0	0	4876	Mozilla/5.0 (X11; Ubuntu; Linux x86_64; arm64) AppleWebKit/537.36 (KHTML, like Gecko) Firefox/89.0.0.0 Safari/537.36
4	42	9	1	13	29815184	29748762	29780355	29730574	29748762	29725148	58756	Mozilla/5.0 (iPhone; CPU iPhone OS 17_2 like Mac OS X) AppleWebKit/605.1.15 (KHTML, like Gecko) Version/17.2 Mobile/15E148 Safari/604.1
4	1	0	0	0	29797120	0	0	29797120	0	0	1658	Mozilla/5.0 (Linux; Android 12; Pixel 6) AppleWebKit/537.36 (KHTML, like Gecko; compatible; Slackbot-LinkExpanding/1.0; +https://api.slack.com/robots) Chrome/126.0.4000.54 Mobile Safari/537.36
4	2	0	0	0	29747054	0	0	29747054	0	0	2844	Mozilla/5.0 (X11; Linux x86_64) AppleWebKit/537.36 (KHTML, like Gecko) Chrome/133.0.0.0 Safari/537.36
4	1	0	0	0	29797120	0	0	29797120	0	0	1658	Mozilla/5.0 (Macintosh; Intel Mac OS X 14_5) AppleWebKit/537.36 (KHTML, like Gecko) Chrome/131.0.5151.243 Safari/537.36; compatible; PerplexityBot/1.0; +https://perplexity.ai/perplexitybot
4	6	2	1	0	29790793	29775956	0	29775956	29775956	0	7818	Mozilla/5.0 (Windows NT 10.0; Win64; x64) AppleWebKit/537.36 (KHTML, like Gecko) Chrome/131.0.0.0 Safari/537.36 Edg/131.0.0.0
4	1	1	0	0	29787901	0	0	29787901	0	0	1658	Mozilla/5.0 (Linux; Android 10; K) AppleWebKit/537.36 (KHTML, like Gecko) Chrome/138.0.0.0 Mobile Safari/537.36
4	0	0	0	1	0	0	29729664	0	0	29729664	0	Mozilla/5.0 (X11; Ubuntu; Linux x86_64; x64) AppleWebKit/537.36 (KHTML, like Gecko) Firefox/73.0.0.0 Safari/537.36
4	1	0	0	0	29797120	0	0	29797120	0	0	1658	Mozilla/5.0 (iPhone; CPU iPhone OS 17_0 like Mac OS X) AppleWebKit/605.1.15 (KHTML, like Gecko; compatible; Claude-User/1.0; +https://www.anthropic.com/claude-user) Version/16.7 Mobile/15E148 Safari/604.1
4	1	0	0	0	29797120	0	0	29797120	0	0	1658	Mozilla/5.0 (Windows NT 10.0; rv:121.19) Gecko/20100101 Firefox/121.19; compatible; Claude-User/1.0; +https://www.anthropic.com/claude-user
4	0	0	0	1	0	0	29797120	0	0	29797120	0	Mozilla/5.0 (Macintosh; Intel Mac OS X 10_15_7) AppleWebKit/537.36 (KHTML, like Gecko; compatible; Claude-User/1.0; +https://www.anthropic.com/claude-user) Chrome/85.0.1325.240 Safari/537.36
4	1	1	0	0	29812757	0	0	29812757	0	0	1658	Mozilla/5.0 (compatible; srchs-research-bot/0.1; public small-business domain research; contact: smashcarlito@gmail.com)
4	3	0	0	0	29770171	0	0	29770170	0	0	4974	Mozilla/5.0 (Macintosh; Intel Mac OS X 10_11_6) AppleWebKit/537.36 (KHTML, like Gecko) Chrome/67.0.3396.87 Safari/537.36
4	0	0	0	1	0	0	29726597	0	0	29726597	0	Mozilla/5.0 (Windows NT 6.3; x64) AppleWebKit/537.36 (KHTML, like Gecko) Opera/68.0.0.0 Safari/537.36
4	1	0	0	0	29797120	0	0	29797120	0	0	1658	Mozilla/5.0 (Windows NT 10.0; rv:132.18) Gecko/20100101 Firefox/132.18; compatible; PerplexityBot/1.0; +https://perplexity.ai/perplexitybot
4	1	0	0	1	29797120	0	29797120	29797120	0	29797120	1658	Mozilla/5.0 AppleWebKit/537.36 (KHTML, like Gecko; compatible; Google-Extended/1.0; +http://www.google.com/bot.html)
4	9	0	0	0	29827635	0	0	29732581	0	0	13707	python-requests/2.27.1
4	17	17	0	2	29781263	0	29729135	29732016	0	29726255	26509	Mozilla/5.0 (X11; Linux i686; rv:109.0) Gecko/20100101 Firefox/120.0
4	3	3	0	0	29768770	0	0	29748612	0	0	4974	Mozilla/5.0 AppleWebKit/605.1.15 (KHTML, like Gecko) Chrome/139.0.0.0 Safari/605.1.15
4	2	2	0	0	29782429	0	0	29753339	0	0	0	Mozilla/5.0 (compatible; DomainScores/2.1; +https://www.domainscores.net/headers)
4	0	0	0	2	0	0	29797120	0	0	29797120	0	Mozilla/5.0 (compatible; meta-externalagent/1.1; +https://developers.facebook.com/docs/sharing/webmasters/crawler)
4	2	1	0	0	29757054	0	0	29757054	0	0	1724	Mozilla/5.0 (Macintosh; Intel Mac OS X 10_15_7) AppleWebKit/537.36 (KHTML, like Gecko) Version/16.2 Safari/537.36
4	9	2	0	0	29790793	0	0	29755005	0	0	490138	Mozilla/5.0 (Macintosh; Intel Mac OS X 10.15; rv:133.0) Gecko/20100101 Firefox/133.0
4	3	0	0	0	29797120	0	0	29797120	0	0	4974	Mozilla/5.0 AppleWebKit/537.36 (KHTML, like Gecko); compatible; GrokBot/1.0; +https://x.ai/grokbot
4	5	1	0	0	29786620	0	0	29786620	0	0	8290	TechSpyBot/1.0 (+https://techspy.pro/bot)
4	1	1	0	0	29801494	0	0	29801494	0	0	1658	Mozilla/5.0 (iPhone; CPU iPhone OS 18_7 like Mac OS X) AppleWebKit/605.1.15 (KHTML, like Gecko) Mobile/15E148
4	5	0	0	0	29821980	0	0	29757969	0	0	24380	Jetpack by WordPress.com
4	1	0	0	0	29760107	0	0	29760107	0	0	1658	Mozilla/5.0 (Macintosh; arm64 Mac OS X 12_6_1) AppleWebKit/605.1.15 (KHTML, like Gecko) Version/15.6.1 Safari/605.1.15
4	5	5	0	0	29827692	0	0	29755822	0	0	8290	Mozilla/5.0 (Android 14; Mobile; rv:123.0) Gecko/123.0 Firefox/123
4	1	0	0	0	29823083	0	0	29823083	0	0	1838	Mozilla/5.0 (Linux; Android 6.0.1; Nexus 5X Build/MMB29P) AppleWebKit/537.36 (KHTML, like Gecko) Chrome/152.0.7977.82 Mobile Safari/537.36 (compatible; GoogleOther)
4	17	9	0	2	29832034	0	29725973	29738900	0	29725973	15450	Mozilla/5.0 (Windows NT 10.0; Win64; x64) AppleWebKit/537.36 (KHTML, like Gecko) Chrome/105.0.0.0 Safari/537.36
4	0	0	0	1	0	0	29793612	0	0	29793612	0	Mozilla/5.0 (Linux; Android 9; SAMSUNG SM-G950U Build/PPR1.180610.011) AppleWebKit/537.36 (KHTML, like Gecko) SamsungBrowser/9.4 Chrome/67.0.3396.87 Mobile Safari/537.36
4	1	0	0	0	29797120	0	0	29797120	0	0	1658	Mozilla/5.0 (Macintosh; Intel Mac OS X 14_6_1) AppleWebKit/537.36 (KHTML, like Gecko) Chrome/151.0.3755.236 Safari/537.36 Edg/151.0.3755.236; compatible; Claude-User/1.0; +Claude-User@anthropic.com
4	0	0	0	2	0	0	29730154	0	0	29730153	0	Mozilla/5.0 (Windows NT 10.0; Win64; x64) AppleWebKit/537.36 (KHTML, like Gecko) Chrome/139.0.0.0 Safari/537.36
4	8	8	0	0	29830163	0	0	29802946	0	0	19504	Mozilla/5.0 (Windows NT 10.0; Win64; x64) AppleWebKit/537.36 (KHTML, like Gecko) Chrome/140.0.0.0 Safari/537.36
4	0	0	0	1	0	0	29818564	0	0	29818564	0	Mozilla/5.0 (Macintosh; Intel Mac OS X 10.9; rv:35.0) Gecko/20100101 Firefox/35.0
4	2	2	0	0	29786569	0	0	29786569	0	0	3316	Python/3.14 aiohttp/3.14.0
4	0	0	0	1	0	0	29797120	0	0	29797120	0	Mozilla/5.0 (Windows NT 10.0; Win64; x64) AppleWebKit/537.36 (KHTML, like Gecko) Chrome/122.0.2453.102 Safari/537.36; compatible; GrokBot/1.0; +https://x.ai/grokbot
4	3	2	0	0	29802561	0	0	29776139	0	0	4738	Mozilla/5.0 (X11; Linux x86_64) AppleWebKit/537.36 (KHTML, like Gecko) Chrome/132.0.0.0 Safari/537.36
4	50	0	0	0	29822958	0	0	29815764	0	0	1076627	Mozilla/5.0 (Linux; Android 6.0.1; Nexus 5X Build/MMB29P) AppleWebKit/537.36 (KHTML, like Gecko) Chrome/152.0.7977.64 Mobile Safari/537.36 (compatible; Googlebot/2.1; +http://www.google.com/bot.html)
4	1	0	0	0	29797120	0	0	29797120	0	0	1658	Mozilla/5.0 (Macintosh; Intel Mac OS X 10.15; rv:150.18) Gecko/20100101 Firefox/150.18; compatible; Perplexity-User/1.0; +https://perplexity.ai/perplexity-user
4	2	0	0	0	29818078	0	0	29803702	0	0	3080	Mozilla/5.0 (compatible; Baiduspider/2.0; +http://www.baidu.com/search/spider.html)
4	10	0	0	2	29743877	0	29743877	29743877	0	29743877	16580	meta-externalagent/1.1 (+https://developers.facebook.com/docs/sharing/webmasters/crawler)
4	1	0	0	0	29797120	0	0	29797120	0	0	1658	Mozilla/5.0 (Macintosh; Intel Mac OS X 10_15_7) AppleWebKit/537.36 (KHTML, like Gecko) Chrome/114.0.5758.200 Safari/537.36 Edg/114.0.5758.200; compatible; Google-Extended/1.0; +http://www.google.com/bot.html
4	0	0	0	1	0	0	29797120	0	0	29797120	0	Mozilla/5.0 (Macintosh; Intel Mac OS X 10_15_7) AppleWebKit/537.36 (KHTML, like Gecko; compatible; Amzn-SearchBot/1.0; +https://developer.amazon.com/support/amazonbot) Chrome/118.0.516.25 Safari/537.36 Edg/118.0.516.25
4	0	0	0	1	0	0	29738143	0	0	29738143	0	Mozilla/5.0 (Windows NT 10.0; WOW64) AppleWebKit/537.36 (KHTML, like Gecko) Maxthon/5.0.4.3000 Chrome/47.0.2526.73 Safari/537.36
4	1	0	0	0	29815684	0	0	29815684	0	0	4876	Mozilla/5.0 (Macintosh; Intel Mac OS X 10_15_7; arm64) AppleWebKit/537.36 (KHTML, like Gecko) Firefox/78.0.0.0 Safari/537.36
4	35	13	0	20	29829958	0	29787218	29730560	0	29725148	47674	Mozilla/5.0 (Windows NT 10.0; Win64; x64) AppleWebKit/537.36 (KHTML, like Gecko) Chrome/99.0.4844.51 Safari/537.36 Edg/99.0.1150.30
4	3	0	0	1	29797120	0	29797120	29797120	0	29797120	4974	Mozilla/5.0 AppleWebKit/537.36 (KHTML, like Gecko; compatible; Claude-User/1.0; +https://www.anthropic.com/claude-user)
4	0	0	0	1	0	0	29797120	0	0	29797120	0	Mozilla/5.0 (Macintosh; Intel Mac OS X 10.15; rv:105.6) Gecko/20100101 Firefox/105.6; compatible; meta-externalagent/1.1; +https://developers.facebook.com/docs/sharing/webmasters/crawler
4	1	0	0	0	29760107	0	0	29760107	0	0	1658	Mozilla/5.0 (Macintosh; Intel Mac OS X 10_15_7) AppleWebKit/537.36 (KHTML, like Gecko) Version/15.4 Safari/537.36
4	2	2	0	0	29810719	0	0	29810719	0	0	0	Mozilla/5.0 (compatible; DefaultsExposed/1.0; +https://defaults.exposed/headers)
4	2	1	0	0	29777249	0	0	29777249	0	0	1724	Mozilla/5.0 (X11; Ubuntu; Linux x86_64; rv:84.0) Gecko/20100101 Firefox/84.0
4	1	0	0	0	29824538	0	0	29824538	0	0	4876	Mozilla/5.0 (X11; Ubuntu; Linux x86_64; arm64) AppleWebKit/537.36 (KHTML, like Gecko) Chrome/87.0.0.0 Safari/537.36
4	1	0	0	0	29817201	0	0	29817201	0	0	4876	Mozilla/5.0 (Windows NT 6.3; arm64) AppleWebKit/537.36 (KHTML, like Gecko) Firefox/79.0.0.0 Safari/537.36
4	1	1	0	0	29734367	0	0	29734367	0	0	702	Mozilla/5.0 (Macintosh; Intel Mac OS X 10_15_7) AppleWebKit/537.36 (KHTML, like Gecko) Chrome/143.0.0.0 Safari/537.36
4	1	1	0	0	29804805	0	0	29804805	0	0	0	cms-scanner/2.0 (research)
4	6	3	0	1	29735971	0	29725643	29735956	0	29725643	2796536	Mozilla/5.0 (compatible; Softaculous AI/1.0)
4	92	12	0	9	29806533	0	29778117	29730591	0	29725161	1582424	Mozilla/5.0 (Windows NT 10.0; Win64; x64) AppleWebKit/537.36 (KHTML, like Gecko) Chrome/104.0.0.0 Safari/537.36
4	0	0	0	1	0	0	29797120	0	0	29797120	0	Mozilla/5.0 (Macintosh; Intel Mac OS X 10.15; rv:150.8) Gecko/20100101 Firefox/150.8; compatible; GPTBot/1.4; +https://openai.com/gptbot
4	2	2	0	0	29753230	0	0	29752917	0	0	2844	Mozilla/5.0 (Windows NT 10.0; Win64; x64) AppleWebKit/537.36 (KHTML, like Gecko) obsidian/1.6.5 Chrome/124.0.6367.243 Electron/30.1.2 Safari/537.36
4	0	0	0	1	0	0	29797120	0	0	29797120	0	Mozilla/5.0 (X11; Ubuntu; Linux x86_64) AppleWebKit/537.36 (KHTML, like Gecko; compatible; Bytespider; +https://zhanzhang.toutiao.com/) Chrome/120.0.3622.218 Safari/537.36
4	4	1	0	0	29831346	0	0	29831346	0	0	499655	Mozilla/5.0 (Windows NT 10.0) AppleWebKit/537.36 (KHTML, like Gecko) Chrome/117.0.0.0 Safari/537.36
4	1	0	0	0	29797120	0	0	29797120	0	0	1658	Mozilla/5.0 AppleWebKit/537.36 (KHTML, like Gecko); compatible; OAI-SearchBot/1.4; robots.txt; +https://openai.com/searchbot
4	1	0	0	0	29797120	0	0	29797120	0	0	1658	Mozilla/5.0 AppleWebKit/537.36 (KHTML, like Gecko); compatible; facebookexternalhit/1.1; +http://www.facebook.com/externalhit_uatext.php
4	1	0	0	0	29801108	0	0	29801108	0	0	1422	GoogleOther
4	2	2	0	0	29792580	0	0	29736648	0	0	3316	Mozilla/5.0 (X11; Linux x86_64; rv:107.0) Gecko/20100101 Firefox/107.0
4	434	25	9	1048	29827594	29827594	29827594	29747127	29806656	29760107	718156	Mozilla/5.0 (X11; Linux x86_64) AppleWebKit/537.36 (KHTML, like Gecko) Chrome/131.0.0.0 Safari/537.36
4	1	0	0	0	29805393	0	0	29805393	0	0	4876	Mozilla/5.0 (Macintosh; Intel Mac OS X 10_15_7; arm64) AppleWebKit/537.36 (KHTML, like Gecko) Chrome/97.0.0.0 Safari/537.36
4	1	1	0	0	29817301	0	0	29817301	0	0	1422	Mozilla/5.0 (Linux; Android 14; OPPO PCLM5) AppleWebKit/537.36 (KHTML, like Gecko) Chrome/150.0.5213.117 Mobile Safari/537.36 MicroMessenger/8.0.47(0x18001B3F) NetType/WIFI Language/zh_CN
4	3	1	0	0	29750632	0	0	29735882	0	0	4512	Mozilla/5.0 (Macintosh; Intel Mac OS X 10.15; rv:150.0) Gecko/20100101 Firefox/150.0
4	1	0	0	0	29744528	0	0	29744528	0	0	4876	Mozilla/5.0 (Windows NT 10.0; x86) AppleWebKit/537.36 (KHTML, like Gecko) Safari/11.0.0.0 Safari/537.36
4	2	2	0	2	29736021	0	29725213	29735525	0	29725158	2392	User-Agent:Mozilla/5.0 (Windows NT 10.0; Win64; x64) AppleWebKit/537.36 (KHTML, like Gecko) Chrome/140.0.0.0 Safari/537.36 Edg/140.0.0.0; 360Spider
4	911	911	0	54	29833405	0	29730197	29730409	0	29725161	1469208	Mozilla/5.0 (iPhone; CPU iPhone OS 13_2_3 like Mac OS X) AppleWebKit/605.1.15 (KHTML, like Gecko) Version/13.0.3 Mobile/15E148 Safari/604.1
4	4	0	0	0	29793910	0	0	29746598	0	0	6632	Mozilla/5.0 (Macintosh; Intel Mac OS X 10_15_7) AppleWebKit/605.1.15 (KHTML, like Gecko) Version/17.4 Safari/605.1.15 (Applebot/0.1; +http://www.apple.com/go/applebot)
4	0	0	0	1	0	0	29797120	0	0	29797120	0	Mozilla/5.0 AppleWebKit/537.36 (KHTML, like Gecko); compatible; meta-externalagent/1.1; +https://developers.facebook.com/docs/sharing/webmasters/crawler
4	1	0	0	0	29742901	0	0	29742901	0	0	4876	Mozilla/5.0 (Linux; Android 10; x64) AppleWebKit/537.36 (KHTML, like Gecko) Firefox/85.0.0.0 Safari/537.36
4	10	6	5	2	29821268	29772343	29772342	29734076	29772342	29759884	18238	Mozilla/5.0 (Windows NT 10.0; Win64; x64; rv:121.0) Gecko/20100101 Firefox/121.0
4	0	0	0	1	0	0	29797120	0	0	29797120	0	Mozilla/5.0 (Linux; Android 12; Pixel 6) AppleWebKit/537.36 (KHTML, like Gecko) Chrome/147.0.6404.196 Mobile Safari/537.36; compatible; facebookexternalhit/1.1; +http://www.facebook.com/externalhit_uatext.php
4	0	0	0	5	0	0	29797120	0	0	29797120	0	Mozilla/5.0 (compatible; GPTBot/1.2; +https://openai.com/gptbot)
4	0	0	0	1	0	0	29728002	0	0	29728002	0	Mozilla/5.0 (Windows NT 6.0; rv:49.0) Gecko/20100101 Firefox/49.0
4	1	0	0	0	29743877	0	0	29743877	0	0	1658	Mozilla/5.0 (Linux; Android 15; SM-S928B) AppleWebKit/537.36 (KHTML, like Gecko) SamsungBrowser/28.0 Chrome/130.0.0.0 Mobile Safari/537.36
4	0	0	0	1	0	0	29797120	0	0	29797120	0	Mozilla/5.0 (Linux; Android 13; Pixel 7) AppleWebKit/537.36 (KHTML, like Gecko) Chrome/114.0.7678.0 Mobile Safari/537.36; compatible; Google-Extended/1.0; +http://www.google.com/bot.html
4	3	0	0	1	29790793	0	29790790	29790790	0	29790790	4266	Mozilla/5.0 (Macintosh; Intel Mac OS X 10_15_7) AppleWebKit/605.1.15 (KHTML, like Gecko) Version/17.6 Safari/605.1.15
4	1	0	0	0	29733553	0	0	29733553	0	0	979	Mozilla/5.0 (Linux; Android 10; x64) AppleWebKit/537.36 (KHTML, like Gecko) Edge/92.0.0.0 Safari/537.36
4	0	0	0	3	0	0	29797120	0	0	29797120	0	Mozilla/5.0 AppleWebKit/537.36 (KHTML, like Gecko; compatible; GPTBot/1.2; +https://openai.com/gptbot)
4	0	0	0	1	0	0	29817423	0	0	29817423	0	Mozilla/5.0 (Linux; Android 11; RMX2161) AppleWebKit/537.36 (KHTML, like Gecko) Chrome/94.0.4606.85 Mobile Safari/537.36
4	1	0	0	0	29797120	0	0	29797120	0	0	1658	Mozilla/5.0 (Macintosh; Intel Mac OS X 14.5; rv:105.1) Gecko/20100101 Firefox/105.1; compatible; OAI-SearchBot/1.4; robots.txt; +https://openai.com/searchbot
4	2	0	0	0	29810815	0	0	29804383	0	0	3316	Mozilla/5.0 (Windows NT 10.0; Win64; x64; rv:124.0) Gecko/20100101 Firefox/124.0
4	1	0	0	0	29800068	0	0	29800068	0	0	4876	Mozilla/5.0 (Windows NT 6.2; x86) AppleWebKit/537.36 (KHTML, like Gecko) Edge/84.0.0.0 Safari/537.36
4	1	0	0	1	29797120	0	29797120	29797120	0	29797120	1658	Mozilla/5.0 AppleWebKit/537.36 (KHTML, like Gecko; compatible; Claude-SearchBot/1.0; +https://www.anthropic.com/claude-searchbot)
4	2	0	0	0	29797120	0	0	29797120	0	0	3316	Mozilla/5.0 AppleWebKit/537.36 (KHTML, like Gecko; compatible; OAI-SearchBot/1.4; robots.txt; +https://openai.com/searchbot)
4	1	1	0	0	29808815	0	0	29808815	0	0	1658	Mozilla/5.0 (Macintosh; Intel Mac OS X 10_15_7) AppleWebKit/537.36 (KHTML, like Gecko) Chrome/107.0.0.0 Safari/537.36
4	0	0	0	1	0	0	29797120	0	0	29797120	0	Mozilla/5.0 (Linux; Android 14; Pixel 8) AppleWebKit/537.36 (KHTML, like Gecko) Chrome/91.0.2161.242 Mobile Safari/537.36; compatible; GPTBot/1.4; +https://openai.com/gptbot
4	1	0	0	0	29797120	0	0	29797120	0	0	1658	Mozilla/5.0 (Linux; Android 12; Pixel 6) AppleWebKit/537.36 (KHTML, like Gecko; compatible; Slackbot-LinkExpanding/1.0; +https://api.slack.com/robots) Chrome/114.0.1572.0 Mobile Safari/537.36
4	2	0	0	0	29803022	0	0	29760107	0	0	3316	Mozilla/5.0 (Macintosh; Intel Mac OS X 12_0) AppleWebKit/605.1.15 (KHTML, like Gecko) Version/15.6 Safari/605.1.15
4	1	0	0	0	29797120	0	0	29797120	0	0	1658	Mozilla/5.0 (compatible; facebookexternalhit/1.1; +http://www.facebook.com/externalhit_uatext.php)
4	1	0	0	0	29802482	0	0	29802482	0	0	4876	Mozilla/5.0 (Linux; Android 10; x64) AppleWebKit/537.36 (KHTML, like Gecko) Opera/68.0.0.0 Safari/537.36
4	3	2	0	1	29818934	0	29818934	29779826	0	29818934	8192	Mozilla/5.0 (Windows NT 10.0; Win64; x64) AppleWebKit/537.36 (KHTML, like Gecko) Chrome/137.0.0.0 Safari/537.36
4	1	0	0	0	29793561	0	0	29793561	0	0	1658	Mozilla/5.0 (Windows NT 10.0; Win64; x64; rv:127.0) Gecko/20100101 Firefox/127.0
4	0	0	0	1	0	0	29797120	0	0	29797120	0	Mozilla/5.0 (Macintosh; Intel Mac OS X 14.5; rv:149.18) Gecko/20100101 Firefox/149.18; compatible; TelegramBot/1.0
4	1	0	0	0	29760107	0	0	29760107	0	0	1658	Mozilla/5.0 (Macintosh, Intel Mac OS X 10_15_7) AppleWebKit/605.1.15 (KHTML, like Gecko) Version/18.3 Safari/605.1.15
4	4	4	0	0	29753388	0	0	29749605	0	0	3316	Mozilla/5.0 (Windows NT 10.0; Win64; x64) Chrome/120.0.0.0
4	1	1	0	0	29786638	0	0	29786638	0	0	1422	Mozilla/5.0 (X11; Linux x86_64) AppleWebKit/537.36 (KHTML, like Gecko) Chrome/130.0.0.0 Safari/537.36
4	1	0	0	0	29787715	0	0	29787715	0	0	1658	Mozilla/5.0 (X11; Linux x86_64) AppleWebKit/537.36 (KHTML, like Gecko) Chrome/129.0.0.0 Safari/537.36
4	0	0	0	1	0	0	29749726	0	0	29749726	0	Mozilla/5.0 (X11; Linux x86_64) AppleWebKit/537.36 (KHTML, like Gecko) Chrome/72.0.3626.81 Safari/537.36
4	1	0	0	0	29807906	0	0	29807906	0	0	1422	Mozilla/5.0 (Macintosh; Intel Mac OS X 13_6_1) AppleWebKit/605.1.15 (KHTML, like Gecko) Version/17.2 Safari/605.1.15
4	5	0	5	0	29802025	29802025	0	29801859	29801859	0	24380	Mozilla/5.0 (QtEmbedded; U; Linux; C) AppleWebKit/533.3 (KHTML, like Gecko) MAG200 stbapp Mobile Safari/533.3
4	14	0	2	0	29830386	29828813	0	29818867	29818867	0	23212	Mozilla/5.0 (Windows NT 10.0; Win64; x64) AppleWebKit/537.36 (KHTML, like Gecko) Chrome/90.0.4430.85 Safari/537.36
4	120	0	0	6	29832332	0	29794214	29731633	0	29754932	4054653	Mozilla/5.0 AppleWebKit/537.36 (KHTML, like Gecko; compatible; bingbot/2.0; +http://www.bing.com/bingbot.htm) Chrome/136.0.0.0 Safari/537.36 AppleWebKit/537.36 (KHTML, like Gecko; compatible; bingbot/2.0; +http://www.bing.com/bingbot.htm) Chrome/116.0.1938.76 Safari/537.36
4	1	1	0	0	29796646	0	0	29796646	0	0	1658	Mozilla/5.0 (X11; Linux x86_64; rv:121.0) Gecko/20100101 Firefox/121.0
4	1	0	0	0	29760107	0	0	29760107	0	0	1658	Mozilla/5.0 (Macintosh; Intel Mac OS X 10_15_6) AppleWebKit/605.1.15 (KHTML, like Gecko) Version/15.4 Safari/605.1.15
4	0	0	0	1	0	0	29797120	0	0	29797120	0	Mozilla/5.0 (Linux; Android 15; SM-S918B) AppleWebKit/537.36 (KHTML, like Gecko) Chrome/124.0.1061.104 Mobile Safari/537.36; compatible; GPTBot/1.4; +https://openai.com/gptbot
4	1	1	0	0	29734365	0	0	29734365	0	0	702	Mozilla/5.0 (Linux; Android 10; K) AppleWebKit/537.36 (KHTML, like Gecko) Chrome/145.0.0.0 Mobile Safari/537.36
4	20	3	0	18	29776868	0	29776868	29732895	0	29776868	23363	Mozilla/5.0 (Windows NT 10.0; Win64; x64) AppleWebKit/537.36 (KHTML, like Gecko) Chrome/89.0.4389.114 Safari/537.36
4	1	0	0	0	29734792	0	0	29734792	0	0	3066	Mozilla/5.0 (Windows NT 6.3; x64) AppleWebKit/537.36 (KHTML, like Gecko) Safari/11.0.0.0 Safari/537.36
4	32	3	0	20	29814465	0	29784498	29730562	0	29725152	42820	Mozilla/5.0 (Macintosh; Intel Mac OS X 10_15_7) AppleWebKit/605.1.15 (KHTML, like Gecko) Version/15.5 Safari/605.1.15
4	2	0	1	1	29743877	29743877	29743877	29743877	29743877	29743877	3316	Mozilla/5.0 AppleWebKit/537.36 (KHTML, like Gecko); compatible; Claude-User/1.0; +mailto:support@anthropic.com
4	0	0	0	1	0	0	29797120	0	0	29797120	0	Mozilla/5.0 (X11; Linux x86_64) AppleWebKit/537.36 (KHTML, like Gecko) Chrome/120.0.3072.165 Safari/537.36 Edg/120.0.3072.165; compatible; Amzn-SearchBot/1.0; +https://developer.amazon.com/support/amazonbot
4	4	4	0	0	29799330	0	0	29786570	0	0	5688	understory/0.1 (CT research; https://github.com/0x4b) +contact-via-repo
4	27	2	0	1	29769127	0	29769127	29769126	0	29769127	540481	Mozilla/5.0 (Linux; Android 6.0.1; Nexus 5X Build/MMB29P) AppleWebKit/537.36 (KHTML, like Gecko) Chrome/150.0.7871.186 Mobile Safari/537.36 (compatible; Googlebot/2.1; +http://www.google.com/bot.html)
4	0	0	0	1	0	0	29761970	0	0	29761970	0	Mozilla/5.0 (Windows NT 6.3; arm64) AppleWebKit/537.36 (KHTML, like Gecko) Safari/11.0.0.0 Safari/537.36
4	9	8	0	0	29791614	0	0	29760291	0	0	8290	Mozilla/5.0 (Macintosh; Intel Mac OS X 10_15_7) AppleWebKit/537.36 (KHTML, like Gecko) Chrome/106.0.0.0 Safari/537.36
4	1	0	0	0	29797120	0	0	29797120	0	0	1658	Mozilla/5.0 (Windows NT 11.0; Win64; x64) AppleWebKit/537.36 (KHTML, like Gecko) Chrome/120.0.8396.124 Safari/537.36 Edg/120.0.8396.124; compatible; WhatsApp/10.0.2.1
4	3	2	0	0	29768520	0	0	29768520	0	0	2153	Mozilla/5.0 (X11; Linux x86_64) AppleWebKit/537.36 (KHTML, like Gecko) HeadlessChrome/120.0.6099.224 Safari/537.36
4	14	1	0	4	29801735	0	29801735	29734556	0	29734557	10482	Mozilla/5.0 (Windows NT 10.0; Win64; x64; rv:137.0) Gecko/20100101 Firefox/137.0
4	1	0	0	0	29797120	0	0	29797120	0	0	1658	Mozilla/5.0 (Macintosh; Intel Mac OS X 14_5) AppleWebKit/605.1.15 (KHTML, like Gecko) Version/16.7 Safari/605.1.15; compatible; Slackbot-LinkExpanding/1.0; +https://api.slack.com/robots
4	1	0	0	0	29760168	0	0	29760168	0	0	1658	Mozilla/5.0 (Windows NT 10.0; Win64; x64; rv:73.0) Gecko/20100101 Firefox/73.0
4	1	1	0	0	29778075	0	0	29778075	0	0	1658	Mozilla/5.0 (Windows NT 10.0; Win64; x64) AppleWebKit/537.36 (KHTML, like Gecko) Chrome/136.0.0.0 Safari/537.36
4	1	0	0	0	29804250	0	0	29804250	0	0	4876	Mozilla/5.0 (Windows NT 6.2; arm64) AppleWebKit/537.36 (KHTML, like Gecko) Chrome/85.0.0.0 Safari/537.36
4	1	0	0	0	29797120	0	0	29797120	0	0	1658	Mozilla/5.0 (Linux; Android 14; Pixel 8) AppleWebKit/537.36 (KHTML, like Gecko; compatible; Twitterbot/1.0) Chrome/124.0.2033.57 Mobile Safari/537.36
4	0	0	0	1	0	0	29725358	0	0	29725358	0	Mozilla/5.0 (Windows NT 6.1; Win64; x64) AppleWebKit/537.36 (KHTML, like Gecko) Chrome/83.0.4103.61 Safari/537.36
4	1	0	0	0	29797120	0	0	29797120	0	0	1658	Mozilla/5.0 (Macintosh; Intel Mac OS X 10.15; rv:149.16) Gecko/20100101 Firefox/149.16; compatible; OAI-SearchBot/1.4; robots.txt; +https://openai.com/searchbot
4	118	15	0	1	29833267	0	29775271	29731055	0	29775271	2030078	Mozilla/5.0 (compatible; Dataprovider.com)
4	0	0	0	1	0	0	29771109	0	0	29771109	0	Mozilla/5.0 (Linux; Android 10; x86) AppleWebKit/537.36 (KHTML, like Gecko) Edge/85.0.0.0 Safari/537.36
4	0	0	0	1	0	0	29782238	0	0	29782238	0	Mozilla/5.0 (Linux; Android 10; arm64) AppleWebKit/537.36 (KHTML, like Gecko) Edge/96.0.0.0 Safari/537.36
4	1	0	0	0	29743877	0	0	29743877	0	0	469220	Mozilla/5.0 (Linux; Android 15; SM-S928B) AppleWebKit/537.36 (KHTML, like Gecko) Chrome/150.0.0.0 Mobile Safari/537.36
4	0	0	0	2	0	0	29725305	0	0	29725305	0	Mozilla/5.0 (Linux; Android 6.0.1; Nexus 5X Build/MMB29P) AppleWebKit/537.36 (KHTML, like Gecko) Chrome/125.0.0.0 Mobile Safari/537.36 (compatible; Googlebot/2.1; +http://www.google.com/bot.html)
4	2	2	0	0	29793815	0	0	29745324	0	0	3316	Mozilla/5.0 (X11; Linux x86_64) AppleWebKit/537.36 (KHTML, like Gecko) Chrome/128.0.0.0 Safari/537.36
4	1	1	0	0	29778078	0	0	29778078	0	0	1658	Mozilla/5.0 (Windows NT 10.0; Win64; x64; rv:141.0) Gecko/20100101 Firefox/141.0
4	26	0	0	7	29832749	0	29832749	29832749	0	29832749	43108	Mozilla/5.0 (Macintosh; Intel Mac OS X 26_1) AppleWebKit/605.1.15 (KHTML, like Gecko) Version/26.1 Safari/605.1.15
4	0	0	0	1	0	0	29767779	0	0	29767779	0	Mozilla/5.0 (Macintosh; Intel Mac OS X 10_15_7; x64) AppleWebKit/537.36 (KHTML, like Gecko) Firefox/77.0.0.0 Safari/537.36
4	6	2	0	0	29741755	0	0	29731658	0	0	4842341	Mozilla/5.0 (X11; Linux x86_64; rv:131.0) Gecko/20100101 Firefox/131.0
4	0	0	0	1	0	0	29748595	0	0	29748595	0	Mozilla/5.0 (Linux; Android 10; x64) AppleWebKit/537.36 (KHTML, like Gecko) Firefox/83.0.0.0 Safari/537.36
4	1	0	0	1	29734367	0	29734367	29734367	0	29734367	702	Mozilla/5.0 (iPhone; CPU iPhone OS 18_0 like Mac OS X) AppleWebKit/605.1.15 (KHTML, like Gecko) CriOS/147.0.6917.0 Mobile/15E148 Safari/604.1
4	1	0	0	1	29760107	0	29784067	29760107	0	29784067	1658	Mozilla/5.0 (Windows NT 10.0; Win64; x64; rv:140.0) Gecko/20100101 Firefox/140.0 Thunderbird/140.0
4	6	0	0	0	29772879	0	0	29772821	0	0	9948	Mozilla/4.0 (compatible; MSIE 7.0; Windows NT 6.1; Trident/7.0; SLCC2; .NET CLR 2.0.50727; .NET CLR 3.5.30729; .NET CLR 3.0.30729; Media Center PC 6.0; .NET4.0C; .NET4.0E; Tablet PC 2.0)
4	0	0	0	1	0	0	29797120	0	0	29797120	0	Mozilla/5.0 (X11; Linux x86_64) AppleWebKit/537.36 (KHTML, like Gecko) Chrome/126.0.1296.55 Safari/537.36; compatible; Amazonbot/0.1; +https://developer.amazon.com/support/amazonbot
4	6	0	0	0	29774278	0	0	29774221	0	0	9948	Mozilla/5.0 (Windows NT 6.3; WOW64; Trident/7.0; MALCJS; rv:11.0) like Gecko
4	4	1	0	30	29826546	0	29826546	29826546	0	29826546	5688	Mozilla/5.0 (Macintosh; Intel Mac OS X 10_2_0) AppleWebKit/536.33 (KHTML, like Gecko) Chrome/32.0.1867.3 Safari/536.26
4	0	0	0	1	0	0	29738196	0	0	29738196	0	Mozilla/5.0 (Windows NT 6.1; Win64; x64) AppleWebKit/537.36 (KHTML, like Gecko) Chrome/74.0.3729.131 Safari/537.36
4	1	1	0	0	29796242	0	0	29796242	0	0	1422	Mozilla/5.0 (Windows NT 10.0; Win64; x64) AppleWebKit/537.36 (KHTML, like Gecko) Chrome/120.0.0.0 Safari/537.36 Edg/120.0.0.0
4	1	1	0	0	29807433	0	0	29807433	0	0	1422	Mozilla/5.0 (Macintosh; Intel Mac OS X 10_15_7) AppleWebKit/537.36 (KHTML, like Gecko) Chrome/139.0.0.0 Safari/537.36
4	0	0	0	2	0	0	29725133	0	0	29725133	0	NewSiteLeadBot/1.0 (+https://newsitelead.com/bot)
4	0	0	0	1	0	0	29797120	0	0	29797120	0	Mozilla/5.0 AppleWebKit/537.36 (KHTML, like Gecko); compatible; Claude-User/1.0; +Claude-User@anthropic.com
4	1	0	0	0	29797120	0	0	29797120	0	0	1658	Mozilla/5.0 (Macintosh; Intel Mac OS X 14_6_1) AppleWebKit/537.36 (KHTML, like Gecko) Chrome/131.0.7289.66 Safari/537.36; compatible; TelegramBot/1.0
4	1	0	0	0	29760107	0	0	29760107	0	0	1658	Mozilla/5.0 (ZZ; Linux x86_64) AppleWebKit/537.36 (KHTML, like Gecko) Chrome/134.0.0.0 Safari/537.36
4	17	4	0	3	29801735	0	29734557	29734557	0	29734557	975105	Mozilla/5.0 (Windows NT 10.0; Win64; x64) AppleWebKit/537.36 (KHTML, like Gecko) Chrome/135.0.0.0 Safari/537.36
4	1	0	0	0	29797120	0	0	29797120	0	0	1658	Mozilla/5.0 (X11; Ubuntu; Linux x86_64) AppleWebKit/537.36 (KHTML, like Gecko) Chrome/128.0.7361.218 Safari/537.36; compatible; GrokBot/1.0; +https://x.ai/grokbot
4	3	1	0	0	29741144	0	0	29741141	0	0	14628	Mozilla/5.0 (compatible; DotBot/1.1; http://www.opensiteexplorer.org/dotbot, help@moz.com)
4	1	0	0	0	29797120	0	0	29797120	0	0	1658	Mozilla/5.0 AppleWebKit/537.36 (KHTML, like Gecko); compatible; Applebot/0.1; +http://www.apple.com/go/applebot
4	0	0	0	1	0	0	29797120	0	0	29797120	0	Mozilla/5.0 (Windows NT 10.0; Win64; x64) AppleWebKit/537.36 (KHTML, like Gecko; compatible; PerplexityBot/1.0; +https://perplexity.ai/perplexitybot) Chrome/91.0.8716.194 Safari/537.36
4	2	0	0	0	29743877	0	0	29743877	0	0	3316	Mozilla/5.0 (Windows NT 10.0; Win64; x64; rv:151.0) Gecko/20100101 Firefox/151.0
4	1	0	0	0	29731497	0	0	29731497	0	0	298	Mozilla/5.0 (Linux; Android 10; K) AppleWebKit/537.36 (KHTML, like Gecko) Chrome/148.0.0.0 Mobile Safari/537.36
4	0	0	1	1	0	29797120	29797120	0	29797120	29797120	0	Mozilla/5.0 (compatible; ClaudeBot/1.0; +claudebot@anthropic.com)
4	0	0	0	1	0	0	29797120	0	0	29797120	0	Mozilla/5.0 (iPhone; CPU iPhone OS 16_4 like Mac OS X) AppleWebKit/605.1.15 (KHTML, like Gecko) Version/16.2 Mobile/15E148 Safari/604.1; compatible; Slackbot-LinkExpanding/1.0; +https://api.slack.com/robots
4	3	0	0	0	29742666	0	0	29742666	0	0	4974	Mozilla/5.0 (Windows NT 10.0; WOW64) AppleWebKit/537.36 (KHTML, like Gecko) Chrome/66.0.3359.117 Safari/537.36
4	2	2	0	0	29775384	0	0	29749377	0	0	3316	Mozilla/5.0 (X11; Linux x86_64) AppleWebKit/537.36 (KHTML, like Gecko) HeadlessChrome/136.0.0.0 Safari/537.36
4	6	3	0	0	29734493	0	0	29734493	0	0	2257	Mozilla/5.0 (X11; Linux x86_64) AppleWebKit/537.36 (KHTML, like Gecko) HeadlessChrome/75.0.3765.0 Safari/537.36
4	1	0	0	0	29760107	0	0	29760107	0	0	1658	Mozilla/5.0 (X11; Linux x86_64) AppleWebKit/537.36 (KHTML, like Gecko) Chrome/127.0.0.0 Safari/537.36
4	0	0	0	1	0	0	29797120	0	0	29797120	0	Mozilla/5.0 (Macintosh; Intel Mac OS X 10_15_7) AppleWebKit/537.36 (KHTML, like Gecko; compatible; Google-Extended/1.0; +http://www.google.com/bot.html) Chrome/136.0.7138.83 Safari/537.36 Edg/136.0.7138.83
4	4	4	0	1	29822564	0	29726566	29778320	0	29726566	6632	Mozilla/5.0 (X11; CrOS x86_64 14541.0.0) AppleWebKit/537.36 (KHTML, like Gecko) Chrome/121.0.0.0 Safari/537.3
4	1	0	0	0	29797120	0	0	29797120	0	0	1658	Mozilla/5.0 (compatible; Discordbot/2.0; +https://discordapp.com)
4	3	3	0	0	29823277	0	0	29730921	0	0	10725	Mozilla/5.0 (compatible; NetcraftSurveyAgent/1.0; +info@netcraft.com)
4	10	3	0	0	29820659	0	0	29756605	0	0	16580	Mozilla/5.0 (compatible; SERankingBacklinksBot/1.0; +https://seranking.com/backlinks-crawler)
4	0	0	0	1	0	0	29797120	0	0	29797120	0	Mozilla/5.0 (Macintosh; Intel Mac OS X 14_6_1) AppleWebKit/605.1.15 (KHTML, like Gecko; compatible; Claude-SearchBot/1.0; +https://www.anthropic.com/claude-searchbot) Version/16.0 Safari/605.1.15
4	1	0	0	2	29730892	0	29730892	29730892	0	29730892	298	Mozilla/5.0 (Windows NT 10.0; Win64; x64) AppleWebKit/537.36 (KHTML, like Gecko) Chrome/147.0.0.0 Safari/537.36 Edg/146.0.3856.109
4	0	0	0	1	0	0	29797120	0	0	29797120	0	Mozilla/5.0 (iPhone; CPU iPhone OS 18_4 like Mac OS X) AppleWebKit/537.36 (KHTML, like Gecko; compatible; meta-externalagent/1.1; +https://developers.facebook.com/docs/sharing/webmasters/crawler) Chrome/136.0.8102.53 Mobile Safari/537.36
4	0	0	0	1	0	0	29788476	0	0	29788476	0	Mozilla/5.0 (Macintosh; Intel Mac OS X 10_15_7; x86) AppleWebKit/537.36 (KHTML, like Gecko) Safari/15.0.0.0 Safari/537.36
4	1	0	0	0	29806167	0	0	29806167	0	0	1658	python-requests/2.25.1
4	0	0	0	1	0	0	29797120	0	0	29797120	0	Mozilla/5.0 (X11; Ubuntu; Linux x86_64) AppleWebKit/537.36 (KHTML, like Gecko) Chrome/148.0.1718.21 Safari/537.36; compatible; Applebot/0.1; +http://www.apple.com/go/applebot
4	1	0	0	0	29760107	0	0	29760107	0	0	1658	Mozilla/5.0 (Macintosh; Intel Mac OS X 13_6) AppleWebKit/605.1.15 (KHTML, like Gecko) Version/18.5 Safari/604.1
4	5	1	0	0	29794506	0	0	29794506	0	0	8290	Mozilla/5.0 (compatible; SiteInspector/1.0)
4	36	0	0	0	29731415	0	0	29730326	0	0	1066827	Mozilla/5.0 AppleWebKit/537.36 (KHTML, like Gecko; compatible; Googlebot/2.1; +http://www.google.com/bot.html) Chrome/150.0.7871.46 Safari/537.36
4	4	4	0	0	29816570	0	0	29816570	0	0	3316	Mozilla/5.0 (compatible; WPDetector-XL/1.1) - Accurate Detection
4	1	0	0	0	29797120	0	0	29797120	0	0	1658	Mozilla/5.0 (compatible; Claude-SearchBot/1.0; +https://www.anthropic.com/claude-searchbot)
4	0	0	0	1	0	0	29817658	0	0	29817658	0	Mozilla/5.0 (Windows NT 10.0; Win64; x64) AppleWebKit/537.36 (KHTML, like Gecko) Chrome/100.0.4896.88 Safari/537.36
4	20	8	0	0	29769518	0	0	29768432	0	0	1938743	Mozilla/5.0 (iPhone; CPU iPhone OS 18_7_8 like Mac OS X) AppleWebKit/605.1.15 (KHTML, like Gecko) Version/26.0 Mobile/15E148 Safari/604.1
4	4	0	0	0	29796808	0	0	29796808	0	0	19504	Mozilla/5.0 (Windows NT 10.0; Win64; x64) AppleWebKit/537.36 (KHTML, like Gecko) Chrome/124.0 Safari/537.36
4	32	3	0	2	29748334	0	29748334	29748334	0	29748334	1263160	Mozilla/5.0 (X11; Linux x86_64) AppleWebKit/537.36 (KHTML, like Gecko) Chrome/138 Safari/537.36
4	2	1	0	0	29811428	0	0	29811428	0	0	2844	LohiSoftBot/1.0 (+https://lohisoft.com/bot)
4	6	2	0	0	29816229	0	0	29815295	0	0	29256	Mozilla/5.0 (X11; Linux x86_64) AppleWebKit/537.36 (KHTML, like Gecko) Chrome/126.0.0.0 Safari/537.36
4	12	0	0	0	29833392	0	0	29751243	0	0	19896	Mozilla/5.0 (Macintosh; Intel Mac OS X 10_15_7) AppleWebKit/605.1.15 Version/17.0 Safari/605.1.15
4	1	1	0	0	29760107	0	0	29760107	0	0	1658	Mozilla/5.0 (Macintosh; Intel Mac OS X 10_10; rv:33.0) Gecko/20100101 Firefox/33.0
4	2	1	0	0	29740450	0	0	29740450	0	0	3316	Mozilla/5.0 (compatible; domains-distillery/1.0; +https://crawler.validus.ai)
4	1	1	0	0	29789145	0	0	29789145	0	0	0	Mozilla/5.0 (Windows NT 10.0; Win64; x64) AppleWebKit/537.36 (KHTML, like Gecko) Chrome/58.0.3029.110 Safari/537.3
4	0	0	0	1	0	0	29743727	0	0	29743727	0	Mozilla/5.0 (X11; Linux i686; rv:1.9.6.20) Gecko/ Firefox/10.0
4	0	0	0	1	0	0	29832449	0	0	29832449	0	Mozilla/5.0 (Windows NT 10.0; rv:102.0) Gecko/20100101 Firefox/102.0
4	6	0	0	0	29770432	0	0	29770382	0	0	9948	Mozilla/5.0 (Windows NT 10.0; Win64; x64) AppleWebKit/537.36 (KHTML, like Gecko) Chrome/67.0.3396.79 Safari/537.36
4	1	0	0	0	29797120	0	0	29797120	0	0	1658	Mozilla/5.0 AppleWebKit/537.36 (KHTML, like Gecko; compatible; Perplexity-User/1.0; +https://perplexity.ai/perplexity-user)
4	0	0	0	1	0	0	29797120	0	0	29797120	0	Mozilla/5.0 (Macintosh; Intel Mac OS X 14_6_1) AppleWebKit/537.36 (KHTML, like Gecko) Chrome/133.0.6549.212 Safari/537.36 Edg/133.0.6549.212; compatible; Amzn-SearchBot/1.0; +https://developer.amazon.com/support/amazonbot
4	2	0	0	0	29800102	0	0	29760107	0	0	3080	Mozilla/5.0 (Macintosh; Intel Mac OS X 10_15_7) AppleWebKit/605.1.15 (KHTML, like Gecko) Version/17.1 Safari/605.1.15
4	1	1	0	0	29760492	0	0	29760492	0	0	1658	Mozilla/5.0 (X11; Linux i686; rv:1.9.6.20) Gecko/ Firefox/3.6.9
4	1	0	0	0	29824538	0	0	29824538	0	0	4876	Mozilla/5.0 (Windows NT 10.0; x86) AppleWebKit/537.36 (KHTML, like Gecko) Firefox/93.0.0.0 Safari/537.36
4	1	1	0	0	29813130	0	0	29813130	0	0	1658	Python/3.13 aiohttp/3.14.1
4	1	0	0	0	29813063	0	0	29813063	0	0	1422	Mozilla/5.0 (Windows NT 11.0; Win64; x64; rv:121.0) Gecko/20100101 Firefox/121.0
4	1	0	0	1	29797120	0	29797120	29797120	0	29797120	1658	Mozilla/5.0 AppleWebKit/537.36 (KHTML, like Gecko; compatible; Applebot/0.1; +http://www.apple.com/go/applebot)
4	37	6	0	0	29821790	0	0	29814580	0	0	588861	Mozilla/5.0 (Linux; Android 10; K) AppleWebKit/537.36 (KHTML, like Gecko) Chrome/152.0.0.0 Mobile Safari/537.36
4	0	0	0	3	0	0	29797120	0	0	29773142	0	Mozilla/5.0 AppleWebKit/537.36 (KHTML, like Gecko; compatible; ClaudeBot/1.0; +claudebot@anthropic.com)
4	1	1	0	0	29763983	0	0	29763983	0	0	1658	Mozilla/5.0 (Windows NT 6.1; WOW64; rv:43.0) Gecko/20100101 Firefox/43.0
4	88	55	0	7	29830809	0	29730049	29731465	0	29725757	79976945	SiteLockSpider [en] (WinNT; I ;Nav)
4	1	1	0	0	29798129	0	0	29798129	0	0	1658	Mozilla/5.0 (Macintosh; Intel Mac OS X 10_15_7) AppleWebKit/537.36 (KHTML, like Gecko) Chrome/137.0.0.0 Safari/537.36
4	0	0	0	2	0	0	29806167	0	0	29806167	0	Mozilla/5.0 (Linux; U; Android 4.4.2; en-US; HM NOTE 1W Build/KOT49H) AppleWebKit/534.30 (KHTML, like Gecko) Version/4.0 UCBrowser/11.0.5.850 U3/0.8.0 Mobile Safari/534.30
4	1	0	0	0	29743877	0	0	29743877	0	0	1658	Mozilla/5.0 (Linux; Android 15; Pixel 9) AppleWebKit/537.36 (KHTML, like Gecko) Chrome/150.0.0.0 Mobile Safari/537.36
4	0	0	0	3	0	0	29797120	0	0	29797120	0	Mozilla/5.0 AppleWebKit/537.36 (KHTML, like Gecko; compatible; Discordbot/2.0; +https://discordapp.com)
4	1	1	0	0	29828184	0	0	29828184	0	0	4876	Mozilla/5.0 (Windows NT 10.0; Win64; x64) AppleWebKit/537.36 (KHTML, like Gecko) Chrome/91.0.4472.124 Safari/537.36
4	1	0	0	0	29818244	0	0	29818244	0	0	1422	Mozilla/5.0 (Macintosh; Intel Mac OS X 13_6_1) AppleWebKit/537.36 (KHTML, like Gecko) Chrome/121.0.0.0 Safari/537.36
4	4	1	0	0	29789122	0	0	29789122	0	0	5688	LohiSoftBot/1.0 (+message@lohisoft.com)
4	7	0	0	1	29785335	0	29785335	29785335	0	29785335	497693	Mozilla/5.0 (Linux; Android 6.0.1; Nexus 5X Build/MMB29P) AppleWebKit/537.36 (KHTML, like Gecko) Chrome/151.0.7922.108 Mobile Safari/537.36 (compatible; Googlebot/2.1; +http://www.google.com/bot.html)
4	447	162	32	27	29828707	29771197	29771197	29739772	29745880	29746022	635870	Mozilla/5.0 (Windows NT 10.0; Win64; x64) AppleWebKit/537.36 (KHTML, like Gecko) Chrome/133.0.0.0 Safari/537.36
4	1	0	0	0	29797120	0	0	29797120	0	0	1658	Mozilla/5.0 (Windows NT 10.0; Win64; x64) AppleWebKit/537.36 (KHTML, like Gecko) Chrome/131.0.267.26 Safari/537.36; compatible; LinkedInBot/1.0; +http://www.linkedin.com
4	0	0	0	1	0	0	29765811	0	0	29765811	0	Mozilla/5.0 (Linux; Android 10; arm64) AppleWebKit/537.36 (KHTML, like Gecko) Edge/93.0.0.0 Safari/537.36
4	2	0	0	4	29797120	0	29797120	29782721	0	29782721	3316	Mozilla/5.0 (compatible; Google-Extended/1.0; +http://www.google.com/bot.html)
4	2	2	0	0	29768718	0	0	29764922	0	0	3316	Mozilla/5.0 (X11; Linux x86_64) AppleWebKit/537.36 (KHTML, like Gecko) Chrome/125.0.0.0 Safari/537.36
4	3	0	0	0	29765727	0	0	29765727	0	0	4974	Mozilla/5.0 (Windows NT 6.2; ARM; Trident/7.0; Touch; rv:11.0; WPDesktop; NOKIA; Lumia 635) like Gecko
4	1	0	0	1	29737283	0	29774718	29737283	0	29774718	4876	Mozilla/5.0 (Linux; Android 10; x64) AppleWebKit/537.36 (KHTML, like Gecko) Firefox/80.0.0.0 Safari/537.36
4	1	0	0	0	29760292	0	0	29760292	0	0	1658	Mozilla/5.0 (SS; Linux i686) AppleWebKit/537.36 (KHTML, like Gecko) Chrome/135.0.0.0 Safari/537.36
4	0	0	0	1	0	0	29757295	0	0	29757295	0	Mozilla/5.0 (X11; Ubuntu; Linux x86_64; arm64) AppleWebKit/537.36 (KHTML, like Gecko) Edge/80.0.0.0 Safari/537.36
4	2	2	0	0	29813943	0	0	29813943	0	0	9752	Mozilla/5.0 (Linux; Android 15; SM-G960U) AppleWebKit/537.36 (KHTML, like Gecko) Chrome/137.0.7151.62 Mobile Safari/537.36
4	0	0	0	1	0	0	29797120	0	0	29797120	0	Mozilla/5.0 (Macintosh; Intel Mac OS X 14.5; rv:105.18) Gecko/20100101 Firefox/105.18; compatible; GPTBot/1.2; +https://openai.com/gptbot
4	4	0	0	0	29815365	0	0	29815365	0	0	521685	Mozilla/5.0 AppleWebKit/537.36 (KHTML, like Gecko; compatible; Googlebot/2.1; +http://www.google.com/bot.html) Chrome/151.0.7922.173 Safari/537.36
4	1	1	0	0	29786808	0	0	29786808	0	0	1422	Mozilla/5.0 (X11; CrOS x86_64 14541.0.0) AppleWebKit/537.36 (KHTML, like Gecko) Chrome/144.0.0.0 Safari/537.36
4	2	2	0	1	29808296	0	29729469	29788471	0	29729469	3316	Mozilla/5.0 (Macintosh; Intel Mac OS X 10_15_7) AppleWebKit/605.1.15 (KHTML, like Gecko) Version/17.3.1 Safari/605.1.1
4	5	0	0	0	29743877	0	0	29743877	0	0	8290	Mozilla/5.0 AppleWebKit/537.36 (KHTML, like Gecko); compatible; ClaudeBot/1.0; +mailto:support@anthropic.com
4	4	0	0	3	29797120	0	29787355	29787355	0	29782721	6632	Mozilla/5.0 (compatible; PerplexityBot/1.0; +https://perplexity.ai/perplexitybot)
4	8	0	0	1	29797120	0	29743877	29743877	0	29743877	13264	Mozilla/5.0 AppleWebKit/537.36 (KHTML, like Gecko); compatible; Perplexity-User/1.0; +https://perplexity.ai/perplexity-user
4	4	0	0	0	29797120	0	0	29797120	0	0	6632	Mozilla/5.0 (compatible; Claude-User/1.0; +https://www.anthropic.com/claude-user)
4	1	1	0	0	29758381	0	0	29758381	0	0	1658	Mozilla/5.0 (Windows NT 6.2) AppleWebKit/537.36 (KHTML, like Gecko) Chrome/28.0.1467.0 Safari/537.36
4	0	0	0	1	0	0	29728002	0	0	29728002	0	Mozilla/5.0 (X11; Linux x86_64) AppleWebKit/537.36 (KHTML, like Gecko) Version/4.0 Chrome/76.0.3809.111 Safari/537.36
4	17	3	0	10	29797120	0	29797120	29743877	0	29743877	26230	Mozilla/5.0 AppleWebKit/537.36 (KHTML, like Gecko); compatible; ChatGPT-User/1.0; +https://openai.com/bot
4	0	0	0	2	0	0	29788441	0	0	29731546	0	Mozilla/5.0 (Macintosh; Intel Mac OS X 10_15_7) AppleWebKit/537.36 (KHTML, like Gecko) Chrome/136.0.0.0 Safari/537.36
4	2	1	0	0	29750632	0	0	29735882	0	0	2854	Mozilla/5.0 (Macintosh; Intel Mac OS X 10_15_7) AppleWebKit/605.1.15 (KHTML, like Gecko) Version/18.3 Safari/605.1.15
4	102	3	30	1	29822452	29822452	29822452	29792423	29822452	29822452	145280	Mozilla/5.0 (Windows NT 10.0; Win64; x64) AppleWebKit/537.36 (KHTML, like Gecko) Chrome/132.0.0.0 Safari/537.36
4	2	1	0	0	29794233	0	0	29794233	0	0	3316	Pandalytics/2.0 (+https://domainsbot.com/network-crawler-pandalytics-kdc68dhsbd/)
4	0	0	0	1	0	0	29797120	0	0	29797120	0	Mozilla/5.0 (Macintosh; Intel Mac OS X 14.5; rv:121.6) Gecko/20100101 Firefox/121.6; compatible; Amzn-SearchBot/1.0; +https://developer.amazon.com/support/amazonbot
4	103	9	0	3	29813635	0	29783312	29732790	0	29753000	4711380	Mozilla/5.0 (Linux; Android 7.0; Moto G (4)) AppleWebKit/537.36 (KHTML, like Gecko) Chrome/94.0.4590.2 Mobile Safari/537.36 Chrome-Lighthouse
4	1	1	0	23	29791437	0	29797214	29791437	0	29786539	1422	Mozilla/5.0 (X11; Linux x86_64) AppleWebKit/537.36 (KHTML, like Gecko) Chrome/81.0.4044.129 Safari/537.36
4	1	0	0	0	29797120	0	0	29797120	0	0	1658	Mozilla/5.0 (iPhone; CPU iPhone OS 17_5 like Mac OS X) AppleWebKit/605.1.15 (KHTML, like Gecko; compatible; Twitterbot/1.0) Version/18.3 Mobile/15E148 Safari/604.1
4	1	0	0	0	29822492	0	0	29822492	0	0	4876	Mozilla/5.0 (Windows NT 10.0; arm64) AppleWebKit/537.36 (KHTML, like Gecko) Edge/91.0.0.0 Safari/537.36
4	2	1	0	0	29768409	0	0	29768406	0	0	1488	Mozilla/5.0 (Linux; arm_64; Android 16; SM-S936B) AppleWebKit/537.36 (KHTML, like Gecko) Chrome/148.0.7778.115 YaBrowser/26.6.3.115.00 Mobile Safari/537.36
4	0	0	0	1	0	0	29797120	0	0	29797120	0	Mozilla/5.0 (Macintosh; Intel Mac OS X 10.15; rv:121.8) Gecko/20100101 Firefox/121.8; compatible; GPTBot/1.4; +https://openai.com/gptbot
4	3	0	0	0	29798100	0	0	29798099	0	0	4974	Mozilla/5.0 (Windows NT 10.0; WOW64; Trident/7.0; ASJB; rv:11.0) like Gecko
4	1	1	0	0	29730753	0	0	29730753	0	0	298	Mozilla/5.0 (Macintosh; iMac G3) AppleWebKit/537.36 (KHTML, like Gecko) Chrome/123.0.0.0 Safari/537.36
4	7	5	0	0	29792518	0	0	29734386	0	0	10826	Mozilla/5.0 (Windows NT 6.1; Win64; x64; rv:109.0) Gecko/20100101 Firefox/115
4	9	9	0	1	29822957	0	29729969	29731414	0	29729969	11674	Mozilla/5.0 (Linux; Android 6.0.1; Nexus 5X Build/MMB29P) AppleWebKit/537.36 (KHTML, like Gecko) Chrome/99.0.4844.84 Mobile Safari/537.36 (compatible; Googlebot/2.1; +http://www.google.com/bot.html)
4	1	1	0	0	29760107	0	0	29760107	0	0	1658	Mozilla/5.0 (X11; Ubuntu; Linux x86_64; rv:139.0) Gecko/20100101 Firefox/139.0
4	6	0	0	0	29774289	0	0	29774231	0	0	9948	Mozilla/5.0 (Macintosh; Intel Mac OS X 10_10_5) AppleWebKit/602.3.12 (KHTML, like Gecko) Version/10.0.2 Safari/602.3.12
4	0	0	0	2	0	0	29789974	0	0	29787807	0	Mozilla/5.0 gitscan-go/0.3
4	1	0	0	0	29830799	0	0	29830799	0	0	4876	Mozilla/5.0 (Windows NT 10.0; x64) AppleWebKit/537.36 (KHTML, like Gecko) Chrome/86.0.0.0 Safari/537.36
4	1	0	0	0	29797120	0	0	29797120	0	0	1658	Mozilla/5.0 (Windows NT 10.0; Win64; x64) AppleWebKit/537.36 (KHTML, like Gecko) Chrome/122.0.2433.18 Safari/537.36; compatible; GrokBot/1.0; +https://x.ai/grokbot
4	1	0	0	0	29797120	0	0	29797120	0	0	1658	Mozilla/5.0 (Macintosh; Intel Mac OS X 10.15; rv:143.3) Gecko/20100101 Firefox/143.3; compatible; Discordbot/2.0; +https://discordapp.com
4	15	0	0	2	29814069	0	29729782	29740199	0	29728584	73140	facebookexternalhit/1.1 (+http://www.facebook.com/externalhit_uatext.php)
4	0	0	0	11	0	0	29797120	0	0	29743877	0	Mozilla/5.0 (compatible; Amazonbot/0.1; +https://developer.amazon.com/support/amazonbot)
4	2	0	0	0	29733380	0	0	29733202	0	0	892	Mozilla/5.0 (compatible; SecurityResearch/1.0; )
4	10	1	0	2	29801737	0	29801735	29734557	0	29734557	9286	Mozilla/5.0 (Macintosh; Intel Mac OS X 10_15_7) AppleWebKit/537.36 (KHTML, like Gecko) Chrome/135.0.0.0 Safari/537.36
4	4	0	0	0	29778411	0	0	29778410	0	0	6632	Mozilla/5.0 (Windows NT 6.1; WOW64; Trident/7.0; LCJB; rv:11.0) like Gecko
4	0	0	0	1	0	0	29817688	0	0	29817688	0	Mozilla/5.0 (Linux; Android 11; moto g(40) fusion) AppleWebKit/537.36 (KHTML, like Gecko) Chrome/101.0.4951.41 Mobile Safari/537.36
4	1	0	0	1	29819642	0	29758427	29819642	0	29758427	4876	Mozilla/5.0 (Windows NT 6.3; x64) AppleWebKit/537.36 (KHTML, like Gecko) Chrome/97.0.0.0 Safari/537.36
4	1	1	0	0	29754931	0	0	29754931	0	0	1658	Mozilla/5.0 (Macintosh; Intel Mac OS X 10_15_7) AppleWebKit/605.1.15 (KHTML, like Gecko) Version/16.2 Safari/605.1.15
4	345	33	8	939	29827066	29817310	29827066	29732629	29732630	29732629	979405	Mozilla/5.0 (Windows NT 10.0; Win64; x64) AppleWebKit/537.36 (KHTML, like Gecko) Chrome/131.0.0.0 Safari/537.36
4	4	0	0	5	29797120	0	29797120	29743877	0	29743877	6632	Mozilla/5.0 (compatible; Applebot/0.1; +http://www.apple.com/go/applebot)
4	1	0	0	0	29797120	0	0	29797120	0	0	1658	Mozilla/5.0 (iPhone; CPU iPhone OS 18_0 like Mac OS X) AppleWebKit/605.1.15 (KHTML, like Gecko; compatible; ClaudeBot/1.0; +claudebot@anthropic.com) Version/18.2 Mobile/15E148 Safari/604.1
4	8	0	0	0	29769517	0	0	29768432	0	0	6896	okhttp/5.3.0
4	1	0	0	0	29811451	0	0	29811451	0	0	1658	Mozilla/5.0 (Macintosh; Intel Mac OS X 15_3) AppleWebKit/605.1.15 (KHTML, like Gecko) Version/18.3 Safari/605.1.15
4	3	3	0	0	29800770	0	0	29789210	0	0	4974	Mozilla/5.0 (Windows NT 10.0; Win64; x64) Chrome/120.0.0.0 Safari/537.36
4	1	0	0	0	29777536	0	0	29777536	0	0	4876	Jetpack/13.0; WordPress/6.4; http://site15993617.com
4	0	0	0	2	0	0	29797120	0	0	29797120	0	Mozilla/5.0 AppleWebKit/537.36 (KHTML, like Gecko); compatible; GPTBot/1.4; +https://openai.com/gptbot
4	1	0	0	0	29750632	0	0	29750632	0	0	1658	Mozilla/5.0 (Windows NT 10.0; Win64; x64) AppleWebKit/537.36 (KHTML, like Gecko) Chrome/147.0.0.0 Safari/537.36 Edg/147.0.0.0
4	79	9	0	3	29789962	0	29784682	29732766	0	29750582	1292029	Mozilla/5.0 AppleWebKit/537.36 (KHTML, like Gecko; compatible; bingbot/2.0; +http://www.bing.com/bingbot.htm) Chrome/136.0.0.0 Safari/537.36
4	3	3	0	0	29833107	0	0	29731055	0	0	10725	Mozilla/5.0 (Linux; Android 10; SM-G981B) AppleWebKit/537.36 (KHTML, like Gecko) Chrome/80.0.3987.162 Mobile Safari/537.36
4	36	14	0	4	29820505	0	29749411	29749410	0	29749410	51192	18.025.01.1022
4	1	0	0	0	29739482	0	0	29739482	0	0	4876	Jetpack/12.1; WordPress/6.4; http://site46784427.com
4	1	1	0	1	29804401	0	29729103	29804401	0	29729103	1658	Mozilla/5.0 (Windows NT 10.0; Win64; x64) AppleWebKit/537.36 (KHTML, like Gecko) Chrome/122.0.0.0 Safari/537.36 Agency/93.8.2357.5
4	3	0	0	0	29769459	0	0	29768403	0	0	198	Mozilla/5.0 (Windows NT 6.3; WOW64; rv:38.0) Gecko/20100101 Firefox/38.0
4	1	1	0	0	29732327	0	0	29732327	0	0	443	Mozilla/5.0 (X11; Linux x86_64) AppleWebKit/537.36 (KHTML, like Gecko) Chrome/106.0.5249.119 Safari/537.36
4	1	1	0	0	29831957	0	0	29831957	0	0	1658	Mozilla/5.0 (Windows NT 10.0; Win64; x64) AppleWebKit/537.36 (KHTML, like Gecko) Chrome/102.0.5005.63 Safari/537.36
4	1	1	0	0	29818569	0	0	29818569	0	0	4876	ccfetch/1.0
4	1	0	0	2	29797120	0	29797120	29797120	0	29797120	1658	Mozilla/5.0 AppleWebKit/537.36 (KHTML, like Gecko; compatible; GrokBot/1.0; +https://x.ai/grokbot)
4	2	1	0	1	29757444	0	29757444	29757444	0	29757444	9752	vuln_scanner/3.0.0 (CVE-2026-4020)
4	27	6	0	16	29813744	0	29785454	29731464	0	29725160	39735	Mozilla/5.0 (Windows NT 10.0; Win64; x64) AppleWebKit/537.36 (KHTML, like Gecko) Chrome/99.0.4844.51 Safari/537.36
4	1	0	0	0	29797120	0	0	29797120	0	0	1658	Mozilla/5.0 (X11; Linux x86_64) AppleWebKit/537.36 (KHTML, like Gecko) Chrome/85.0.5198.4 Safari/537.36; compatible; GrokBot/1.0; +https://x.ai/grokbot
4	1	0	0	0	29797120	0	0	29797120	0	0	1658	Mozilla/5.0 (iPhone; CPU iPhone OS 18_4 like Mac OS X) AppleWebKit/537.36 (KHTML, like Gecko; compatible; GrokBot/1.0; +https://x.ai/grokbot) Chrome/114.0.8766.201 Mobile Safari/537.36
4	4	0	0	2	29797120	0	29797120	29797120	0	29797120	6632	Mozilla/5.0 (compatible; LinkedInBot/1.0; +http://www.linkedin.com)
4	0	0	0	1	0	0	29831066	0	0	29831066	0	Mozilla/5.0 (X11; U; NetBSD amd64; en-US; rv:1.9.2.15) Gecko/20110308 Namoroka/3.6.15
4	0	0	0	1	0	0	29754302	0	0	29754302	0	Mozilla/5.0 (Windows NT 6.3; x86) AppleWebKit/537.36 (KHTML, like Gecko) Safari/14.0.0.0 Safari/537.36
4	0	0	0	1	0	0	29797120	0	0	29797120	0	Mozilla/5.0 (Linux; Android 13; Pixel 7) AppleWebKit/537.36 (KHTML, like Gecko) Chrome/118.0.5518.69 Mobile Safari/537.36; compatible; ChatGPT-User/1.0; +https://openai.com/bot
4	4	1	1	0	29800345	29800345	0	29800345	29800345	0	19504	CMS-Security-Auditor/1.0 (+authorized self-check; contact: local-admin)
4	15	4	0	1	29811880	0	29729300	29739989	0	29729300	1967340	Mozilla/5.0 (Windows NT 10.0; Win64; x64) AppleWebKit/537.36 (KHTML, like Gecko; compatible; BuiltWith/1.4; rb.gy/xprgqj) Chrome/124.0.0.0 Safari/537.36
4	3	0	0	0	29772892	0	0	29772891	0	0	4974	Mozilla/5.0 (Macintosh; Intel Mac OS X 10_10_5) AppleWebKit/537.36 (KHTML, like Gecko) Chrome/65.0.3325.162 Safari/537.36
4	9	0	0	2	29797120	0	29797120	29797120	0	29797120	14922	Mozilla/5.0 (compatible; TelegramBot/1.0)
4	6	6	0	0	29824233	0	0	29741966	0	0	29256	Mozilla/5.0 (Macintosh; Intel Mac OS X 10_15_7) AppleWebKit/537.36 (KHTML, like Gecko) Chrome/134.0.0.0 Safari/537.36
4	0	0	0	1	0	0	29761215	0	0	29761215	0	Mozilla/5.0 (Macintosh; Intel Mac OS X 10_15_6) AppleWebKit/605.1.15 (KHTML, like Gecko) Version/14.0 Safari/605.1.15
4	2	1	0	0	29764132	0	0	29764132	0	0	1724	Mozilla/5.0 (Windows NT 6.2; rv:139.0) Gecko/20100101 Firefox/139.0
4	0	0	0	1	0	0	29797120	0	0	29797120	0	Mozilla/5.0 (Linux; Android 12; Pixel 6) AppleWebKit/537.36 (KHTML, like Gecko) Chrome/124.0.6925.243 Mobile Safari/537.36; compatible; Claude-User/1.0; +Claude-User@anthropic.com
5	1	0	0	0	29813743	0	0	29813743	0	0	1422	191.96.125.11
5	13	0	0	0	29805524	0	0	29805524	0	0	21554	170.64.225.153
5	1	0	0	0	29795121	0	0	29795121	0	0	4876	69.63.184.34
5	2	0	0	0	29802600	0	0	29802600	0	0	2844	191.96.125.10
5	0	0	0	1	0	0	29814570	0	0	29814570	0	74.7.243.247
5	3	1	1	0	29804373	29800769	0	29800702	29800769	0	4502	69.6.220.159
5	6	2	0	2	29823270	0	29822302	29818404	0	29818017	746178	74.7.243.246
5	2	2	0	0	29735211	0	0	29735211	0	0	1196	172.252.175.42
5	1	0	0	0	29795246	0	0	29795246	0	0	1658	18.210.201.249
5	1	0	1	0	29775658	29775658	0	29775658	29775658	0	1422	50.28.37.221
5	4	0	0	0	29754568	0	0	29734366	0	0	5204	217.182.128.41
5	1	1	0	0	29763918	0	0	29763918	0	0	1658	5.133.192.192
5	2	1	0	0	29794772	0	0	29794772	0	0	455852	74.7.243.243
5	2	1	0	0	29764995	0	0	29764995	0	0	1724	167.71.9.82
5	1	0	0	0	29778864	0	0	29778864	0	0	1658	69.6.214.192
5	3	1	0	0	29777677	0	0	29777677	0	0	520878	74.7.243.237
5	1	1	0	0	29825829	0	0	29825829	0	0	1658	43.159.143.187
5	5	1	0	1	29745767	0	29748730	29745766	0	29748730	705068	74.7.243.235
5	1	1	0	0	29794094	0	0	29794094	0	0	1658	41.251.159.124
5	1	1	0	0	29769519	0	0	29769519	0	0	1658	140.99.190.125
5	1	0	0	0	29796808	0	0	29796808	0	0	4876	107.181.150.233
5	2	2	0	0	29756806	0	0	29735943	0	0	2854	43.140.247.223
5	2	0	0	0	29822109	0	0	29821439	0	0	3316	68.210.201.17
5	0	0	0	1	0	0	29766469	0	0	29766469	0	74.7.243.224
5	1	0	0	0	29806578	0	0	29806578	0	0	4876	177.44.177.27
5	2	1	0	0	29765124	0	0	29765124	0	0	1724	5.133.192.167
5	1	0	0	1	29784386	0	29778117	29784386	0	29778117	1422	50.6.137.53
5	2	2	0	0	29736649	0	0	29736649	0	0	1658	142.252.32.248
5	1	1	0	0	29780794	0	0	29780794	0	0	1422	162.120.184.34
5	0	0	0	1	0	0	29779610	0	0	29779610	0	20.89.80.94
5	0	0	0	1	0	0	29830033	0	0	29830033	0	117.185.177.63
5	4	2	0	0	29818285	0	0	29738900	0	0	3448	5.133.192.160
5	2	1	0	0	29733193	0	0	29733193	0	0	509	165.245.246.144
5	14	0	1	0	29797261	29797261	0	29797261	29797261	0	68264	34.21.37.51
5	2	1	0	4	29778709	0	29778709	29778709	0	29777490	495540	74.7.243.204
5	1	1	0	0	29760242	0	0	29760242	0	0	1658	136.108.16.237
5	1	1	0	0	29815775	0	0	29815775	0	0	1422	161.115.237.127
5	1	1	0	0	29817046	0	0	29817046	0	0	1658	43.153.19.83
5	3	3	0	1	29828561	0	29726180	29770416	0	29726180	4974	101.42.46.71
5	19	0	0	10	29734557	0	29734557	29734557	0	29734557	0	178.105.97.163
5	1	0	0	0	29768401	0	0	29768401	0	0	547	45.86.19.85
5	0	0	0	1	0	0	29751654	0	0	29751654	0	161.115.226.210
5	2	1	0	0	29791575	0	0	29791575	0	0	1724	5.133.192.138
5	1	1	0	0	29783352	0	0	29783352	0	0	1658	185.12.151.22
5	1	1	0	0	29778661	0	0	29778661	0	0	1658	43.159.143.139
5	2	0	0	0	29832882	0	0	29798542	0	0	3316	32.193.52.205
5	2	2	0	1	29816961	0	29726807	29750018	0	29726807	3316	43.135.115.233
5	2	0	0	0	29755406	0	0	29755151	0	0	2844	202.61.233.195
5	1	0	0	0	29736046	0	0	29736046	0	0	1196	68.183.22.192
5	1	0	0	0	29825816	0	0	29825816	0	0	4876	42.116.165.45
5	1	0	0	0	29767379	0	0	29767379	0	0	1422	143.198.39.69
5	1	1	0	0	29737287	0	0	29737287	0	0	1658	43.159.132.207
5	1	0	0	0	29739520	0	0	29739520	0	0	1422	51.195.244.66
5	1	0	0	0	29821631	0	0	29821631	0	0	1658	128.1.223.150
5	2	1	0	0	29788051	0	0	29788051	0	0	1724	137.184.5.228
5	2	1	0	0	29832034	0	0	29832034	0	0	1724	5.133.192.105
5	2	1	0	0	29755529	0	0	29754628	0	0	2844	65.98.127.42
5	1	0	0	0	29830738	0	0	29830738	0	0	66	199.244.88.232
5	1	0	0	0	29766110	0	0	29766110	0	0	66	199.244.88.231
5	2	1	0	0	29740756	0	0	29740756	0	0	1724	188.166.86.247
5	0	0	0	1	0	0	29731546	0	0	29731546	0	67.205.178.228
5	1	1	0	0	29830737	0	0	29830737	0	0	1658	199.244.88.226
5	1	0	0	0	29743875	0	0	29743875	0	0	66	199.244.88.225
5	1	1	0	0	29738578	0	0	29738578	0	0	1658	199.244.88.224
5	1	1	0	0	29794298	0	0	29794298	0	0	1422	142.93.78.173
5	2	1	0	0	29810763	0	0	29810761	0	0	1724	199.244.88.223
5	1	0	0	0	29828580	0	0	29828580	0	0	1658	37.140.223.193
5	1	0	0	0	29786147	0	0	29786147	0	0	66	199.244.88.222
5	2	2	0	0	29786136	0	0	29766108	0	0	3316	199.244.88.221
5	1	1	0	0	29741410	0	0	29741410	0	0	1658	199.244.88.219
5	2	0	0	0	29804250	0	0	29804250	0	0	9752	177.154.3.94
5	2	2	0	0	29786404	0	0	29759830	0	0	3316	150.109.230.210
5	1	1	0	0	29799357	0	0	29799357	0	0	4876	207.246.126.235
5	5	1	0	3	29759036	0	29826910	29759035	0	29826359	705068	74.7.243.130
5	2	0	0	0	29804226	0	0	29804226	0	0	3316	5.181.40.59
5	1	0	0	0	29825894	0	0	29825894	0	0	1658	83.140.247.225
5	3	3	0	0	29822566	0	0	29765427	0	0	4974	43.167.241.46
5	1	1	0	0	29769802	0	0	29769802	0	0	1658	18.224.149.96
5	1	0	0	0	29784387	0	0	29784387	0	0	1422	216.194.170.77
5	1	1	0	0	29828184	0	0	29828184	0	0	4876	84.32.131.167
5	2	1	0	0	29820328	0	0	29820328	0	0	1724	66.132.195.98
5	1	1	0	0	29786574	0	0	29786574	0	0	1422	200.71.126.52
5	1	0	0	0	29830406	0	0	29830406	0	0	1658	104.234.53.26
5	3	0	1	0	29800102	29800102	0	29800102	29800102	0	4266	129.225.169.180
5	3	3	0	0	29825722	0	0	29824730	0	0	4974	93.152.209.9
5	1	1	0	0	29824233	0	0	29824233	0	0	4876	35.94.87.129
5	1	0	0	0	29792213	0	0	29792213	0	0	4876	88.229.29.196
5	13	2	1	1	29802427	29801633	29785454	29731487	29801633	29785454	15443	103.133.216.219
5	1	1	0	0	29771196	0	0	29771196	0	0	1422	159.198.68.169
5	1	1	0	0	29761564	0	0	29761564	0	0	1658	43.157.20.63
5	0	0	0	1	0	0	29830837	0	0	29830837	0	93.152.209.7
5	1	1	0	0	29829873	0	0	29829873	0	0	1658	93.152.209.5
5	2	0	0	0	29768350	0	0	29768349	0	0	479768	157.55.39.52
5	4	1	0	1	29779601	0	29779609	29778856	0	29779609	6632	94.72.117.64
5	5	0	0	0	29732766	0	0	29732766	0	0	48440	157.55.39.49
5	1	0	0	0	29768401	0	0	29768401	0	0	424	193.33.237.98
5	35	4	0	0	29821790	0	0	29821788	0	0	586017	37.111.194.246
5	115	1	2	49	29743877	29743877	29743877	29743877	29743877	29743877	655382	104.155.209.147
5	2	1	0	0	29830810	0	0	29830810	0	0	1724	66.132.172.217
5	14	0	1	0	29743732	29743732	0	29743732	29743732	0	68264	35.243.245.109
5	1	0	0	1	29790804	0	29790804	29790804	0	29790804	4876	49.37.241.17
5	2	1	0	0	29806808	0	0	29806807	0	0	1724	66.132.195.74
5	2	0	0	1	29797212	0	29781109	29785238	0	29781109	2844	162.144.21.160
5	2	1	0	0	29743419	0	0	29743419	0	0	1724	66.132.195.72
5	14	0	1	0	29742899	29742899	0	29742899	29742899	0	68264	34.181.146.141
5	5	1	0	2	29825190	0	29773542	29768323	0	29768323	8290	137.131.8.253
5	6	1	0	0	29800456	0	0	29777364	0	0	9240	185.6.9.128
5	1	0	0	0	29796728	0	0	29796728	0	0	1422	181.177.103.136
5	1	1	0	0	29777556	0	0	29777556	0	0	1658	66.132.195.68
5	2	2	0	0	29738118	0	0	29738118	0	0	3316	42.83.147.55
5	1	0	0	0	29768401	0	0	29768401	0	0	566	181.177.80.105
5	1	1	0	0	29755113	0	0	29755113	0	0	1658	42.83.147.54
5	2	1	0	0	29733029	0	0	29733029	0	0	509	66.132.172.196
5	1	1	0	1	29792066	0	29726530	29792066	0	29726530	1658	43.133.60.94
5	3	2	0	0	29806015	0	0	29788426	0	0	3382	66.132.195.62
5	17	8	0	1	29765014	0	29755529	29746140	0	29755529	24174	5.161.225.162
5	0	0	0	1	0	0	29726056	0	0	29726056	0	43.159.149.56
5	2	2	0	0	29833095	0	0	29812173	0	0	3316	119.28.89.249
5	5	4	0	0	29755076	0	0	29746140	0	0	7110	104.244.79.40
5	1	0	0	0	29767171	0	0	29767171	0	0	1422	124.253.180.255
5	2	0	0	0	29785428	0	0	29785237	0	0	2844	18.117.16.4
5	0	0	0	1	0	0	29777357	0	0	29777357	0	162.241.60.164
5	1	1	0	0	29771185	0	0	29771185	0	0	1658	82.22.79.82
5	38	3	0	0	29741503	0	0	29741503	0	0	692818	4.155.234.178
5	2	2	0	0	29769747	0	0	29769746	0	0	3316	20.119.94.185
5	1	0	0	0	29741130	0	0	29741130	0	0	1422	74.7.244.47
5	0	0	0	1	0	0	29793608	0	0	29793608	0	45.89.242.40
5	1	1	0	0	29757240	0	0	29757240	0	0	1422	45.156.31.183
5	1	0	0	0	29768401	0	0	29768401	0	0	586	45.86.16.223
5	2	2	0	0	29810719	0	0	29810719	0	0	0	63.178.10.163
5	8	0	0	0	29785803	0	0	29777490	0	0	11376	74.7.244.41
5	8	0	0	2	29735528	0	29729486	29730433	0	29728542	4159	74.7.244.39
5	2	1	0	0	29755406	0	0	29755406	0	0	2844	82.165.185.56
5	3	0	0	0	29748046	0	0	29745766	0	0	4266	74.7.244.38
5	2	2	0	1	29826355	0	29725863	29755100	0	29725863	3316	43.130.67.33
5	1	1	0	0	29796251	0	0	29796251	0	0	1658	93.159.230.85
5	12	2	2	0	29778864	29771196	0	29770729	29770731	0	18008	129.121.121.186
5	2	2	0	0	29780322	0	0	29774383	0	0	3316	92.4.66.159
5	2	0	0	0	29731488	0	0	29730553	0	0	886	107.175.94.125
5	2	2	0	0	29792946	0	0	29773325	0	0	3316	43.157.179.227
5	2	1	0	0	29730694	0	0	29730694	0	0	509	107.172.58.36
5	1	0	0	0	29804221	0	0	29804221	0	0	1658	146.190.241.119
5	6	0	0	0	29800148	0	0	29798365	0	0	8532	74.7.244.19
5	1	1	0	0	29768564	0	0	29768564	0	0	1658	198.11.177.243
5	2	2	0	0	29776280	0	0	29752676	0	0	3316	43.156.36.169
5	1	0	0	0	29811205	0	0	29811205	0	0	1422	192.249.121.39
5	0	0	0	1	0	0	29726566	0	0	29726566	0	192.165.113.176
5	2	1	0	0	29787730	0	0	29787730	0	0	1724	66.132.172.140
5	3	3	0	0	29756103	0	0	29737115	0	0	4974	170.106.35.153
5	1	0	0	0	29829940	0	0	29829940	0	0	1658	216.24.210.139
5	2	2	0	0	29779821	0	0	29776648	0	0	3316	54.157.93.91
5	0	0	0	2	0	0	29731276	0	0	29731276	0	162.141.167.57
5	1	0	0	0	29812958	0	0	29812958	0	0	1658	100.49.88.137
5	2	2	0	0	29807873	0	0	29807677	0	0	2844	44.195.30.193
5	2	1	0	0	29766113	0	0	29766113	0	0	1724	66.132.172.128
5	1	1	0	0	29778821	0	0	29778821	0	0	4876	34.254.153.84
5	1	0	0	0	29821258	0	0	29821258	0	0	1658	188.219.92.240
5	1	1	0	0	29768403	0	0	29768403	0	0	1658	188.215.235.99
5	0	0	0	2	0	0	29819013	0	0	29818627	0	198.251.85.131
5	2	2	0	0	29789078	0	0	29733366	0	0	2107	170.106.35.137
5	1	1	0	0	29810858	0	0	29810858	0	0	1658	77.110.123.112
5	1	0	0	0	29732967	0	0	29732967	0	0	443	34.230.164.54
5	1	1	0	0	29801426	0	0	29801426	0	0	1422	103.24.233.23
5	3	3	0	0	29744257	0	0	29734235	0	0	4194	43.130.139.177
5	1	0	0	2	29786574	0	29785227	29786574	0	29785059	1422	152.232.74.38
5	1	1	0	0	29801426	0	0	29801426	0	0	1422	103.24.233.20
5	2	2	0	0	29806336	0	0	29764262	0	0	3316	170.106.180.246
5	1	1	0	0	29819214	0	0	29819214	0	0	1658	189.203.235.120
5	0	0	0	3	0	0	29726093	0	0	29726079	0	13.49.28.182
5	1	1	0	0	29768718	0	0	29768718	0	0	1658	185.242.3.184
5	1	1	0	0	29766752	0	0	29766752	0	0	1658	49.51.50.147
5	0	0	0	1	0	0	29761249	0	0	29761249	0	209.38.30.136
5	1	1	0	0	29815592	0	0	29815592	0	0	1658	93.159.230.28
5	2	2	0	0	29815538	0	0	29777222	0	0	3316	43.166.226.57
5	2	1	0	0	29787267	0	0	29787267	0	0	1724	66.132.172.105
5	3	0	0	0	29772905	0	0	29772904	0	0	4974	89.180.197.149
5	7	4	0	0	29755346	0	0	29746662	0	0	9954	192.241.143.148
5	0	0	0	1	0	0	29828720	0	0	29828720	0	68.155.148.136
5	2	0	0	1	29785059	0	29796728	29785059	0	29796728	2844	161.115.231.7
5	2	1	0	0	29753318	0	0	29753318	0	0	1724	167.71.249.130
5	29	7	4	10	29761003	29761003	29761004	29761003	29761003	29761003	41238	103.215.74.26
5	2	1	0	0	29768661	0	0	29768661	0	0	1724	147.182.231.233
5	1	1	0	0	29800620	0	0	29800620	0	0	1658	109.199.118.129
5	1	1	0	0	29817301	0	0	29817301	0	0	1422	59.115.35.51
5	2	2	0	1	29777454	0	29727017	29774243	0	29727017	3316	43.130.139.136
5	2	2	0	0	29748752	0	0	29745319	0	0	3316	43.135.142.37
5	2	2	0	1	29762608	0	29727930	29732578	0	29727930	2101	162.62.213.187
5	3	3	0	0	29812476	0	0	29734435	0	0	4194	43.133.91.48
5	1	1	0	0	29809247	0	0	29809247	0	0	1658	49.51.38.193
5	2	2	0	0	29828902	0	0	29813606	0	0	3316	43.159.62.129
5	1	0	0	0	29815937	0	0	29815937	0	0	1658	85.208.96.210
5	2	0	0	0	29746329	0	0	29746098	0	0	2844	193.70.112.205
5	159	2	1	144	29797120	29797120	29797120	29797120	29797120	29797120	854680	136.85.80.132
5	1	1	0	0	29822564	0	0	29822564	0	0	1658	185.139.174.82
5	4	4	0	0	29803978	0	0	29732832	0	0	4637	43.157.180.116
5	1	1	0	0	29830088	0	0	29830088	0	0	1658	162.62.213.165
5	1	0	0	0	29806104	0	0	29806104	0	0	1658	216.26.248.201
5	0	0	0	2	0	0	29797214	0	0	29796960	0	143.244.169.41
5	3	0	0	0	29755933	0	0	29755932	0	0	4974	194.146.233.153
5	1	1	0	0	29754541	0	0	29754541	0	0	1658	170.106.180.153
5	0	0	0	1	0	0	29812189	0	0	29812189	0	34.30.125.59
5	1	0	0	0	29771197	0	0	29771197	0	0	1422	15.235.187.115
5	1	0	0	0	29799286	0	0	29799286	0	0	1422	170.244.95.247
5	3	0	0	0	29801111	0	0	29800702	0	0	4266	188.166.239.157
5	2	0	0	0	29823454	0	0	29823454	0	0	595	34.173.190.57
5	2	0	0	0	29747054	0	0	29747054	0	0	2844	91.124.31.244
5	1	1	0	0	29790606	0	0	29790606	0	0	1422	102.88.110.135
5	1	1	0	19	29787159	0	29787159	29787159	0	29787159	4876	34.7.60.27
5	3	3	0	0	29824903	0	0	29807754	0	0	4974	170.106.180.139
5	1	1	0	0	29813130	0	0	29813130	0	0	1658	45.61.161.39
5	31	4	0	1	29794087	0	29794087	29794087	0	29794087	560023	192.234.199.189
5	3	3	0	0	29831633	0	0	29801371	0	0	4974	43.154.140.188
5	1	0	0	0	29731486	0	0	29731486	0	0	443	66.33.212.6
5	6	0	1	0	29805947	29805946	0	29800456	29805946	0	8532	66.116.251.167
5	1	1	0	0	29793466	0	0	29793466	0	0	1422	37.212.2.223
5	1	1	0	0	29732016	0	0	29732016	0	0	443	149.57.180.194
5	1	1	0	0	29743380	0	0	29743380	0	0	1658	49.51.33.159
5	11	4	1	1	29807395	29800702	29778864	29775658	29800702	29778864	16350	190.6.176.90
5	2	0	0	0	29784682	0	0	29750582	0	0	1175	40.77.178.66
5	10	3	0	1	29755529	0	29755825	29731484	0	29755825	12521	113.160.142.119
5	2	2	0	0	29807010	0	0	29762957	0	0	3316	43.138.68.113
5	2	1	0	0	29770780	0	0	29770780	0	0	1724	64.23.182.172
5	1	0	0	0	29750582	0	0	29750582	0	0	672	40.77.178.63
5	0	0	0	1	0	0	29727215	0	0	29727215	0	44.214.252.38
5	3	0	0	0	29742777	0	0	29742777	0	0	4974	202.188.22.177
5	30	2	0	0	29819449	0	0	29819449	0	0	582691	40.77.178.59
5	1	1	0	0	29733562	0	0	29733562	0	0	449	43.130.16.212
5	1	0	0	0	29764277	0	0	29764277	0	0	1658	66.70.255.14
5	69	4	0	0	29741083	0	0	29741083	0	0	1214638	149.57.180.179
5	5	5	0	0	29831546	0	0	29737893	0	0	8290	124.222.230.178
5	1	1	0	0	29811205	0	0	29811205	0	0	1422	34.93.229.10
5	1	0	0	0	29730557	0	0	29730557	0	0	443	67.207.94.191
5	1	1	0	0	29788997	0	0	29788997	0	0	1658	136.70.104.218
5	4	0	0	0	29755203	0	0	29755203	0	0	5688	34.24.190.144
5	1	0	0	0	29754827	0	0	29754827	0	0	1422	103.57.220.209
5	1	0	0	0	29750582	0	0	29750582	0	0	765	40.77.178.41
5	136	22	0	6	29833275	0	29794064	29739432	0	29783312	4802374	31.220.97.232
5	1	1	0	0	29799554	0	0	29799554	0	0	4876	5.161.182.186
5	0	0	0	2	0	0	29823203	0	0	29823203	0	172.86.89.33
5	1	1	0	0	29818569	0	0	29818569	0	0	4876	165.22.197.76
5	1	1	0	0	29763530	0	0	29763530	0	0	1658	34.181.171.31
5	2	2	0	80	29757024	0	29757024	29757024	0	29757024	3316	35.180.110.30
5	1	1	0	0	29792518	0	0	29792518	0	0	1658	185.157.88.182
5	1	1	0	0	29776034	0	0	29776034	0	0	1658	45.11.228.39
5	1	1	0	0	29813174	0	0	29813174	0	0	1658	34.170.184.239
5	0	0	0	1	0	0	29738411	0	0	29738411	0	144.172.98.123
5	1	0	0	0	29805219	0	0	29805219	0	0	1658	52.2.226.16
5	0	0	0	1	0	0	29726989	0	0	29726989	0	98.156.100.191
5	0	0	0	2	0	0	29791246	0	0	29791246	0	104.37.185.2
5	0	0	0	1	0	0	29725157	0	0	29725157	0	167.71.227.158
5	1	0	0	0	29811205	0	0	29811205	0	0	1422	170.39.195.29
5	1	0	0	0	29819372	0	0	29819372	0	0	1422	193.74.246.54
5	1	1	0	0	29759671	0	0	29759671	0	0	4876	40.77.178.25
5	2	1	0	0	29815374	0	0	29815374	0	0	3316	72.13.46.10
5	0	0	0	1	0	0	29729631	0	0	29729631	0	52.3.104.214
5	1	1	0	0	29819372	0	0	29819372	0	0	1422	196.189.57.139
5	14	4	0	0	29734954	0	0	29734954	0	0	1001687	149.57.180.138
5	38	2	0	0	29739399	0	0	29739398	0	0	72044	43.245.120.18
5	1	1	0	0	29745210	0	0	29745210	0	0	1658	192.71.142.40
5	2	2	0	0	29788990	0	0	29788983	0	0	2844	162.120.184.226
5	0	0	0	1	0	0	29729052	0	0	29729052	0	107.173.179.68
5	101	2	30	1	29822452	29822452	29822452	29822452	29822452	29822452	143622	138.197.145.126
5	3	3	0	0	29830878	0	0	29799164	0	0	4974	43.130.16.140
5	1	0	0	0	29820436	0	0	29820436	0	0	1658	193.56.116.213
5	95	95	0	6	29832736	0	29729712	29731932	0	29725811	452111	31.220.97.173
5	1	1	0	0	29768412	0	0	29768412	0	0	1422	185.152.67.230
5	1	0	0	0	29796808	0	0	29796808	0	0	4876	92.112.143.115
5	1	1	0	0	29782591	0	0	29782591	0	0	1658	178.73.233.228
5	1	0	0	0	29787620	0	0	29787620	0	0	1422	170.244.95.122
5	82	82	0	4	29833036	0	29729652	29732292	0	29725212	392026	31.220.97.163
5	3	3	0	0	29780058	0	0	29734273	0	0	4194	49.51.195.195
5	1	1	0	0	29790431	0	0	29790431	0	0	1422	162.120.184.205
5	1	1	0	0	29809627	0	0	29809627	0	0	1658	178.73.238.171
5	2	0	0	0	29766323	0	0	29747594	0	0	3316	3.226.202.248
5	1	0	0	0	29830410	0	0	29830410	0	0	1658	82.208.20.242
5	0	0	0	1	0	0	29729135	0	0	29729135	0	149.57.180.100
5	1	1	0	0	29790423	0	0	29790423	0	0	1422	162.120.184.201
5	1	1	0	1	29776207	0	29726102	29776207	0	29726102	1658	43.159.34.167
5	2	2	0	0	29829717	0	0	29737490	0	0	3316	43.165.7.135
5	78	78	0	3	29830455	0	29728152	29730912	0	29726232	363195	31.220.97.154
5	1	1	0	1	29829412	0	29727462	29829412	0	29727462	1658	43.164.0.96
5	2	2	0	0	29801700	0	0	29800621	0	0	3316	43.165.7.132
5	83	83	0	6	29833455	0	29730252	29731032	0	29726052	377078	31.220.97.151
5	2	0	0	0	29746140	0	0	29746139	0	0	2844	91.142.222.105
5	2	0	0	0	29779608	0	0	29778862	0	0	3316	185.227.135.83
5	1	0	0	0	29823928	0	0	29823928	0	0	1658	45.92.229.236
5	1	0	0	0	29784155	0	0	29784155	0	0	1658	34.230.176.20
5	1	0	0	0	29754959	0	0	29754959	0	0	1422	195.250.23.54
5	1	0	0	0	29730591	0	0	29730591	0	0	443	154.0.166.254
5	1	0	0	2	29771197	0	29771196	29771197	0	29770866	1422	116.202.252.125
5	1	1	0	0	29771286	0	0	29771286	0	0	1658	107.175.129.236
5	3	1	0	0	29755406	0	0	29731462	0	0	3523	103.75.185.95
5	1	0	0	0	29768403	0	0	29768403	0	0	66	3.88.22.4
5	1	1	0	0	29794701	0	0	29794701	0	0	1658	170.106.152.218
5	3	3	0	0	29822214	0	0	29736861	0	0	4974	43.128.149.102
5	2	1	0	0	29831103	0	0	29831103	0	0	1724	137.184.56.114
5	1	0	0	0	29825894	0	0	29825894	0	0	1658	185.151.10.235
5	3	3	0	0	29808871	0	0	29788146	0	0	4974	94.247.172.129
5	0	0	0	1	0	0	29725761	0	0	29725761	0	35.204.157.49
5	3	0	1	0	29807906	29807906	0	29807906	29807906	0	4266	161.118.200.156
5	2	0	0	0	29788594	0	0	29788594	0	0	1658	23.251.146.115
5	1	1	0	0	29797434	0	0	29797434	0	0	1658	43.166.128.187
5	1	0	0	0	29802051	0	0	29802051	0	0	1422	192.250.227.149
5	1	1	0	0	29779572	0	0	29779572	0	0	1658	43.166.238.12
5	0	0	0	1	0	0	29728753	0	0	29728753	0	157.119.186.237
5	1	1	0	0	29744671	0	0	29744671	0	0	1658	43.166.128.86
5	7	0	0	2	29778864	0	29778121	29778115	0	29778116	11606	195.154.246.214
5	1	0	0	0	29800947	0	0	29800947	0	0	1422	192.250.227.140
5	1	0	0	0	29785428	0	0	29785428	0	0	1422	43.134.29.26
5	1	1	0	0	29758777	0	0	29758777	0	0	1658	3.229.247.66
5	1	1	0	0	29792663	0	0	29792663	0	0	1422	156.146.54.59
5	1	1	0	0	29786570	0	0	29786570	0	0	1658	149.104.78.207
5	2	0	0	4	29735113	0	29729684	29731484	0	29725154	1639	8.217.108.67
5	4	4	0	0	29827252	0	0	29733610	0	0	5423	162.14.109.170
5	1	1	0	0	29740725	0	0	29740725	0	0	1658	149.57.180.57
5	1	1	0	0	29794368	0	0	29794368	0	0	1658	192.121.157.159
5	1	0	0	0	29832205	0	0	29832205	0	0	4876	83.84.170.4
5	1	1	0	0	29808712	0	0	29808712	0	0	1658	43.166.134.114
5	2	1	0	0	29822605	0	0	29822605	0	0	1724	137.184.117.232
5	1	1	0	0	29802190	0	0	29802190	0	0	1658	43.165.2.110
5	1	0	0	0	29781116	0	0	29781116	0	0	1658	173.254.104.138
5	1	1	0	0	29742531	0	0	29742531	0	0	1658	149.57.180.46
5	1	1	0	0	29767173	0	0	29767173	0	0	1658	43.135.185.59
5	2	2	0	0	29829812	0	0	29825512	0	0	3316	43.157.38.228
5	3	0	0	0	29772879	0	0	29772879	0	0	4974	70.36.2.250
5	0	0	0	1	0	0	29787620	0	0	29787620	0	152.232.67.56
5	14	0	1	0	29735677	29735676	0	29735676	29735676	0	42924	35.233.240.134
5	1	1	0	0	29732225	0	0	29732225	0	0	443	43.164.0.21
5	1	1	0	0	29737778	0	0	29737778	0	0	1658	149.57.180.37
5	0	0	0	9	0	0	29725664	0	0	29725664	0	136.66.21.63
5	2	2	0	0	29805750	0	0	29804009	0	0	3316	34.204.184.214
5	1	1	0	0	29742712	0	0	29742712	0	0	1658	149.57.180.33
5	1	1	0	0	29797257	0	0	29797257	0	0	1658	195.96.139.239
5	2	0	0	3	29778116	0	29778119	29778116	0	29778114	3316	164.52.218.210
5	0	0	0	2	0	0	29728789	0	0	29725141	0	179.127.11.105
5	4	2	0	0	29774849	0	0	29774849	0	0	498384	47.253.204.32
5	1	0	0	0	29796808	0	0	29796808	0	0	4876	104.253.36.104
5	1	1	0	0	29758522	0	0	29758522	0	0	1658	43.130.101.151
5	1	0	0	0	29811789	0	0	29811789	0	0	1658	165.22.128.69
5	1	1	0	0	29780234	0	0	29780234	0	0	1422	165.227.82.18
5	2	0	0	1	29816300	0	29729064	29781927	0	29729064	3316	100.26.66.245
5	4	4	0	0	29779847	0	0	29738424	0	0	6632	101.33.55.204
5	1	0	0	0	29778864	0	0	29778864	0	0	1658	157.7.190.240
5	1	0	0	0	29743989	0	0	29743989	0	0	66	195.96.139.197
5	6	1	0	0	29812917	0	0	29812917	0	0	9948	148.113.192.94
5	1	1	0	0	29787883	0	0	29787883	0	0	4876	45.39.33.241
5	30	1	0	1	29769465	0	29769465	29769465	0	29769465	765157	205.188.37.24
5	1	1	0	0	29769470	0	0	29769470	0	0	1658	34.34.253.106
5	1	0	0	0	29746664	0	0	29746664	0	0	1422	185.165.44.247
5	1	0	0	0	29789137	0	0	29789137	0	0	66	195.96.139.200
5	1	1	0	0	29810668	0	0	29810668	0	0	1658	147.90.209.120
5	1	1	0	0	29796242	0	0	29796242	0	0	1422	85.184.54.80
5	36	4	0	0	29747423	0	0	29747423	0	0	768757	202.120.37.109
5	2	2	0	0	29799330	0	0	29786570	0	0	2844	129.159.159.115
5	1	1	0	0	29815979	0	0	29815979	0	0	1658	34.168.188.18
5	4	4	0	0	29827427	0	0	29735460	0	0	6170	43.133.14.237
5	3	0	0	0	29774289	0	0	29774289	0	0	4974	24.180.253.122
5	8	1	0	11	29787355	0	29787355	29787355	0	29787355	605585	34.178.149.167
5	1	1	0	0	29833009	0	0	29833009	0	0	1422	103.131.101.115
5	1	0	0	0	29817391	0	0	29817391	0	0	1658	44.215.199.25
5	0	0	0	1	0	0	29725358	0	0	29725358	0	205.169.39.151
5	0	0	0	1	0	0	29755529	0	0	29755529	0	173.208.213.194
5	971	1	0	56	29833490	0	29806002	29730313	0	29725180	1325433	2a06:98c0:3600::103
5	0	0	0	1	0	0	29730124	0	0	29730124	0	34.74.33.219
5	3	0	0	1	29777356	0	29778864	29738851	0	29778864	4974	104.43.48.106
5	1	1	0	0	29759204	0	0	29759204	0	0	1422	97.107.129.98
5	5	1	1	0	29802505	29801634	0	29801634	29801634	0	7110	103.239.138.71
5	4	4	0	0	29797633	0	0	29741965	0	0	6632	43.157.38.131
5	0	0	0	1	0	0	29824258	0	0	29824258	0	34.80.233.88
5	2	2	0	0	29778075	0	0	29743795	0	0	3316	43.166.247.155
5	1	0	0	0	29760889	0	0	29760889	0	0	66	195.96.139.142
5	1	0	0	0	29789694	0	0	29789694	0	0	1658	54.226.9.66
5	1	1	0	0	29752972	0	0	29752972	0	0	1658	195.96.139.140
5	2	0	0	0	29800456	0	0	29800456	0	0	2844	52.204.255.222
5	4	4	0	0	29791584	0	0	29747009	0	0	6632	43.166.242.189
5	1	1	0	0	29798682	0	0	29798682	0	0	1422	161.35.12.127
5	1	0	0	1	29740689	0	29726558	29740689	0	29726558	1658	3.228.43.166
5	4	4	0	0	29798693	0	0	29769380	0	0	6632	43.162.109.249
5	7	0	3	90	29759376	29759084	29759377	29759084	29759084	29759084	34132	20.251.58.190
5	14	0	1	0	29797541	29797541	0	29797541	29797541	0	68264	34.182.79.141
5	1	0	0	0	29802737	0	0	29802737	0	0	4876	104.245.245.112
5	0	0	0	1	0	0	29729657	0	0	29729657	0	128.199.203.39
5	2	2	0	2	29807118	0	29807118	29807087	0	29807087	2844	44.215.67.168
5	1	1	0	0	29773407	0	0	29773407	0	0	1658	43.228.157.243
5	2	1	0	0	29755237	0	0	29755237	0	0	2844	178.105.144.53
5	3	0	0	2	29749410	0	29749410	29749410	0	29749410	4266	138.219.123.132
5	0	0	0	1	0	0	29790345	0	0	29790345	0	129.212.227.3
5	2	1	0	0	29754795	0	0	29754795	0	0	1724	199.45.154.140
5	1	0	0	0	29796216	0	0	29796216	0	0	4876	5.58.104.243
5	3	0	0	0	29755676	0	0	29755676	0	0	4974	1.212.225.99
5	5	1	0	0	29786620	0	0	29786620	0	0	8290	95.217.184.253
5	0	0	0	1	0	0	29810418	0	0	29810418	0	47.128.34.188
5	1	0	0	0	29807891	0	0	29807891	0	0	1658	192.178.15.163
5	1	0	0	0	29778114	0	0	29778114	0	0	1658	161.248.189.130
5	1	1	0	0	29792190	0	0	29792190	0	0	0	185.99.255.196
5	639	40	0	56	29826533	0	29796575	29753310	0	29753310	11414020	103.211.30.87
5	1	0	0	0	29818078	0	0	29818078	0	0	1422	61.160.221.58
5	1	1	0	0	29807042	0	0	29807042	0	0	1658	43.155.188.157
5	2	2	0	0	29797262	0	0	29797262	0	0	1658	103.149.131.234
5	2	2	0	0	29749948	0	0	29747708	0	0	2844	34.122.16.212
5	1	1	0	0	29765207	0	0	29765207	0	0	1658	199.45.154.118
5	1	1	0	0	29802561	0	0	29802561	0	0	1658	34.230.146.223
5	1	0	0	0	29806376	0	0	29806376	0	0	1658	216.73.161.198
5	2	0	0	0	29778432	0	0	29778432	0	0	3316	180.76.187.96
5	1	1	0	0	29766140	0	0	29766140	0	0	1658	199.45.154.115
5	0	0	0	3	0	0	29744157	0	0	29743727	0	45.148.10.95
5	0	0	0	1	0	0	29816060	0	0	29816060	0	34.7.155.248
5	2	0	0	0	29820638	0	0	29820638	0	0	3316	38.46.220.181
5	71	24	0	0	29767670	0	0	29733831	0	0	87930	213.209.159.254
5	1	0	0	0	29800456	0	0	29800456	0	0	1422	167.172.113.95
5	2	0	0	0	29811451	0	0	29805498	0	0	3316	45.148.10.74
5	0	0	0	1	0	0	29725191	0	0	29725191	0	87.192.224.131
5	1	0	0	0	29768509	0	0	29768509	0	0	66	192.175.111.254
5	1	0	0	0	29827049	0	0	29827049	0	0	4876	176.33.98.72
5	0	0	0	1	0	0	29725643	0	0	29725643	0	43.165.127.225
5	31	2	0	3	29739989	0	29739989	29739989	0	29739989	1014813	104.42.127.54
5	2	2	0	0	29768510	0	0	29745521	0	0	6534	192.175.111.252
5	1	1	0	0	29768510	0	0	29768510	0	0	4876	192.175.111.248
5	1	1	0	0	29786570	0	0	29786570	0	0	1658	103.104.23.48
5	2	0	0	0	29785429	0	0	29778867	0	0	3080	50.6.6.8
5	1	1	0	0	29768510	0	0	29768510	0	0	4876	192.175.111.247
5	1	1	0	0	29768510	0	0	29768510	0	0	4876	192.175.111.246
5	1	1	0	0	29768509	0	0	29768509	0	0	4876	192.175.111.245
5	2	2	0	0	29792315	0	0	29772216	0	0	3316	124.156.225.181
5	2	0	0	0	29770731	0	0	29770730	0	0	2844	152.53.151.77
5	1	1	0	0	29768509	0	0	29768509	0	0	4876	192.175.111.241
5	1	1	0	1	29768509	0	29729653	29768509	0	29729653	4876	192.175.111.240
5	1	1	0	0	29753565	0	0	29753565	0	0	1658	32.193.141.171
5	9	4	0	0	29755006	0	0	29755005	0	0	488025	159.195.202.241
5	2	2	0	0	29828274	0	0	29807302	0	0	3316	43.156.228.27
5	2	0	0	0	29802275	0	0	29785272	0	0	3316	54.152.198.76
5	5	5	0	0	29819415	0	0	29791708	0	0	8290	82.156.34.74
5	1	0	0	0	29768510	0	0	29768510	0	0	66	192.175.111.235
5	2	1	0	0	29770868	0	0	29770867	0	0	2844	185.216.179.51
5	2	1	0	0	29776387	0	0	29776387	0	0	1724	167.99.34.214
5	5	5	0	0	29830630	0	0	29736496	0	0	8290	43.165.67.31
5	3	0	0	0	29797889	0	0	29797889	0	0	4974	213.6.203.109
5	1	1	0	0	29768510	0	0	29768510	0	0	4876	192.175.111.232
5	1	1	0	0	29741866	0	0	29741866	0	0	1658	136.113.199.179
5	8	1	0	7	29801735	0	29801735	29801588	0	29801588	1422	104.28.228.78
5	1	1	0	0	29752564	0	0	29752564	0	0	1658	66.132.224.233
5	3	1	0	1	29775658	0	29770867	29771197	0	29770867	4266	50.6.110.237
5	1	1	0	0	29768509	0	0	29768509	0	0	4876	192.175.111.229
5	1	1	0	0	29768509	0	0	29768509	0	0	4876	192.175.111.228
5	2	2	0	0	29819597	0	0	29761796	0	0	3316	43.153.87.54
5	1	1	0	1	29771196	0	29770730	29771196	0	29770730	1422	209.126.24.39
5	4	4	0	0	29830575	0	0	29770152	0	0	19504	82.197.65.143
5	7	1	2	0	29802507	29802507	0	29801306	29802230	0	9954	162.240.171.12
5	2	1	0	0	29822977	0	0	29822977	0	0	1724	66.132.224.224
5	1	0	0	0	29746605	0	0	29746605	0	0	1422	62.193.192.29
5	3	0	0	3	29779608	0	29780355	29778120	0	29778118	4974	153.122.113.117
5	1	0	0	0	29768401	0	0	29768401	0	0	639	191.102.159.202
5	1	1	0	0	29785238	0	0	29785238	0	0	1422	199.16.130.173
5	2	0	0	0	29802957	0	0	29756234	0	0	3316	18.215.219.36
5	1	1	0	0	29747022	0	0	29747022	0	0	4876	198.235.24.246
5	2	0	0	0	29807156	0	0	29807156	0	0	3316	8.228.70.160
5	3	3	0	0	29826150	0	0	29745489	0	0	4974	43.157.22.109
5	2	2	0	0	29730883	0	0	29730883	0	0	443	176.116.30.54
5	2	2	0	0	29833335	0	0	29782694	0	0	9752	31.220.100.243
5	1	0	0	0	29823239	0	0	29823239	0	0	1658	142.111.152.202
5	1	0	0	0	29787658	0	0	29787658	0	0	1658	151.240.45.88
5	5	1	0	1	29801811	0	29786337	29778117	0	29786337	7818	157.230.98.178
5	128	13	0	5	29773205	0	29773205	29750172	0	29773205	3904618	31.220.100.234
5	2	2	0	48	29782475	0	29782475	29782475	0	29782475	3316	13.233.121.253
5	1	0	0	0	29793902	0	0	29793902	0	0	4876	69.171.230.4
5	1	0	0	0	29756948	0	0	29756948	0	0	1658	37.140.254.223
5	29	2	0	1	29794229	0	29794229	29794229	0	29794229	542612	20.114.52.10
5	1	1	0	0	29768948	0	0	29768948	0	0	1658	34.91.213.89
5	2	1	0	0	29819722	0	0	29819722	0	0	1724	159.203.136.171
5	1	1	0	0	29816103	0	0	29816103	0	0	4876	198.235.24.230
5	5	2	0	0	29746663	0	0	29741902	0	0	7346	117.0.21.154
5	1	1	0	0	29813014	0	0	29813014	0	0	1658	207.175.130.153
5	3	0	0	0	29801933	0	0	29800702	0	0	4266	169.58.140.248
5	1	1	0	0	29825030	0	0	29825030	0	0	1658	136.116.48.27
5	0	0	0	1	0	0	29730252	0	0	29730252	0	8.234.192.145
5	122	122	0	5	29833516	0	29729832	29731512	0	29725632	570304	178.156.235.26
5	1	0	0	0	29764236	0	0	29764236	0	0	1658	154.38.175.180
5	1	0	0	0	29789694	0	0	29789694	0	0	1658	185.198.240.39
5	11	0	0	1	29829289	0	29829287	29829287	0	29829287	18238	168.144.35.158
5	1	0	0	0	29782591	0	0	29782591	0	0	1658	185.141.91.62
5	2	2	0	0	29801995	0	0	29801995	0	0	3316	147.93.157.53
5	7	3	0	1	29755828	0	29755820	29746229	0	29755820	10190	159.65.81.207
5	7	2	0	0	29823454	0	0	29823454	0	0	5679	104.154.90.27
5	1	0	0	0	29801811	0	0	29801811	0	0	1422	15.235.229.40
5	1	1	0	0	29755500	0	0	29755500	0	0	4876	198.235.24.204
5	2	2	0	0	29780298	0	0	29777655	0	0	3316	43.155.26.193
5	1	1	0	0	29800433	0	0	29800433	0	0	1658	43.153.47.201
5	43	12	0	2	29831113	0	29753724	29750413	0	29753724	1454452	62.146.227.79
5	137	19	0	6	29810655	0	29753946	29739732	0	29729892	3582033	62.146.227.80
5	1	0	0	0	29821201	0	0	29821201	0	0	1658	142.111.152.155
5	64	8	0	0	29829315	0	0	29732652	0	0	1638444	62.146.227.78
5	1	0	1	0	29819372	29819372	0	29819372	29819372	0	1422	153.242.141.5
5	2	2	0	0	29797068	0	0	29797068	0	0	1658	192.177.9.71
5	6	1	0	1	29779607	0	29754827	29734230	0	29754827	8224	103.82.22.235
5	1	1	0	1	29794101	0	29794101	29794101	0	29794101	1422	165.22.35.3
5	1	1	0	0	29754826	0	0	29754826	0	0	1422	82.163.176.144
5	370	2	0	1	29826802	0	29823951	29822432	0	29823951	2781346	213.209.159.133
5	11	4	0	0	29734493	0	0	29734493	0	0	2890547	51.195.55.167
5	1	1	0	0	29785016	0	0	29785016	0	0	1422	195.250.26.149
5	0	0	0	1	0	0	29729453	0	0	29729453	0	170.106.113.159
5	0	0	0	1	0	0	29727064	0	0	29727064	0	198.235.24.178
5	1	1	0	0	29795779	0	0	29795779	0	0	1422	190.27.91.31
5	1	1	0	0	29822173	0	0	29822173	0	0	4876	198.235.24.176
5	9	0	0	0	29748590	0	0	29748590	0	0	14922	172.104.55.33
5	1	1	0	0	29800596	0	0	29800596	0	0	4876	198.235.24.173
5	1	1	0	0	29827929	0	0	29827929	0	0	4876	198.235.24.172
5	1	1	0	0	29764354	0	0	29764354	0	0	1658	194.103.212.184
5	2	0	0	0	29735117	0	0	29734366	0	0	1898	51.195.44.250
5	1	1	0	0	29806516	0	0	29806516	0	0	4876	198.235.24.171
5	1	0	0	0	29782921	0	0	29782921	0	0	1422	66.249.78.98
5	1	0	0	0	29824112	0	0	29824112	0	0	1422	51.8.102.90
5	4	4	0	0	29811428	0	0	29796766	0	0	6632	122.51.236.174
5	1	1	0	0	29762659	0	0	29762659	0	0	1658	43.153.123.4
5	1	1	0	0	29747067	0	0	29747067	0	0	4876	198.235.24.166
5	4	2	1	0	29775404	29775404	0	29775404	29775404	0	6632	128.90.135.19
5	1	1	0	0	29754415	0	0	29754415	0	0	4876	198.235.24.163
5	3	0	0	0	29777152	0	0	29777151	0	0	4974	147.78.123.134
5	1	1	0	0	29828339	0	0	29828339	0	0	4876	198.235.24.159
5	1	1	0	0	29765179	0	0	29765179	0	0	1658	170.106.72.178
5	1	1	0	0	29813505	0	0	29813505	0	0	4876	198.235.24.156
5	3	0	0	0	29823152	0	0	29817010	0	0	4266	51.8.102.76
5	1	0	0	0	29764261	0	0	29764261	0	0	1658	109.234.166.247
5	36	3	0	2	29760798	0	29760798	29760798	0	29760798	1031983	37.187.149.5
5	5	5	0	0	29829616	0	0	29730311	0	0	20477	62.146.227.42
5	1	1	0	0	29734093	0	0	29734093	0	0	2179	198.235.24.154
5	2	1	0	0	29779526	0	0	29779526	0	0	3316	184.32.82.178
5	3	3	0	0	29813655	0	0	29744844	0	0	4974	43.134.38.171
5	1	1	0	0	29774926	0	0	29774926	0	0	1658	34.24.172.48
5	2	1	0	1	29769919	0	29769919	29769919	0	29769919	3316	50.116.60.177
5	1	0	0	0	29813890	0	0	29813890	0	0	1422	51.8.102.71
5	1	0	1	0	29828813	29828813	0	29828813	29828813	0	1658	45.33.74.124
5	1	1	0	0	29796258	0	0	29796258	0	0	4876	198.235.24.147
5	1	0	0	0	29778115	0	0	29778115	0	0	1658	194.163.135.93
5	1	1	0	0	29790411	0	0	29790411	0	0	4876	198.235.24.144
5	1	0	0	0	29828748	0	0	29828748	0	0	1658	142.111.152.108
5	2	2	0	1	29779153	0	29729412	29769133	0	29729412	9752	62.146.227.28
5	1	0	0	0	29755185	0	0	29755185	0	0	4876	49.36.46.124
5	2	0	0	0	29808823	0	0	29807401	0	0	2844	51.8.102.58
5	1	1	0	0	29773138	0	0	29773138	0	0	4876	198.235.24.136
5	4	0	0	0	29755407	0	0	29731477	0	0	3142	64.225.121.94
5	1	0	0	0	29748478	0	0	29748478	0	0	1658	74.241.130.14
5	2	2	0	0	29807952	0	0	29807704	0	0	2844	54.234.120.76
5	34	3	0	2	29748334	0	29748334	29748334	0	29748334	1263891	184.148.222.101
5	1	1	0	1	29734032	0	29725161	29734032	0	29725161	878	43.159.152.4
5	2	1	0	0	29754492	0	0	29734365	0	0	2124	134.209.147.209
5	1	0	0	0	29786591	0	0	29786591	0	0	66	91.231.89.81
5	1	1	0	0	29762494	0	0	29762494	0	0	4876	198.235.24.133
5	1	1	0	0	29791787	0	0	29791787	0	0	4876	198.235.24.132
5	2	0	0	0	29784387	0	0	29777367	0	0	3080	134.209.147.207
5	3	2	0	0	29800770	0	0	29800455	0	0	4266	37.186.221.181
5	3	3	0	0	29832418	0	0	29750236	0	0	4974	43.159.152.187
5	1	0	0	0	29810769	0	0	29810769	0	0	1422	51.8.102.46
5	30	2	0	0	29832332	0	0	29832332	0	0	543003	40.77.179.241
5	1	0	0	0	29806788	0	0	29806788	0	0	1658	91.193.232.74
5	4	0	0	0	29830838	0	0	29813311	0	0	5688	51.8.102.44
5	91	2	1	184	29823707	29823707	29823707	29823707	29823707	29823707	150878	34.17.212.119
5	3	0	0	0	29742611	0	0	29742611	0	0	4974	77.218.45.85
5	1	0	0	0	29807448	0	0	29807448	0	0	1658	91.193.232.71
5	2	0	0	0	29806019	0	0	29804737	0	0	2844	51.8.102.39
5	1	1	0	0	29786570	0	0	29786570	0	0	1658	166.0.53.114
5	1	0	0	0	29787524	0	0	29787524	0	0	4876	183.82.126.62
5	5	0	0	0	29802078	0	0	29800702	0	0	7110	69.16.218.67
5	1	0	0	0	29806814	0	0	29806814	0	0	1422	51.8.102.31
5	1	0	0	0	29824588	0	0	29824588	0	0	1422	51.8.102.29
5	4	0	0	0	29733118	0	0	29730575	0	0	1772	160.187.68.214
5	1	0	0	0	29793562	0	0	29793562	0	0	4876	198.235.24.110
5	2	2	0	0	29798425	0	0	29798425	0	0	1658	103.149.130.32
5	3	0	0	0	29777344	0	0	29777344	0	0	4974	103.180.88.203
5	1	0	0	0	29833306	0	0	29833306	0	0	1422	51.8.102.26
5	2	0	0	0	29779608	0	0	29779607	0	0	3316	168.144.30.105
5	1	0	0	0	29803492	0	0	29803492	0	0	1422	66.249.74.100
5	1	0	0	0	29785428	0	0	29785428	0	0	1422	47.130.163.175
5	1	1	0	0	29826618	0	0	29826618	0	0	4876	198.235.24.102
5	1	1	0	0	29789123	0	0	29789123	0	0	1422	38.107.232.45
5	2	1	0	0	29784470	0	0	29780259	0	0	3316	66.102.134.13
5	62	4	0	2	29763529	0	29763529	29763513	0	29763513	1572714	40.77.179.215
5	2	0	0	0	29827955	0	0	29811335	0	0	2844	51.8.102.17
5	1	1	0	0	29825894	0	0	29825894	0	0	1658	93.158.92.13
5	3	0	0	0	29826509	0	0	29812349	0	0	4266	51.8.102.16
5	0	0	0	1	0	0	29751851	0	0	29751851	0	187.21.239.16
5	1	0	0	1	29785227	0	29796728	29785227	0	29796728	1422	138.59.206.248
5	1	0	0	0	29805525	0	0	29805525	0	0	1422	51.8.102.12
5	2	0	0	0	29770731	0	0	29770731	0	0	2844	66.29.156.133
5	7	0	3	3	29797211	29785429	29785428	29785237	29785238	29784385	9954	152.53.241.200
5	37	7	2	33	29814241	29814241	29814241	29814241	29814241	29814241	61346	34.15.129.195
5	2	2	0	0	29769440	0	0	29746032	0	0	3316	43.135.130.202
5	7	7	0	0	29826632	0	0	29730409	0	0	10391	139.155.134.17
5	1	1	0	0	29786629	0	0	29786629	0	0	1422	198.13.159.15
5	1	1	0	0	29768312	0	0	29768312	0	0	1658	43.167.239.66
5	3	3	0	1	29825105	0	29728592	29771375	0	29728592	4974	150.109.10.41
5	6	6	0	1	29824962	0	29725872	29737244	0	29725872	9948	43.140.37.167
5	1	1	0	0	29769460	0	0	29769460	0	0	1658	158.173.76.23
5	0	0	0	88	0	0	29725237	0	0	29725142	0	42.115.192.253
5	6	1	0	0	29797211	0	0	29771197	0	0	9240	95.111.251.70
5	1	1	0	0	29795963	0	0	29795963	0	0	1658	34.143.165.221
5	1	0	0	0	29808522	0	0	29808522	0	0	1658	18.235.173.251
5	2	2	0	0	29809898	0	0	29791777	0	0	3316	43.133.187.11
5	1	1	0	0	29809675	0	0	29809675	0	0	1422	206.209.210.12
5	4	1	0	0	29767376	0	0	29746329	0	0	5688	152.53.111.131
5	1	1	0	0	29778862	0	0	29778862	0	0	4876	212.112.19.173
5	33	2	0	2	29759003	0	29759003	29759003	0	29759003	808103	160.202.146.168
5	3	1	0	0	29797366	0	0	29784385	0	0	4266	108.167.161.33
5	1	1	0	0	29833176	0	0	29833176	0	0	1658	158.173.77.206
5	1	1	0	0	29754115	0	0	29754115	0	0	1658	44.200.154.102
5	1	0	0	0	29764243	0	0	29764243	0	0	1658	104.248.157.6
5	1	0	0	0	29815731	0	0	29815731	0	0	1658	104.248.12.205
5	3	1	1	1	29754860	29754860	29727867	29746562	29754860	29727867	4266	87.106.67.224
5	0	0	0	8	0	0	29728765	0	0	29726088	0	160.187.68.132
5	31	2	0	1	29754932	0	29754932	29754932	0	29754932	806201	40.77.179.141
5	1	0	0	0	29734078	0	0	29734078	0	0	878	32.193.55.192
5	1	0	0	0	29785019	0	0	29785019	0	0	1422	47.107.134.27
5	511	31	0	57	29801893	0	29792201	29731135	0	29742249	7095867	103.234.26.214
5	2	2	0	0	29823420	0	0	29747208	0	0	3316	43.153.36.110
5	0	0	0	1	0	0	29794976	0	0	29794976	0	66.66.7.174
5	1	1	0	0	29788525	0	0	29788525	0	0	1658	193.183.77.2
5	1	1	0	0	29765388	0	0	29765388	0	0	1658	49.51.72.76
5	2	1	0	0	29754723	0	0	29754723	0	0	1724	66.132.186.206
5	2	0	0	0	29801304	0	0	29800947	0	0	2844	185.48.117.193
5	0	0	0	1	0	0	29726073	0	0	29726073	0	187.85.75.157
5	2	0	0	0	29732450	0	0	29732450	0	0	298	109.234.166.104
5	2	2	0	0	29768268	0	0	29766992	0	0	3316	43.130.53.252
5	1	0	0	0	29777363	0	0	29777363	0	0	1658	216.172.172.205
5	3	2	0	0	29746562	0	0	29746229	0	0	4266	38.242.157.30
5	1	1	0	0	29769459	0	0	29769459	0	0	1658	173.239.226.204
5	1	1	0	0	29795663	0	0	29795663	0	0	1422	183.87.99.9
5	2	0	0	0	29809290	0	0	29809290	0	0	3316	136.107.93.177
5	1	0	0	0	29755347	0	0	29755347	0	0	1422	84.54.13.3
5	0	0	0	1	0	0	29749800	0	0	29749800	0	103.17.105.44
5	1	1	0	0	29823361	0	0	29823361	0	0	1658	43.159.141.150
5	0	0	1	0	0	29819372	0	0	29819372	0	0	89.92.96.185
5	1	0	0	0	29741302	0	0	29741302	0	0	1422	74.7.241.184
5	0	0	0	1	0	0	29783790	0	0	29783790	0	58.136.247.7
5	1	1	0	0	29812011	0	0	29812011	0	0	1658	18.235.96.223
5	2	1	0	0	29827937	0	0	29827937	0	0	1724	66.132.186.167
5	1	1	0	0	29806733	0	0	29806733	0	0	4876	51.38.38.241
5	2	0	0	2	29781115	0	29780351	29778122	0	29777364	3316	64.202.189.56
5	5	5	0	2	29821756	0	29728635	29730995	0	29727665	7075	43.161.233.190
5	2	2	0	0	29807886	0	0	29807695	0	0	2844	54.234.245.138
5	6	6	0	0	29794978	0	0	29747661	0	0	9948	129.226.146.146
5	2	1	0	0	29805313	0	0	29805313	0	0	1724	64.23.223.221
5	1	0	0	0	29740199	0	0	29740199	0	0	4876	173.252.107.115
5	1	0	0	0	29758559	0	0	29758559	0	0	1422	74.7.241.163
5	2	0	0	0	29827360	0	0	29754045	0	0	3316	52.7.45.143
5	2	1	0	0	29776528	0	0	29776528	0	0	1724	167.94.146.62
5	1	0	0	0	29752465	0	0	29752465	0	0	1422	74.7.241.156
5	2	1	0	0	29754743	0	0	29754743	0	0	1724	167.94.146.57
5	3	0	0	18	29809996	0	29809996	29807696	0	29807696	14628	159.223.134.120
5	2	1	0	0	29770390	0	0	29770390	0	0	3316	45.85.242.127
5	1	0	0	0	29759035	0	0	29759035	0	0	1422	74.7.241.145
5	1	0	0	0	29746486	0	0	29746486	0	0	1422	103.235.199.20
5	1	1	0	0	29831004	0	0	29831004	0	0	1658	3.7.203.246
5	4	4	0	0	29797419	0	0	29731703	0	0	5417	124.221.163.189
5	2	2	0	0	29830370	0	0	29779176	0	0	3316	43.157.50.58
5	0	0	0	12	0	0	29807172	0	0	29807172	0	34.42.228.90
5	1	1	0	0	29782690	0	0	29782690	0	0	1658	43.166.134.47
5	1	1	0	0	29752451	0	0	29752451	0	0	1658	43.130.102.7
5	0	0	0	1	0	0	29728495	0	0	29728495	0	170.81.82.10
5	2	2	0	1	29803233	0	29725510	29748841	0	29725510	3316	146.56.199.139
5	1	1	0	0	29786571	0	0	29786571	0	0	1422	103.4.251.213
5	1	1	0	0	29746852	0	0	29746852	0	0	1658	103.24.232.19
5	4	3	0	0	29771197	0	0	29770867	0	0	5688	185.46.123.40
5	1	1	0	0	29789426	0	0	29789426	0	0	1422	172.239.48.114
5	2	2	0	0	29765121	0	0	29761839	0	0	3316	43.132.214.228
5	16	4	16	0	29793396	29793396	0	29793396	29793396	0	11376	93.115.26.112
5	12	1	4	0	29768317	29768317	0	29768317	29768317	0	1658	172.234.133.67
5	0	0	0	1	0	0	29727345	0	0	29727345	0	185.149.195.75
5	0	0	0	1	0	0	29809735	0	0	29809735	0	212.32.69.198
5	1	1	0	0	29793036	0	0	29793036	0	0	1658	167.233.156.81
5	1	0	0	1	29799286	0	29785227	29799286	0	29785227	1422	152.232.73.28
5	35	4	0	2	29786569	0	29786569	29786569	0	29786569	1289577	65.21.227.126
5	1	0	0	0	29768401	0	0	29768401	0	0	589	161.0.29.106
5	1	0	0	0	29736030	0	0	29736030	0	0	1196	162.19.246.208
5	5	0	0	0	29823454	0	0	29823454	0	0	3190	34.30.34.107
5	9	0	0	0	29740507	0	0	29740507	0	0	14922	167.99.78.16
5	1	1	0	0	29763908	0	0	29763908	0	0	1658	3.233.59.216
5	1	0	0	0	29783088	0	0	29783088	0	0	1422	91.188.244.2
5	2	1	0	0	29781116	0	0	29755529	0	0	3080	14.128.14.9
5	1	1	0	1	29807272	0	29807272	29807272	0	29807272	1422	100.52.180.20
5	73	11	0	1	29830815	0	29794292	29742732	0	29794292	2327687	154.38.181.38
5	1	1	0	0	29801035	0	0	29801035	0	0	1658	34.86.102.67
5	1	0	0	0	29730581	0	0	29730581	0	0	443	79.112.109.195
5	3	1	0	0	29746605	0	0	29746329	0	0	4266	5.252.52.249
5	1	0	0	0	29773039	0	0	29773039	0	0	1658	20.191.152.12
5	1	1	0	0	29808815	0	0	29808815	0	0	1658	51.15.117.124
5	1	0	0	0	29810740	0	0	29810740	0	0	1658	184.72.231.133
5	2	2	0	0	29767646	0	0	29755634	0	0	3316	43.164.3.182
5	1	1	0	11	29791437	0	29791437	29791437	0	29791437	1422	146.190.211.66
5	4	4	0	0	29789036	0	0	29735299	0	0	6170	43.135.172.89
5	1	1	0	0	29733005	0	0	29733005	0	0	443	8.234.147.139
5	6	3	0	0	29755406	0	0	29746563	0	0	8532	103.133.214.160
5	2	0	0	0	29778117	0	0	29778114	0	0	3316	135.236.141.99
5	38	5	0	12	29743905	0	29743905	29743903	0	29743903	663634	37.111.213.103
5	8	8	0	0	29791614	0	0	29791614	0	0	6632	34.252.183.101
5	0	0	0	1	0	0	29824654	0	0	29824654	0	68.67.113.17
5	2	1	1	0	29744844	29744844	0	29744844	29744844	0	3316	128.90.128.9
5	2	0	0	0	29803359	0	0	29764131	0	0	3316	34.233.249.162
5	13	1	1	12	29810294	29810294	29810294	29810293	29810294	29810293	63388	34.69.62.79
5	4	0	0	0	29823454	0	0	29823454	0	0	72877	34.10.148.18
5	1	1	0	0	29782429	0	0	29782429	0	0	0	35.159.33.143
5	15	1	0	0	29735893	0	0	29735893	0	0	17940	128.90.128.13
5	1	0	0	0	29807352	0	0	29807352	0	0	1422	51.210.158.81
5	2	0	0	0	29796777	0	0	29796777	0	0	3316	104.155.175.251
5	1	1	0	1	29760787	0	29728197	29760787	0	29728197	1658	43.134.236.36
5	4	4	0	0	29816570	0	0	29816570	0	0	3316	139.59.123.99
5	0	0	0	1	0	0	29789598	0	0	29789598	0	90.211.67.196
5	1	0	0	0	29784682	0	0	29784682	0	0	765	40.77.177.89
5	1	0	0	0	29790496	0	0	29790496	0	0	1658	45.146.55.189
5	4	0	0	0	29778116	0	0	29777352	0	0	6632	5.188.67.135
5	3	0	0	0	29774278	0	0	29774278	0	0	4974	91.211.61.57
5	1	0	0	0	29784682	0	0	29784682	0	0	492	40.77.177.79
5	1	1	0	0	29745324	0	0	29745324	0	0	1658	54.164.167.77
5	1	1	0	0	29779826	0	0	29779826	0	0	1658	100.29.141.171
5	1	1	0	0	29751607	0	0	29751607	0	0	1658	62.141.44.236
5	1	0	0	0	29745881	0	0	29745881	0	0	1422	74.208.9.170
5	31	2	0	1	29781021	0	29781021	29781021	0	29781021	766569	20.125.29.41
5	2	0	0	0	29733380	0	0	29733202	0	0	892	193.32.162.60
5	1	0	0	0	29801305	0	0	29801305	0	0	1422	43.216.251.8
5	7	2	0	2	29755407	0	29787229	29754628	0	29755347	9954	103.174.51.103
5	1	0	0	0	29731484	0	0	29731484	0	0	443	103.174.51.100
5	3	3	0	0	29833067	0	0	29734895	0	0	4512	157.173.122.176
5	1	0	0	0	29800772	0	0	29800772	0	0	1658	54.87.72.71
5	1	0	0	0	29807824	0	0	29807824	0	0	1658	45.146.55.146
5	39	22	0	6	29819371	0	29725757	29745811	0	29725757	27892406	184.154.76.22
5	3	3	0	0	29814014	0	0	29793891	0	0	4974	43.153.12.58
5	3	1	0	0	29825943	0	0	29825943	0	0	4974	13.58.177.157
5	1	0	0	0	29786570	0	0	29786570	0	0	1658	103.104.20.207
5	1	1	0	0	29770153	0	0	29770153	0	0	1658	43.165.197.116
5	1	1	0	0	29802391	0	0	29802391	0	0	1658	103.59.160.179
5	1	0	0	1	29776408	0	29776408	29776408	0	29776408	172223	207.46.13.9
5	3	2	0	0	29805946	0	0	29800770	0	0	4266	67.205.0.102
5	1	1	0	0	29781243	0	0	29781243	0	0	1422	34.57.162.91
5	1	1	0	0	29765012	0	0	29765012	0	0	1422	74.208.18.132
5	3	3	0	0	29781062	0	0	29739456	0	0	4974	43.165.186.188
5	2	0	0	2	29818934	0	29818934	29818934	0	29818934	9752	172.236.127.236
5	2	1	0	0	29825334	0	0	29825334	0	0	3316	35.95.252.208
5	1	1	0	0	29778491	0	0	29778491	0	0	1658	192.36.52.75
5	2	2	0	0	29833038	0	0	29778134	0	0	3316	43.131.36.84
5	30	2	0	0	29827284	0	0	29827283	0	0	582691	65.55.210.8
5	1	1	0	0	29770387	0	0	29770387	0	0	1658	49.51.47.100
5	3	3	0	1	29790552	0	29729899	29739771	0	29729899	4974	49.51.36.179
5	1	1	0	0	29770552	0	0	29770552	0	0	1658	146.190.227.112
5	1	0	0	0	29746598	0	0	29746598	0	0	1658	17.246.23.235
5	1	1	0	0	29745728	0	0	29745728	0	0	1658	192.71.2.99
5	1	0	0	0	29819372	0	0	29819372	0	0	1422	195.174.59.15
5	0	0	0	1	0	0	29772267	0	0	29772267	0	187.14.106.208
5	3	0	0	0	29770394	0	0	29770393	0	0	4974	210.222.103.70
5	2	0	0	0	29778862	0	0	29778862	0	0	3316	103.216.117.118
5	2	1	0	2	29780354	0	29726071	29755406	0	29726069	3080	20.54.134.42
5	1	0	0	0	29819372	0	0	29819372	0	0	1422	47.72.224.157
5	1	1	0	0	29801719	0	0	29801719	0	0	1658	176.116.0.126
5	1	0	0	0	29786335	0	0	29786335	0	0	1658	50.6.161.24
5	4	0	0	0	29748325	0	0	29748324	0	0	6632	27.39.130.125
5	3	3	0	0	29762859	0	0	29752023	0	0	4974	43.157.170.13
5	1	1	0	0	29798796	0	0	29798796	0	0	1658	32.198.26.170
5	2	1	0	0	29733144	0	0	29733144	0	0	509	64.227.74.42
5	2	1	0	0	29738937	0	0	29738937	0	0	1724	165.227.230.216
5	2	2	0	0	29811973	0	0	29801043	0	0	3316	43.130.14.245
5	4	1	1	0	29800345	29800345	0	29800345	29800345	0	19504	23.94.252.244
5	1	1	0	0	29751357	0	0	29751357	0	0	1658	192.71.2.57
5	1	1	0	0	29817613	0	0	29817613	0	0	1658	194.71.246.8
5	4	0	0	0	29748347	0	0	29748347	0	0	6632	208.102.160.191
5	5	1	1	0	29805872	29805872	0	29805872	29805872	0	7110	172.232.21.178
5	30	2	0	0	29811880	0	0	29811880	0	0	989896	34.0.199.109
5	2	1	0	0	29801737	0	0	29801737	0	0	2844	3.80.82.60
5	1	1	0	0	29737746	0	0	29737746	0	0	1658	47.254.92.190
5	3	3	0	0	29829665	0	0	29824730	0	0	4974	93.152.209.11
5	1	1	0	0	29824730	0	0	29824730	0	0	1658	93.152.209.10
5	3	3	0	0	29823667	0	0	29768097	0	0	4974	43.136.167.197
5	2	0	0	0	29813744	0	0	29813744	0	0	2844	31.58.229.233
5	2	2	0	0	29806054	0	0	29762620	0	0	3316	106.54.62.156
5	1	1	0	0	29794976	0	0	29794976	0	0	1658	159.203.184.213
5	2	0	0	0	29771196	0	0	29771196	0	0	2844	152.53.106.44
5	1	0	0	0	29734367	0	0	29734367	0	0	702	167.172.73.193
5	1	0	0	0	29779608	0	0	29779608	0	0	1658	68.183.106.31
5	3	0	0	0	29820505	0	0	29813743	0	0	4266	31.58.229.222
5	2	2	0	0	29814580	0	0	29814580	0	0	2844	162.120.187.239
5	1	1	0	0	29768400	0	0	29768400	0	0	1422	38.54.124.8
5	2	2	0	0	29795590	0	0	29795590	0	0	1658	64.140.137.42
5	54	0	0	14	29832749	0	29832749	29832749	0	29832749	89532	34.70.202.166
5	4	1	0	30	29826546	0	29826546	29826546	0	29826546	5688	34.47.116.122
5	9	0	0	0	29833454	0	0	29802600	0	0	12798	31.58.229.196
5	1	1	0	0	29752736	0	0	29752736	0	0	1658	49.51.204.74
5	0	0	0	2	0	0	29814452	0	0	29814039	0	85.11.167.104
5	3	0	0	0	29813743	0	0	29812308	0	0	4266	31.58.229.191
5	2	2	0	0	29816138	0	0	29816138	0	0	3316	177.136.231.47
5	1	1	0	0	29815937	0	0	29815937	0	0	1658	185.191.171.8
5	1	0	0	0	29755529	0	0	29755529	0	0	1422	80.150.6.150
5	2	0	0	0	29820505	0	0	29820505	0	0	2844	31.58.229.181
5	2	2	0	0	29820740	0	0	29736047	0	0	2854	43.153.74.75
5	9	9	0	0	29831362	0	0	29743580	0	0	14922	43.164.196.244
5	1	1	0	0	29755151	0	0	29755151	0	0	1422	3.7.204.22
5	0	0	0	1	0	0	29822489	0	0	29822489	0	41.143.155.189
5	1	0	0	0	29733565	0	0	29733565	0	0	449	104.248.164.118
5	30	2	0	0	29827300	0	0	29827300	0	0	543002	40.77.190.92
5	0	0	0	3	0	0	29794470	0	0	29793391	0	67.207.81.249
5	2	1	0	0	29773562	0	0	29773561	0	0	1724	146.190.163.68
5	2	1	0	0	29785018	0	0	29785017	0	0	2844	54.174.44.196
5	1	1	0	0	29751456	0	0	29751456	0	0	1658	43.162.114.69
5	1	1	0	0	29753339	0	0	29753339	0	0	0	3.250.51.211
5	5	1	0	1	29801633	0	29801110	29800457	0	29801110	7110	84.246.212.174
5	2	1	0	0	29802453	0	0	29802453	0	0	1724	164.92.68.40
5	1	0	0	0	29832741	0	0	29832741	0	0	1658	185.123.94.229
5	38	4	0	2	29773148	0	29773148	29773148	0	29773148	1342890	191.101.157.99
5	3	3	0	0	29818162	0	0	29752494	0	0	4974	43.153.7.191
5	4	0	0	0	29830710	0	0	29787478	0	0	6632	100.50.179.0
5	1	0	0	0	29800947	0	0	29800947	0	0	1422	115.243.38.154
5	2	2	0	0	29790305	0	0	29736652	0	0	3316	43.157.149.188
5	2	1	0	0	29820505	0	0	29799286	0	0	2844	31.58.229.146
5	1	1	0	0	29786798	0	0	29786798	0	0	1658	195.164.49.144
5	1	1	0	0	29740139	0	0	29740139	0	0	1422	104.239.13.7
5	1	0	0	0	29765012	0	0	29765012	0	0	1422	45.92.108.143
5	1	0	0	0	29820505	0	0	29820505	0	0	1422	31.58.229.136
5	2	0	0	0	29739782	0	0	29739782	0	0	2844	46.203.158.241
5	1	1	0	0	29759931	0	0	29759931	0	0	1658	192.71.126.151
5	9	5	1	0	29755234	29754628	0	29754354	29754628	0	12798	52.232.35.131
5	2	0	0	1	29779609	0	29778865	29777358	0	29778865	3316	209.42.20.222
5	1	0	0	0	29795200	0	0	29795200	0	0	1658	185.223.152.63
5	2	1	0	0	29801813	0	0	29801813	0	0	1724	64.23.174.117
5	30	2	0	0	29802342	0	0	29802342	0	0	543003	40.77.190.44
5	1	0	0	0	29768401	0	0	29768401	0	0	871	143.137.167.207
5	4	0	0	0	29803101	0	0	29766469	0	0	5688	74.7.175.185
5	0	0	0	1	0	0	29823894	0	0	29823894	0	51.75.242.2
5	1	1	0	0	29773515	0	0	29773515	0	0	1658	176.74.194.211
5	3	0	0	0	29770432	0	0	29770431	0	0	4974	39.44.28.104
5	1	0	0	0	29768948	0	0	29768948	0	0	66	34.90.222.110
5	5	1	0	0	29812981	0	0	29812978	0	0	2432911	34.65.184.196
5	4	4	0	0	29804785	0	0	29784249	0	0	6632	43.165.170.119
5	31	2	0	1	29789962	0	29789962	29789962	0	29789962	766569	4.246.109.99
5	1	1	0	0	29758739	0	0	29758739	0	0	1658	49.51.203.164
5	1	0	0	0	29769459	0	0	29769459	0	0	66	5.100.254.239
5	1	0	0	0	29792518	0	0	29792518	0	0	1658	178.73.225.228
5	1	0	0	0	29800974	0	0	29800974	0	0	1422	74.7.175.167
5	2	2	0	0	29748046	0	0	29738358	0	0	3316	43.130.110.130
5	2	2	0	0	29833346	0	0	29739704	0	0	3316	43.166.132.142
5	1	0	0	0	29731468	0	0	29731468	0	0	443	104.43.52.173
5	0	0	0	1	0	0	29725656	0	0	29725656	0	34.24.176.120
5	8	8	0	0	29830163	0	0	29802946	0	0	19504	163.123.236.216
5	11	0	0	0	29827090	0	0	29807288	0	0	15642	74.7.175.155
5	0	0	0	1	0	0	29748609	0	0	29748609	0	23.21.175.228
5	1	0	0	0	29768401	0	0	29768401	0	0	614	91.242.125.132
5	1	0	0	0	29792515	0	0	29792515	0	0	1658	17.22.245.58
5	3	3	0	0	29778854	0	0	29744002	0	0	4974	43.157.53.115
5	1	0	0	0	29784385	0	0	29784385	0	0	1422	72.167.40.62
5	2	1	0	0	29793610	0	0	29793610	0	0	1724	207.154.221.30
5	4	0	1	0	29777361	29775657	0	29746665	29775657	0	5924	157.66.47.83
5	0	0	0	1	0	0	29793822	0	0	29793822	0	196.176.102.156
5	42	0	0	0	29827571	0	0	29804665	0	0	59724	74.7.175.138
5	2	2	0	0	29784512	0	0	29736286	0	0	3316	150.109.46.88
5	3	3	0	0	29824053	0	0	29759876	0	0	4974	43.133.139.6
5	0	0	0	30	0	0	29725450	0	0	29725449	0	128.199.182.152
5	3	2	0	0	29802580	0	0	29801633	0	0	4266	213.32.77.104
5	3	3	0	0	29832155	0	0	29766074	0	0	4974	43.134.91.35
5	4	2	0	0	29805066	0	0	29778402	0	0	3448	5.133.192.88
5	1	0	0	0	29768401	0	0	29768401	0	0	492	95.164.156.26
5	1	1	0	0	29786570	0	0	29786570	0	0	1658	46.203.153.189
5	1	0	0	0	29778862	0	0	29778862	0	0	1658	82.165.83.170
5	3	3	0	0	29789781	0	0	29769670	0	0	4974	43.167.245.18
5	1	0	0	0	29772395	0	0	29772395	0	0	1658	5.133.192.75
5	10	0	0	0	29823083	0	0	29813799	0	0	503048	66.249.65.67
5	10	2	0	0	29822957	0	0	29815365	0	0	58154	66.249.65.66
5	1	1	0	0	29754959	0	0	29754959	0	0	1422	160.187.146.79
5	76	3	0	0	29822958	0	0	29815365	0	0	2109237	66.249.65.65
5	1	0	0	0	29777360	0	0	29777360	0	0	1658	203.56.244.114
5	1	1	0	0	29817265	0	0	29817265	0	0	1422	154.30.110.100
5	3	0	0	0	29735114	0	0	29731462	0	0	2082	149.210.223.24
5	33	4	0	1	29768474	0	29768474	29768474	0	29768474	546083	98.81.23.175
5	3	0	0	0	29801750	0	0	29801305	0	0	4266	170.64.135.172
5	1	1	0	0	29768379	0	0	29768379	0	0	1658	185.143.12.22
5	2	0	0	0	29787426	0	0	29787426	0	0	3316	35.245.102.185
5	9	3	0	0	29824172	0	0	29799358	0	0	35358	66.249.65.46
5	2	0	0	0	29746229	0	0	29731487	0	0	1865	5.161.117.42
5	1	1	0	0	29776139	0	0	29776139	0	0	1422	185.91.69.85
5	4	1	0	0	29790414	0	0	29787644	0	0	51188	66.249.65.38
5	2	2	0	0	29732327	0	0	29732327	0	0	443	172.252.111.21
5	1	0	0	0	29801170	0	0	29801170	0	0	1658	44.217.155.218
5	1	0	0	0	29746486	0	0	29746486	0	0	1422	13.232.189.155
5	3	3	0	0	29832210	0	0	29761096	0	0	4974	43.130.72.40
5	12	3	0	0	29792656	0	0	29786525	0	0	17172	66.249.65.37
5	91	2	1	184	29807728	29807728	29807728	29807727	29807728	29807727	150878	35.199.127.38
5	15	1	0	2	29792656	0	29790413	29790384	0	29790405	2430799	66.249.65.36
5	8	1	0	0	29829618	0	0	29798024	0	0	11791	66.249.65.33
5	2	1	0	0	29791604	0	0	29791603	0	0	1724	2.29.6.9
5	1	1	0	0	29771440	0	0	29771440	0	0	1658	43.131.243.61
5	9	1	0	0	29829709	0	0	29786236	0	0	12798	66.249.65.32
5	0	0	0	1	0	0	29786324	0	0	29786324	0	20.237.251.56
5	1	0	0	0	29789125	0	0	29789125	0	0	4876	69.171.231.43
5	1	0	0	0	29792661	0	0	29792661	0	0	4876	69.171.231.42
5	2	1	0	0	29790637	0	0	29790637	0	0	455852	93.123.109.52
5	2	2	0	0	29763394	0	0	29742356	0	0	3316	43.153.86.78
5	1	1	0	0	29754285	0	0	29754285	0	0	1658	43.153.73.200
5	19	3	1	0	29802793	29802051	0	29797212	29802051	0	27018	160.153.252.100
5	2	2	0	0	29805747	0	0	29804008	0	0	3316	3.85.196.206
5	1	0	0	0	29819717	0	0	29819717	0	0	1658	37.140.223.27
5	1	1	0	0	29769579	0	0	29769579	0	0	1658	158.173.240.154
5	0	0	0	1	0	0	29729782	0	0	29729782	0	69.171.231.18
5	1	0	0	0	29734239	0	0	29734239	0	0	878	182.93.93.93
5	3	0	0	0	29774221	0	0	29774221	0	0	4974	47.20.248.179
5	33	0	0	0	29797653	0	0	29786617	0	0	46926	74.7.244.7
5	1	0	0	0	29786570	0	0	29786570	0	0	1658	96.62.59.50
5	1	1	0	0	29821242	0	0	29821242	0	0	1658	194.14.87.69
5	6	0	2	0	29818244	29818244	0	29813063	29813063	0	8532	161.33.31.141
5	9	9	0	2	29828889	0	29729765	29743046	0	29729121	14922	106.52.49.148
5	1	0	0	0	29819372	0	0	29819372	0	0	1422	24.200.185.135
5	1	1	0	0	29752084	0	0	29752084	0	0	1658	47.79.200.161
5	0	0	0	27	0	0	29825919	0	0	29727049	0	91.92.241.196
5	1	0	0	0	29768602	0	0	29768602	0	0	1422	45.84.177.69
5	0	0	0	8	0	0	29786902	0	0	29786902	0	45.129.228.98
5	2	0	0	0	29776408	0	0	29776408	0	0	53549	157.55.39.192
5	3	0	0	0	29770382	0	0	29770382	0	0	4974	115.129.241.12
5	2	0	0	0	29776538	0	0	29744822	0	0	3316	20.61.42.105
5	2	1	0	0	29771197	0	0	29771196	0	0	2844	116.202.22.202
5	8	4	1	0	29746664	29746604	0	29746098	29746604	0	11376	124.55.178.99
5	1	1	0	0	29793815	0	0	29793815	0	0	1658	34.225.164.177
5	7	7	0	0	29825947	0	0	29752261	0	0	11606	49.232.104.223
5	2	1	0	0	29810933	0	0	29810933	0	0	1724	146.190.162.200
5	3	3	0	0	29831235	0	0	29810174	0	0	14628	154.38.189.198
5	0	0	0	1	0	0	29786332	0	0	29786332	0	162.241.63.88
5	2	2	0	0	29831295	0	0	29778358	0	0	3316	43.130.106.18
5	0	0	0	1	0	0	29781106	0	0	29781106	0	185.95.156.16
5	19	2	0	51	29827066	0	29827066	29827066	0	29827066	31502	34.40.188.108
5	2	2	0	0	29806973	0	0	29806951	0	0	2844	100.48.87.243
5	1	1	0	0	29801426	0	0	29801426	0	0	1422	45.56.135.233
5	1	1	0	0	29748292	0	0	29748292	0	0	1658	45.56.135.231
5	2	2	0	0	29765846	0	0	29753796	0	0	3316	43.166.245.120
5	14	0	1	0	29803534	29803534	0	29803534	29803534	0	68264	34.86.97.163
5	2	0	0	0	29788731	0	0	29788731	0	0	2844	209.166.17.96
5	2	0	0	0	29764950	0	0	29764288	0	0	3080	184.168.126.180
5	11	2	1	0	29801634	29801632	0	29800456	29801632	0	15642	172.93.101.38
5	0	0	0	1	0	0	29728002	0	0	29728002	0	192.3.241.84
5	0	0	0	1	0	0	29774718	0	0	29774718	0	5.29.34.98
5	3	3	0	0	29806041	0	0	29763481	0	0	4974	150.109.119.38
5	2	2	0	0	29735209	0	0	29735209	0	0	1196	142.252.35.51
5	0	0	0	1	0	0	29777357	0	0	29777357	0	176.34.176.73
5	3	0	0	0	29747333	0	0	29745959	0	0	4266	74.7.230.59
5	1	0	1	0	29800947	29800947	0	29800947	29800947	0	1422	185.146.22.250
5	2	2	0	0	29764305	0	0	29756931	0	0	3316	43.166.239.145
5	2	1	0	0	29779249	0	0	29779249	0	0	1724	167.99.200.126
5	1	0	0	0	29746605	0	0	29746605	0	0	1422	103.161.172.221
5	49	2	1	120	29826134	29826134	29826134	29826134	29826134	29826134	81242	35.247.168.95
5	2	2	0	0	29802792	0	0	29765013	0	0	2844	20.16.180.61
5	1	0	0	0	29823454	0	0	29823454	0	0	443	136.111.35.208
5	1	0	0	1	29746487	0	29727858	29746487	0	29727858	1422	217.113.60.80
5	2	2	0	0	29792580	0	0	29792580	0	0	1658	192.177.9.9
5	1	0	0	0	29747603	0	0	29747603	0	0	4876	173.252.107.35
5	1	0	0	0	29735108	0	0	29735108	0	0	1196	141.95.90.77
5	1	0	0	0	29819373	0	0	29819373	0	0	1422	31.11.109.244
5	7	0	0	0	29833259	0	0	29828524	0	0	9954	74.7.230.47
5	7	2	0	1	29801933	0	29780346	29778810	0	29780346	11370	66.116.199.98
5	1	1	0	0	29804887	0	0	29804887	0	0	1658	34.26.214.145
5	4	0	0	0	29785428	0	0	29778864	0	0	6160	13.140.141.170
5	1	0	0	0	29812268	0	0	29812268	0	0	4876	176.41.51.202
5	1	0	0	0	29809397	0	0	29809397	0	0	4876	191.185.104.52
5	69	69	0	5	29831416	0	29729532	29733072	0	29725272	326834	178.156.174.41
5	1	0	0	0	29833392	0	0	29833392	0	0	1658	104.234.19.83
5	33	4	0	1	29769518	0	29769518	29769517	0	29769518	546083	44.204.34.218
5	2	1	0	0	29801802	0	0	29801802	0	0	1724	137.184.15.188
5	1	1	0	0	29805026	0	0	29805026	0	0	1658	167.71.2.165
5	3	3	0	1	29806978	0	29728422	29736454	0	29728422	4974	43.130.228.73
5	1	1	0	0	29753488	0	0	29753488	0	0	1658	43.153.62.161
5	1	1	0	0	29757438	0	0	29757438	0	0	1658	43.166.7.113
5	2	0	0	0	29755949	0	0	29755949	0	0	3316	171.4.82.100
5	1	0	0	0	29749301	0	0	29749301	0	0	1422	74.7.230.25
5	2	0	0	1	29778121	0	29778121	29778120	0	29778121	3316	188.40.26.206
5	1	0	0	0	29770866	0	0	29770866	0	0	1422	162.240.101.155
5	2	2	0	0	29770033	0	0	29752573	0	0	9752	154.38.190.131
5	1	0	0	0	29786570	0	0	29786570	0	0	1658	108.165.182.156
5	2	0	1	0	29785016	29785016	0	29778115	29785016	0	3080	50.87.182.201
5	2	1	0	0	29768409	0	0	29768406	0	0	1488	136.144.168.61
5	1	0	0	0	29824672	0	0	29824672	0	0	1658	188.166.177.143
5	4	4	0	0	29825159	0	0	29744886	0	0	6632	47.254.47.156
5	97	97	0	3	29832136	0	29726352	29730732	0	29725152	448956	62.146.226.43
5	1	0	0	0	29786349	0	0	29786349	0	0	1658	45.131.195.95
5	70	70	0	0	29831293	0	0	29731632	0	0	335607	62.146.226.39
5	2	1	0	0	29757054	0	0	29757054	0	0	1724	146.70.117.51
5	81	81	0	6	29829735	0	29730132	29733972	0	29725572	386829	62.146.226.40
5	1	0	0	0	29785238	0	0	29785238	0	0	1422	88.198.165.116
5	2	2	0	0	29755151	0	0	29754683	0	0	2844	91.86.16.6
5	1	1	0	0	29810189	0	0	29810189	0	0	1658	13.140.58.6
5	0	0	0	1	0	0	29818199	0	0	29818199	0	136.66.225.19
5	19	8	0	4	29802793	0	29800702	29754684	0	29779600	28198	112.78.134.58
5	2	2	0	0	29782104	0	0	29747454	0	0	3316	43.165.125.66
5	4	0	0	0	29777352	0	0	29746662	0	0	6396	102.134.101.35
5	2	1	0	0	29821106	0	0	29821106	0	0	3316	44.251.82.198
5	3	0	0	2	29801589	0	29801589	29801589	0	29801588	4502	3.85.201.100
5	2	1	0	0	29758320	0	0	29758286	0	0	3316	144.76.67.108
5	5	3	2	1	29755602	29755602	29746486	29746228	29755528	29746486	7110	45.90.123.233
5	3	0	0	0	29829601	0	0	29765227	0	0	4974	13.222.80.67
5	1	0	0	0	29814580	0	0	29814580	0	0	1658	142.250.32.99
5	0	0	0	5	0	0	29832421	0	0	29817158	0	185.218.86.24
5	1	0	0	0	29731467	0	0	29731467	0	0	443	209.145.49.99
5	30	2	0	0	29831180	0	0	29831180	0	0	582691	40.77.189.8
5	30	2	0	0	29798692	0	0	29798692	0	0	582691	40.77.190.7
5	0	0	0	2	0	0	29728466	0	0	29728466	0	159.65.26.1
5	1	0	0	0	29815113	0	0	29815113	0	0	1658	178.159.37.53
5	1	1	0	0	29770866	0	0	29770866	0	0	1422	20.224.101.23
5	1	1	0	0	29789800	0	0	29789800	0	0	1658	172.120.57.58
5	2	0	0	0	29785975	0	0	29779599	0	0	3316	194.116.184.179
5	1	0	0	0	29770867	0	0	29770867	0	0	1422	173.249.147.86
5	1	1	0	0	29783278	0	0	29783278	0	0	1658	35.231.144.102
5	32	2	1	137	29827594	29827594	29827594	29827594	29827594	29827594	53056	35.203.104.25
5	2	2	0	0	29802497	0	0	29758281	0	0	3316	43.153.67.21
5	1	1	0	0	29802415	0	0	29802415	0	0	1422	172.233.163.220
5	2	2	0	0	29808439	0	0	29806095	0	0	3316	43.130.34.74
5	29	1	0	1	29789264	0	29789264	29789264	0	29789264	764482	103.15.42.202
5	2	0	1	0	29767377	29767377	0	29767377	29767377	0	2844	168.144.81.91
5	2	0	0	0	29800770	0	0	29800456	0	0	2844	209.133.204.198
5	29	1	0	1	29788983	0	29788983	29788983	0	29788983	764481	103.15.42.200
5	0	0	0	2	0	0	29725973	0	0	29725973	0	93.158.91.13
5	0	0	0	1	0	0	29728002	0	0	29728002	0	23.94.77.249
5	5	1	0	2	29768404	0	29768404	29768403	0	29768403	476750	45.65.112.150
5	1	0	0	1	29779610	0	29777358	29779610	0	29777358	1658	213.165.84.186
5	2	1	0	0	29751703	0	0	29751703	0	0	1724	93.158.91.10
5	3	0	0	0	29755667	0	0	29755667	0	0	4974	190.205.173.45
5	1	0	0	0	29730578	0	0	29730578	0	0	443	3.223.127.185
5	2	0	0	0	29829153	0	0	29829153	0	0	3316	34.85.143.40
5	2	1	0	0	29731720	0	0	29731720	0	0	509	199.45.155.96
5	1	1	0	0	29786051	0	0	29786051	0	0	1658	43.153.119.119
5	8	0	2	1	29785429	29785428	29785429	29770731	29785237	29785429	11376	162.214.96.231
5	1	1	0	0	29775658	0	0	29775658	0	0	1422	31.11.36.158
5	1	1	0	0	29804852	0	0	29804852	0	0	4876	32.197.124.143
5	0	0	0	1	0	0	29776223	0	0	29776223	0	74.7.242.2
5	2	1	0	0	29732175	0	0	29732175	0	0	509	199.45.155.82
5	70	9	0	3	29811012	0	29791172	29759172	0	29791171	1827045	31.220.103.147
5	100	14	0	5	29799434	0	29763105	29758393	0	29763104	3622014	31.220.103.146
5	38	7	0	1	29829376	0	29763810	29738771	0	29763810	1306210	31.220.103.145
5	305	29	0	7	29824338	0	29793421	29733544	0	29774117	8281994	31.220.103.144
5	3	3	0	1	29809154	0	29729352	29760313	0	29729352	14628	31.220.103.143
5	1	1	0	0	29746561	0	0	29746561	0	0	1422	130.51.180.8
5	1	1	0	0	29789474	0	0	29789474	0	0	4876	31.220.103.142
5	3	3	0	0	29789594	0	0	29758753	0	0	14628	31.220.103.141
5	1	1	0	1	29748732	0	29730192	29748732	0	29730192	4876	31.220.103.140
5	1	1	0	0	29824816	0	0	29824816	0	0	1658	135.181.37.47
5	1	1	0	0	29808181	0	0	29808181	0	0	1658	43.130.78.203
5	6	6	0	1	29807337	0	29727492	29736231	0	29727492	9948	146.56.229.214
5	1	1	0	1	29827359	0	29725817	29827359	0	29725817	1658	101.32.208.70
5	1	1	0	0	29738534	0	0	29738534	0	0	1658	8.234.184.145
5	1	0	0	0	29774404	0	0	29774404	0	0	4876	119.156.84.5
5	1	1	0	0	29735099	0	0	29735099	0	0	1196	43.135.133.241
5	2	1	0	0	29822954	0	0	29822954	0	0	1724	199.45.155.57
5	2	1	0	0	29831136	0	0	29831136	0	0	1724	199.45.155.56
5	1	0	0	0	29746329	0	0	29746329	0	0	1422	51.79.215.219
5	77	2	1	184	29732652	29732652	29732652	29732651	29732652	29732651	34111	54.20.75.218
5	1	0	0	0	29824082	0	0	29824082	0	0	1658	98.89.194.72
5	1	0	0	0	29740450	0	0	29740450	0	0	1658	147.93.168.91
5	1	1	0	0	29814862	0	0	29814862	0	0	1422	109.172.92.126
5	1	0	0	1	29797364	0	29777354	29797364	0	29777354	1422	50.87.171.154
5	1	0	0	0	29767752	0	0	29767752	0	0	4876	102.42.116.31
5	1	1	0	0	29730753	0	0	29730753	0	0	298	161.123.115.82
5	327	27	0	15	29794221	0	29794221	29730289	0	29729966	6258698	103.120.222.11
5	1	1	0	0	29786808	0	0	29786808	0	0	1422	59.183.48.88
5	221	15	0	10	29817527	0	29792798	29736614	0	29749948	3823281	103.120.222.10
5	10	10	0	0	29828056	0	0	29732352	0	0	37057	5.161.124.144
5	1	1	0	0	29776012	0	0	29776012	0	0	1658	43.159.149.216
5	1	1	0	0	29805086	0	0	29805086	0	0	1658	34.182.152.55
5	0	0	0	1	0	0	29728894	0	0	29728894	0	188.166.186.43
5	1	1	0	0	29739800	0	0	29739800	0	0	1658	192.36.109.131
5	3	3	0	0	29802742	0	0	29735850	0	0	4512	43.135.144.126
5	1	0	0	1	29731347	0	29727645	29731347	0	29727645	443	147.93.168.73
5	1	1	0	0	29734386	0	0	29734386	0	0	878	192.36.109.127
5	2	2	0	38	29788818	0	29788818	29788073	0	29788073	9752	179.61.227.65
5	1	0	0	0	29784682	0	0	29784682	0	0	672	40.77.177.255
5	91	2	1	184	29819303	29819302	29819302	29819302	29819302	29819302	150878	35.189.190.100
5	1	0	0	0	29750582	0	0	29750582	0	0	586	40.77.177.253
5	1	1	0	0	29755822	0	0	29755822	0	0	1658	192.36.109.120
5	1	1	0	1	29829092	0	29829092	29829092	0	29829092	1658	4.144.4.97
5	1	1	0	0	29801633	0	0	29801633	0	0	1422	195.88.87.110
5	1	1	0	0	29768602	0	0	29768602	0	0	1422	194.32.237.161
5	5	5	0	0	29815926	0	0	29743179	0	0	8290	43.135.133.194
5	1	0	0	0	29785018	0	0	29785018	0	0	1422	43.157.224.197
5	1	1	0	0	29782761	0	0	29782761	0	0	1658	77.90.2.3
5	1	0	0	0	29786570	0	0	29786570	0	0	1658	46.202.38.109
5	2	2	0	0	29790972	0	0	29733319	0	0	2107	43.130.3.122
5	0	0	0	1	0	0	29765014	0	0	29765014	0	165.22.50.112
5	2	0	0	1	29770731	0	29771197	29770731	0	29771197	2844	209.59.172.59
5	37	3	1	8	29824391	29824391	29824391	29824391	29824391	29824391	61346	34.65.16.6
5	5	1	0	10	29764267	0	29725270	29730578	0	29725268	6377	157.66.26.183
5	1	0	0	0	29784682	0	0	29784682	0	0	352605	40.77.177.236
5	1	1	0	0	29745411	0	0	29745411	0	0	1658	82.21.108.47
5	1	1	0	0	29751655	0	0	29751655	0	0	1422	152.232.72.98
5	4	0	0	0	29801633	0	0	29800769	0	0	5688	152.53.108.193
5	1	0	0	0	29784682	0	0	29784682	0	0	453	40.77.177.230
5	1	0	0	0	29732782	0	0	29732782	0	0	51655	40.77.177.229
5	1	1	0	0	29832474	0	0	29832474	0	0	1658	124.156.206.145
5	1	0	0	0	29798228	0	0	29798228	0	0	1422	104.210.140.143
5	1	0	0	0	29784682	0	0	29784682	0	0	520	40.77.177.228
5	3	0	0	0	29787179	0	0	29745183	0	0	4266	104.210.140.142
5	1	0	0	2	29741044	0	29726352	29741044	0	29726352	1422	104.210.140.141
5	1	0	0	0	29768401	0	0	29768401	0	0	352605	193.34.72.113
5	3	0	0	0	29803670	0	0	29763652	0	0	4266	104.210.140.139
5	2	0	0	2	29793110	0	29727599	29760773	0	29727599	2844	104.210.140.140
5	1	0	0	0	29792602	0	0	29792602	0	0	1422	104.210.140.138
5	2	0	0	0	29800133	0	0	29757894	0	0	2844	104.210.140.137
5	1	1	0	0	29749403	0	0	29749403	0	0	1658	43.135.138.128
5	2	0	0	0	29802311	0	0	29731365	0	0	1720	104.210.140.136
5	1	1	0	0	29741130	0	0	29741130	0	0	1422	74.7.242.40
5	2	0	0	2	29801517	0	29730071	29795722	0	29730071	2844	104.210.140.135
5	1	0	0	0	29735400	0	0	29735400	0	0	979	104.210.140.134
5	1	0	0	0	29760475	0	0	29760475	0	0	1658	134.149.200.94
5	1	0	0	0	29800948	0	0	29800948	0	0	1422	68.66.226.89
5	3	0	0	0	29801211	0	0	29777865	0	0	4266	104.210.140.133
5	1	1	0	0	29732782	0	0	29732782	0	0	973	40.77.177.217
5	2	0	0	0	29802599	0	0	29791218	0	0	2844	104.210.140.132
5	4	0	0	0	29796730	0	0	29732647	0	0	4564	104.210.140.131
5	3	0	0	0	29799454	0	0	29772283	0	0	4266	104.210.140.130
5	3	0	0	2	29794037	0	29728840	29749418	0	29728840	4266	104.210.140.129
5	1	1	0	0	29786570	0	0	29786570	0	0	1658	9.249.82.248
5	1	1	0	0	29738539	0	0	29738539	0	0	1658	136.108.48.10
5	3	0	0	0	29803281	0	0	29733962	0	0	3546	104.210.140.128
5	86	86	0	4	29831476	0	29727972	29730552	0	29726592	392298	178.156.186.30
5	1	1	0	0	29768349	0	0	29768349	0	0	4876	40.77.177.211
5	1	0	0	0	29819372	0	0	29819372	0	0	1422	210.10.76.246
5	3	0	0	3	29733111	0	29727880	29730576	0	29726977	1329	103.82.20.130
5	8	6	0	8	29770873	0	29770873	29770807	0	29770807	4861684	188.165.63.131
5	1	0	0	0	29784682	0	0	29784682	0	0	614	40.77.177.206
5	1	1	0	0	29816104	0	0	29816104	0	0	1658	34.150.163.59
5	7	7	0	0	29827586	0	0	29774829	0	0	11606	152.136.23.159
5	2	1	0	0	29803101	0	0	29803101	0	0	26760	74.7.242.13
5	4	2	0	0	29746562	0	0	29746098	0	0	5688	41.186.86.12
5	0	0	0	3	0	0	29725133	0	0	29725132	0	98.184.201.201
5	0	0	0	1	0	0	29784682	0	0	29784682	0	40.77.177.182
5	1	0	0	1	29768603	0	29774259	29768603	0	29774259	1422	45.147.192.172
5	3	0	0	0	29829517	0	0	29829517	0	0	4974	62.60.130.232
5	0	0	0	2	0	0	29817423	0	0	29817353	0	193.32.162.157
5	1	0	0	0	29784682	0	0	29784682	0	0	2097	40.77.177.177
5	0	0	0	2	0	0	29817925	0	0	29817688	0	193.32.162.156
5	0	0	0	2	0	0	29817658	0	0	29817652	0	193.32.162.155
5	0	0	0	1	0	0	29750838	0	0	29750838	0	201.148.243.184
5	1	1	0	0	29732380	0	0	29732380	0	0	973	85.203.46.64
5	14	2	0	1	29740724	0	29729033	29732667	0	29729033	16102	62.60.130.227
5	1	1	0	0	29734382	0	0	29734382	0	0	878	8.235.116.12
5	0	0	0	1	0	0	29818564	0	0	29818564	0	193.32.162.154
5	1	1	0	0	29736906	0	0	29736906	0	0	1658	43.159.138.217
5	4	2	1	0	29756745	29756745	0	29756743	29756745	0	9614	193.148.56.61
5	1	1	0	0	29823277	0	0	29823277	0	0	4876	52.18.152.47
5	2	2	0	1	29795957	0	29729056	29769050	0	29729056	3316	43.163.206.70
5	0	0	0	1	0	0	29728879	0	0	29728879	0	175.29.8.88
5	1	1	0	0	29822209	0	0	29822209	0	0	4876	54.203.164.248
5	2	0	0	0	29784682	0	0	29750582	0	0	13025	40.77.177.166
5	1	1	0	0	29778320	0	0	29778320	0	0	1658	192.71.88.226
5	0	0	0	1	0	0	29725153	0	0	29725153	0	198.46.152.106
5	1	1	0	0	29797121	0	0	29797121	0	0	1422	47.79.13.40
5	2	2	0	0	29736648	0	0	29736648	0	0	1658	142.252.33.235
5	31	2	0	2	29768366	0	29768365	29768365	0	29768365	766513	40.77.177.156
5	0	0	0	1	0	0	29730126	0	0	29730126	0	43.134.3.111
5	1	0	0	0	29820697	0	0	29820697	0	0	1658	193.32.162.135
5	2	2	0	0	29746783	0	0	29736086	0	0	2854	43.130.100.35
5	2	2	0	0	29778075	0	0	29775384	0	0	3316	18.209.193.82
5	3	1	0	0	29826623	0	0	29826623	0	0	4974	147.224.161.222
5	3	3	0	0	29782050	0	0	29755857	0	0	4974	43.164.129.191
5	2	1	0	0	29786573	0	0	29786573	0	0	471776	158.69.117.45
5	1	0	0	0	29750582	0	0	29750582	0	0	424	40.77.177.149
5	6	2	2	0	29800934	29800934	0	29798203	29798203	0	9948	51.4.104.8
5	1	1	0	0	29802928	0	0	29802928	0	0	1658	34.14.60.202
5	5	1	0	0	29794506	0	0	29794506	0	0	8290	162.55.85.59
5	1	0	0	0	29744528	0	0	29744528	0	0	4876	47.31.112.171
5	0	0	0	1	0	0	29778859	0	0	29778859	0	185.104.30.123
5	1	1	0	0	29802807	0	0	29802807	0	0	1658	104.206.162.23
5	5	1	0	0	29822044	0	0	29812308	0	0	7110	31.59.35.239
5	0	0	0	20	0	0	29729897	0	0	29729897	0	35.196.18.133
5	30	2	0	0	29817600	0	0	29817600	0	0	582690	40.77.177.141
5	1	1	0	0	29780869	0	0	29780869	0	0	1422	147.182.130.190
5	30	2	0	0	29798708	0	0	29798708	0	0	543003	40.77.177.136
5	31	2	0	1	29776424	0	29776424	29776424	0	29776424	766569	65.55.210.56
5	1	0	0	0	29784682	0	0	29784682	0	0	566	40.77.177.135
5	2	1	0	0	29765196	0	0	29765196	0	0	1724	66.132.195.116
5	2	1	0	0	29788548	0	0	29788548	0	0	1724	147.182.129.184
5	2	0	0	0	29754768	0	0	29742797	0	0	3080	217.154.106.221
5	1	0	0	0	29764227	0	0	29764227	0	0	1658	109.234.164.108
5	5	5	0	1	29799387	0	29730099	29741778	0	29730099	8290	192.144.148.122
5	2	2	0	0	29786569	0	0	29786569	0	0	3316	217.154.253.108
5	1	1	0	1	29789210	0	29789210	29789210	0	29789210	1658	89.37.63.136
5	1	0	1	0	29811205	29811205	0	29811205	29811205	0	1422	210.185.110.56
5	0	0	0	1	0	0	29726087	0	0	29726087	0	103.84.116.31
5	32	3	0	1	29750565	0	29750565	29750565	0	29750565	806201	40.77.177.128
5	3	0	0	0	29731453	0	0	29731422	0	0	741	69.197.174.197
5	2	0	0	0	29820259	0	0	29820259	0	0	3316	193.34.212.54
5	28	1	0	1	29761126	0	29761126	29761126	0	29761126	804048	202.134.14.234
5	1	0	0	0	29741903	0	0	29741903	0	0	1658	4.205.168.44
5	19	3	2	5	29785238	29784385	29779609	29731451	29775657	29765014	25768	188.164.197.230
5	0	0	0	1	0	0	29729802	0	0	29729802	0	34.90.128.232
5	2	1	0	0	29754628	0	0	29754567	0	0	2844	34.173.127.233
5	2	2	0	0	29776858	0	0	29776858	0	0	9752	103.168.66.101
5	2	2	0	0	29785527	0	0	29758565	0	0	3316	43.157.95.239
5	15	9	0	0	29771595	0	0	29731658	0	0	4854833	162.216.148.0
5	1	0	0	0	29812308	0	0	29812308	0	0	1422	31.59.35.193
5	30	2	0	0	29817242	0	0	29817242	0	0	582690	65.55.210.24
5	1	0	0	0	29746641	0	0	29746641	0	0	4876	174.72.202.246
5	0	0	0	1	0	0	29729008	0	0	29729008	0	191.102.130.154
5	3	3	0	0	29827679	0	0	29821476	0	0	4974	49.51.132.100
5	1	1	0	0	29802600	0	0	29802600	0	0	1422	31.59.35.186
5	6	0	0	0	29833454	0	0	29802600	0	0	8532	31.59.35.185
5	3	3	0	0	29800133	0	0	29767727	0	0	4974	124.156.179.141
5	2	1	0	0	29746150	0	0	29746150	0	0	6298	135.181.180.59
5	2	1	0	0	29750582	0	0	29750582	0	0	6973	65.55.210.10
5	2	0	0	0	29820505	0	0	29820505	0	0	2844	31.59.35.174
5	1	1	0	0	29762912	0	0	29762912	0	0	1658	49.51.245.241
5	2	2	0	0	29778866	0	0	29732992	0	0	2101	119.45.7.86
5	0	0	0	1	0	0	29782943	0	0	29782943	0	57.141.20.2
5	3	0	0	2	29781116	0	29780355	29778860	0	29779609	4974	162.214.79.109
5	2	0	0	0	29777362	0	0	29777354	0	0	3316	185.221.219.201
5	8	8	0	1	29821328	0	29728131	29731988	0	29728131	12049	110.42.208.131
5	14	0	1	0	29804521	29804520	0	29804520	29804520	0	68264	136.66.245.225
5	1	1	0	0	29781263	0	0	29781263	0	0	1658	103.24.234.7
5	4	4	0	0	29824587	0	0	29744049	0	0	6632	43.130.131.18
5	20	2	0	210	29791024	0	29791024	29791024	0	29791024	33160	13.39.150.91
5	3	3	0	0	29810480	0	0	29744951	0	0	4974	146.56.197.150
5	1	0	0	0	29804494	0	0	29804494	0	0	1658	35.168.200.72
5	2	2	0	0	29751861	0	0	29751860	0	0	3316	3.217.141.132
5	2	2	0	0	29816210	0	0	29776137	0	0	3316	82.156.88.97
5	37	7	2	33	29814352	29814352	29814352	29814352	29814352	29814352	61346	34.97.100.15
5	36	3	0	2	29769457	0	29769457	29769457	0	29769457	775723	212.104.215.84
5	0	0	0	1	0	0	29728762	0	0	29728762	0	75.119.135.239
5	1	0	0	0	29769457	0	0	29769457	0	0	4568	95.164.33.84
5	10	4	1	3	29802229	29746485	29729682	29730590	29746485	29727854	13251	72.167.132.114
5	0	0	0	2	0	0	29726091	0	0	29726091	0	217.154.144.42
5	1	0	0	0	29769458	0	0	29769458	0	0	4568	170.254.178.249
5	2	0	0	0	29778116	0	0	29778115	0	0	3316	167.71.132.111
5	4	1	2	2	29802078	29802078	29729687	29746139	29746139	29727869	5688	62.210.185.4
5	31	3	0	2	29790675	0	29790675	29790675	0	29790675	1000414	5.199.174.153
5	1	0	0	0	29807632	0	0	29807632	0	0	1658	155.2.215.114
5	1	1	0	5	29812180	0	29816181	29812180	0	29811623	1422	74.7.227.184
5	0	0	0	2	0	0	29829022	0	0	29828555	0	74.7.227.183
5	2	0	0	0	29811205	0	0	29811205	0	0	2844	103.235.75.61
5	1	1	0	0	29772395	0	0	29772395	0	0	1658	194.14.29.164
5	2	1	0	0	29786617	0	0	29786617	0	0	26760	74.7.227.182
5	1	1	0	0	29790684	0	0	29790684	0	0	1658	34.85.132.166
5	2	1	1	0	29802078	29802078	0	29797210	29802078	0	2844	103.156.21.26
5	1	1	0	18	29776868	0	29776868	29776868	0	29776868	4876	34.138.26.32
5	2	0	0	0	29785017	0	0	29771197	0	0	2844	103.124.95.168
5	0	0	0	1	0	0	29727953	0	0	29727953	0	74.7.227.173
5	17	4	1	1	29811205	29755528	29785238	29746562	29755528	29785238	24174	97.74.87.194
5	0	0	0	1	0	0	29728972	0	0	29728972	0	170.130.115.229
5	2	0	0	0	29805948	0	0	29777364	0	0	3080	50.87.143.111
5	5	3	0	0	29749301	0	0	29732327	0	0	481238	74.7.227.172
5	6	1	0	0	29806611	0	0	29806611	0	0	600611	91.92.42.30
5	1	1	0	1	29800149	0	29800149	29800149	0	29800149	1422	74.7.227.170
5	1	1	0	0	29790883	0	0	29790883	0	0	1658	91.90.120.133
5	2	2	0	0	29823614	0	0	29798976	0	0	3316	170.106.192.208
5	2	2	0	0	29769010	0	0	29769010	0	0	3316	104.168.98.195
5	1	0	0	0	29821980	0	0	29821980	0	0	4876	212.34.12.83
5	2	0	0	1	29782715	0	29778117	29778117	0	29778117	3316	49.13.119.166
5	1	1	0	0	29746345	0	0	29746345	0	0	1658	157.173.125.251
5	2	1	0	1	29808172	0	29807959	29808172	0	29807959	495540	74.7.227.163
5	1	1	0	0	29732884	0	0	29732884	0	0	443	43.157.95.131
5	3	3	0	1	29798929	0	29726292	29751960	0	29726292	4974	43.164.1.211
5	2	2	0	0	29807378	0	0	29764204	0	0	3316	46.224.210.134
5	1	1	0	0	29750277	0	0	29750277	0	0	1658	43.165.7.74
5	2	2	0	0	29778602	0	0	29749851	0	0	3316	162.62.231.139
5	0	0	0	4	0	0	29785803	0	0	29782249	0	74.7.227.160
5	0	0	0	1	0	0	29778117	0	0	29778117	0	146.88.232.46
5	3	3	0	0	29824636	0	0	29754882	0	0	4974	43.165.195.234
5	13	1	0	31	29830691	0	29830691	29830625	0	29830653	104774	74.7.227.156
5	1	1	0	0	29775233	0	0	29775233	0	0	1658	43.165.4.2
5	2	2	0	0	29799985	0	0	29799985	0	0	1658	103.124.84.244
5	0	0	0	1	0	0	29758559	0	0	29758559	0	74.7.227.155
5	2	2	0	0	29800342	0	0	29786523	0	0	3316	139.155.126.16
5	0	0	0	1	0	0	29728542	0	0	29728542	0	74.7.227.148
5	1	1	0	0	29756700	0	0	29756700	0	0	1658	178.62.82.141
5	5	5	0	0	29816461	0	0	29747412	0	0	8290	43.133.69.37
5	0	0	0	1	0	0	29728930	0	0	29728930	0	34.141.215.197
5	3	3	0	1	29817315	0	29727716	29797122	0	29727716	4974	43.130.141.193
5	7	0	2	1	29765014	29765012	29764272	29765012	29765012	29764272	9954	41.79.235.70
5	91	2	1	184	29814629	29814629	29814628	29814628	29814629	29814628	150878	34.174.220.157
5	2	1	0	1	29793586	0	29780348	29779608	0	29780348	3316	20.87.239.85
5	3	3	0	0	29830413	0	0	29759333	0	0	4974	43.157.168.43
5	2	2	0	0	29769373	0	0	29769373	0	0	9752	212.156.70.154
5	3	3	0	0	29811116	0	0	29790897	0	0	4974	43.157.181.189
5	1	1	0	0	29804276	0	0	29804276	0	0	1658	170.106.72.93
5	3	1	0	2	29819682	0	29824282	29819682	0	29817555	520878	74.7.227.129
5	21	21	0	1	29819507	0	29787263	29787242	0	29787263	34818	45.74.31.54
5	2	2	0	0	29797136	0	0	29797091	0	0	2844	167.71.109.225
5	0	0	0	2	0	0	29729261	0	0	29729261	0	205.169.39.58
5	0	0	0	2	0	0	29765811	0	0	29765811	0	115.113.96.131
5	1	0	0	0	29766591	0	0	29766591	0	0	4876	41.82.211.164
5	2	1	0	0	29759129	0	0	29759129	0	0	1724	68.183.200.154
5	1	1	0	0	29808751	0	0	29808751	0	0	1658	170.106.197.109
5	1	0	0	0	29765013	0	0	29765013	0	0	1422	164.138.220.142
5	1	1	0	0	29833173	0	0	29833173	0	0	1658	3.220.151.36
5	2	2	0	0	29794032	0	0	29794031	0	0	1658	103.124.84.196
5	2	2	0	0	29798642	0	0	29783291	0	0	3316	43.167.232.38
5	1	1	0	0	29740733	0	0	29740733	0	0	1658	205.169.39.48
5	1	1	0	0	29739537	0	0	29739537	0	0	1658	167.86.126.27
5	2	0	0	0	29793970	0	0	29793970	0	0	3316	34.222.209.140
5	1	1	0	0	29804687	0	0	29804687	0	0	1658	159.223.239.185
5	1	0	0	0	29819372	0	0	29819372	0	0	1422	213.217.245.15
5	0	0	0	1	0	0	29787291	0	0	29787291	0	103.177.243.211
5	1	0	0	1	29777358	0	29777365	29777358	0	29777365	1658	173.254.104.26
5	1	1	0	0	29817584	0	0	29817584	0	0	4876	198.235.24.60
5	3	3	0	0	29828178	0	0	29747249	0	0	4974	49.51.253.83
5	0	0	0	1	0	0	29814439	0	0	29814439	0	34.147.121.242
5	0	0	0	7	0	0	29751857	0	0	29751857	0	172.94.9.43
5	1	1	0	0	29789140	0	0	29789140	0	0	4876	198.235.24.58
5	7	2	1	0	29797520	29797520	0	29797516	29797520	0	11134	45.61.185.216
5	1	1	0	0	29757176	0	0	29757176	0	0	1422	181.230.143.34
5	2	0	0	0	29778115	0	0	29775658	0	0	3080	143.95.158.36
5	0	0	0	1	0	0	29770918	0	0	29770918	0	8.231.206.24
5	0	0	0	1	0	0	29772105	0	0	29772105	0	34.187.21.109
5	0	0	0	1	0	0	29726991	0	0	29726991	0	81.17.97.100
5	0	0	0	2	0	0	29729252	0	0	29729252	0	205.169.39.24
5	1	1	0	0	29788942	0	0	29788942	0	0	4876	198.235.24.50
5	1	0	0	0	29730590	0	0	29730590	0	0	443	54.145.93.205
5	1	1	0	0	29745655	0	0	29745655	0	0	4876	198.235.24.48
5	29	2	0	1	29794687	0	29794687	29794687	0	29794687	582300	199.30.25.51
5	1	1	0	0	29749261	0	0	29749261	0	0	1422	67.215.237.244
5	0	0	0	1	0	0	29823920	0	0	29823920	0	8.215.201.250
5	1	1	0	0	29755613	0	0	29755613	0	0	4876	198.235.24.44
5	1	1	0	0	29783258	0	0	29783258	0	0	4876	198.235.24.43
5	31	2	0	1	29768349	0	29768349	29768349	0	29768349	806201	4.155.129.51
5	1	1	0	0	29773265	0	0	29773265	0	0	4876	198.235.24.39
5	1	1	0	0	29752442	0	0	29752442	0	0	0	54.174.58.252
5	1	0	0	0	29771197	0	0	29771197	0	0	1422	91.99.167.243
5	1	0	0	0	29752442	0	0	29752442	0	0	4876	54.174.58.251
5	1	1	0	0	29737532	0	0	29737532	0	0	1658	43.130.40.120
5	1	1	0	0	29787533	0	0	29787533	0	0	1658	34.168.120.153
5	4	0	0	0	29822021	0	0	29813743	0	0	5688	31.58.229.92
5	1	0	0	0	29752442	0	0	29752442	0	0	4876	54.174.58.250
5	19	4	4	1	29824804	29824804	29824804	29824804	29824804	29824804	27018	209.38.153.160
5	2	0	0	0	29752442	0	0	29752442	0	0	9752	54.174.58.246
5	1	0	0	0	29752442	0	0	29752442	0	0	4876	54.174.58.243
5	1	0	0	1	29736877	0	29725180	29736877	0	29725180	1658	139.59.184.99
5	23	4	4	1	29801750	29801749	29801749	29800456	29800702	29801749	32706	212.227.154.251
5	1	0	0	0	29809727	0	0	29809727	0	0	1658	45.132.115.74
5	0	0	0	1	0	0	29748595	0	0	29748595	0	223.181.52.54
5	1	0	0	0	29752403	0	0	29752403	0	0	4876	54.174.58.240
5	1	1	0	0	29757224	0	0	29757224	0	0	4876	198.235.24.23
5	219	20	0	8	29790974	0	29760897	29753000	0	29753000	6514074	31.220.101.4
5	1	0	0	0	29822403	0	0	29822403	0	0	1658	45.132.115.70
5	3	3	0	0	29799494	0	0	29770513	0	0	14628	31.220.101.1
5	2	2	0	0	29830678	0	0	29751709	0	0	3316	101.33.81.73
5	7	2	0	1	29778116	0	29784498	29754826	0	29784498	10662	152.42.137.70
5	16	15	1	8	29812953	29812953	29812953	29812953	29812953	29812953	26528	23.229.31.72
5	0	0	0	1	0	0	29812207	0	0	29812207	0	136.64.208.26
5	10	3	0	0	29820659	0	0	29756605	0	0	16580	37.27.51.131
5	2	2	0	0	29821017	0	0	29744460	0	0	3316	43.135.183.82
5	1	0	0	0	29767376	0	0	29767376	0	0	1422	45.148.121.173
5	3	0	0	0	29746694	0	0	29746694	0	0	3382	106.75.101.70
5	1	1	0	0	29730287	0	0	29730287	0	0	443	16.148.131.235
5	2	0	0	0	29826994	0	0	29822191	0	0	2844	51.8.102.1
5	4	2	2	0	29762540	29762540	0	29762540	29762540	0	3316	190.2.142.78
5	1	0	0	0	29830799	0	0	29830799	0	0	4876	103.153.221.186
5	2	2	0	0	29822267	0	0	29817625	0	0	3316	43.157.150.69
5	1	1	0	0	29785238	0	0	29785238	0	0	1422	162.241.152.27
5	2	0	0	0	29800200	0	0	29800200	0	0	3316	35.252.206.116
5	1	1	0	0	29815027	0	0	29815027	0	0	1658	34.28.203.132
5	0	0	0	1	0	0	29729103	0	0	29729103	0	192.36.109.98
5	2	0	0	0	29812308	0	0	29812308	0	0	2844	31.58.229.50
5	1	0	0	0	29787715	0	0	29787715	0	0	1658	209.87.169.243
5	2	0	0	0	29799286	0	0	29799286	0	0	2844	31.58.229.48
5	1	1	0	0	29732717	0	0	29732717	0	0	443	136.107.172.183
5	6	1	0	1	29785239	0	29787229	29770731	0	29787229	8532	135.236.141.8
5	1	1	0	0	29801890	0	0	29801890	0	0	1658	43.160.241.129
5	5	1	0	3	29790705	0	29725180	29731468	0	29725156	3430	216.38.28.47
5	2	0	0	0	29805947	0	0	29793267	0	0	2844	69.163.176.25
5	1	1	0	0	29787544	0	0	29787544	0	0	1658	34.150.182.122
5	1	0	0	0	29787620	0	0	29787620	0	0	1422	45.134.180.126
5	5	1	2	0	29755407	29755150	0	29754684	29754628	0	7110	188.166.241.141
5	1	0	0	0	29793740	0	0	29793740	0	0	1658	209.87.169.225
5	0	0	0	1	0	0	29727528	0	0	29727528	0	34.95.185.149
5	1	1	0	1	29781593	0	29726809	29781593	0	29726809	1658	1.13.158.23
5	2	1	0	0	29812308	0	0	29812308	0	0	2844	31.58.229.23
5	0	0	0	1	0	0	29773142	0	0	29773142	0	216.73.216.205
5	0	0	0	1	0	0	29771109	0	0	29771109	0	14.169.201.173
5	1	1	0	0	29796378	0	0	29796378	0	0	1422	177.1.11.1
5	30	2	0	0	29832316	0	0	29832315	0	0	582691	40.77.188.69
5	1	0	0	0	29777359	0	0	29777359	0	0	1658	120.89.126.229
5	1	1	0	0	29753624	0	0	29753624	0	0	1658	167.233.208.44
5	1	0	0	1	29725629	0	29725628	29725629	0	29725628	66	164.92.98.95
5	19	18	25	9	29772342	29772343	29772343	29750535	29750535	29772342	31502	23.180.120.145
5	3	1	0	0	29781321	0	0	29777438	0	0	4974	167.99.71.20
5	3	0	0	0	29771957	0	0	29731852	0	0	3759	44.208.214.205
5	1	1	0	0	29792987	0	0	29792987	0	0	1658	52.200.179.114
5	1	1	0	0	29746098	0	0	29746098	0	0	1422	159.223.76.255
5	1	1	0	0	29804321	0	0	29804321	0	0	1658	43.157.170.126
5	2	2	0	0	29765719	0	0	29762543	0	0	3316	54.161.230.166
5	1	0	0	0	29757342	0	0	29757342	0	0	1658	34.194.228.118
5	3	2	0	1	29771197	0	29770731	29770730	0	29770731	4266	80.74.152.50
5	1	0	1	0	29755075	29755075	0	29755075	29755075	0	1422	114.34.90.9
5	5	0	0	1	29777356	0	29771197	29770730	0	29771197	7346	192.250.239.173
5	2	1	0	0	29811205	0	0	29811205	0	0	2844	169.255.57.38
5	30	2	0	0	29802326	0	0	29802326	0	0	582691	40.77.188.35
5	1	1	0	0	29739107	0	0	29739107	0	0	1658	91.122.53.173
5	2	2	0	0	29815261	0	0	29779220	0	0	3316	175.27.171.245
5	1	1	0	0	29819274	0	0	29819274	0	0	1658	43.130.174.37
5	4	0	0	4	29786331	0	29778858	29778116	0	29778116	6632	115.146.125.52
5	4	4	0	0	29822794	0	0	29732627	0	0	5417	43.157.153.236
5	5	0	0	0	29820505	0	0	29813743	0	0	7110	31.59.35.49
5	1	0	0	0	29814963	0	0	29814963	0	0	470118	34.222.124.18
5	3	3	0	0	29810651	0	0	29790254	0	0	4974	43.157.158.178
5	0	0	0	1	0	0	29782343	0	0	29782343	0	209.87.164.209
5	0	0	0	1	0	0	29729685	0	0	29729685	0	41.185.8.245
5	30	2	0	0	29817258	0	0	29817258	0	0	543003	40.77.188.20
5	2	0	0	0	29755770	0	0	29736878	0	0	3316	104.43.50.80
5	1	1	0	0	29802776	0	0	29802776	0	0	4876	13.233.33.194
5	1	1	0	0	29787106	0	0	29787106	0	0	1658	130.94.65.130
5	2	1	0	0	29764132	0	0	29764132	0	0	1724	151.241.171.90
5	1	0	0	0	29732141	0	0	29732141	0	0	443	138.197.152.102
5	4	0	0	0	29802078	0	0	29785019	0	0	5924	20.84.23.223
5	1	0	1	0	29785018	29785018	0	29785018	29785018	0	1422	20.84.23.222
5	1	1	0	0	29798479	0	0	29798479	0	0	1658	193.234.232.156
5	1	1	0	0	29794330	0	0	29794330	0	0	1658	212.29.237.5
5	0	0	0	1	0	0	29754302	0	0	29754302	0	103.97.84.34
5	1	1	0	0	29802229	0	0	29802229	0	0	1422	192.155.88.52
5	3	1	0	0	29746487	0	0	29731361	0	0	1720	173.236.254.75
5	46	26	0	5	29825038	0	29730049	29735729	0	29727188	32931419	198.20.67.199
5	1	1	0	0	29784207	0	0	29784207	0	0	1658	20.84.23.216
5	0	0	0	1	0	0	29726951	0	0	29726951	0	72.167.38.62
5	1	0	0	0	29778120	0	0	29778120	0	0	1658	20.84.23.214
5	1	0	0	1	29802078	0	29746329	29802078	0	29746329	1422	20.84.23.213
5	1	1	0	0	29763808	0	0	29763808	0	0	1658	43.159.35.188
5	0	0	0	1	0	0	29815131	0	0	29815131	0	34.168.9.13
5	1	1	0	0	29790842	0	0	29790842	0	0	1658	154.16.95.57
5	5	1	0	0	29771197	0	0	29770730	0	0	7110	152.89.64.156
5	59	4	0	2	29768520	0	29768520	29768520	0	29768520	1530871	89.248.171.23
5	2	1	0	3	29778120	0	29781886	29777348	0	29764293	3316	194.63.239.149
5	1	0	0	0	29797257	0	0	29797257	0	0	66	87.236.176.64
5	2	0	0	0	29819415	0	0	29819415	0	0	3316	34.24.97.200
5	2	2	0	0	29799881	0	0	29799881	0	0	1658	103.228.84.236
5	1	0	0	0	29771197	0	0	29771197	0	0	1422	31.220.93.206
5	0	0	0	1	0	0	29725193	0	0	29725193	0	109.207.79.205
5	80	80	0	4	29833215	0	29729772	29732893	0	29727372	382557	31.220.98.151
5	0	0	0	2	0	0	29728765	0	0	29728751	0	27.255.189.72
5	1	1	0	0	29804805	0	0	29804805	0	0	0	51.81.82.245
5	1	0	0	0	29792991	0	0	29792991	0	0	1658	3.219.146.217
5	0	0	0	1	0	0	29728817	0	0	29728817	0	93.152.221.21
5	1	0	0	0	29785469	0	0	29785469	0	0	4876	173.252.95.46
5	1	1	0	0	29793534	0	0	29793534	0	0	1658	185.123.92.228
5	1	0	0	0	29786647	0	0	29786647	0	0	4876	173.252.95.45
5	9	0	6	0	29802506	29802506	0	29797364	29800456	0	12798	162.144.20.85
5	0	0	0	1	0	0	29763513	0	0	29763513	0	207.46.13.170
5	2	0	0	0	29786098	0	0	29786098	0	0	2844	151.247.120.167
5	2	2	0	0	29813943	0	0	29813943	0	0	9752	2.57.122.171
5	1	1	0	0	29800901	0	0	29800901	0	0	1658	134.209.198.222
5	3	0	0	0	29751655	0	0	29751655	0	0	4266	152.232.74.188
5	1	0	0	0	29768401	0	0	29768401	0	0	557	91.202.56.188
5	0	0	0	1	0	0	29728584	0	0	29728584	0	173.252.95.34
5	0	0	0	2	0	0	29768578	0	0	29767360	0	206.189.198.235
5	5	5	0	0	29805836	0	0	29737705	0	0	8290	43.157.62.101
5	2	2	0	0	29821917	0	0	29821917	0	0	3316	13.48.207.202
5	1	0	0	0	29813840	0	0	29813840	0	0	1837	207.46.13.156
5	1	1	0	0	29768402	0	0	29768402	0	0	1658	103.75.11.188
5	1	1	0	0	29783206	0	0	29783206	0	0	1658	185.151.16.185
5	1	1	0	0	29736245	0	0	29736245	0	0	1658	43.164.194.198
5	2	0	0	0	29755897	0	0	29755897	0	0	3316	104.157.40.219
5	1	0	0	9	29819077	0	29819077	29819077	0	29819077	1658	81.183.231.113
5	1	0	0	0	29773064	0	0	29773064	0	0	1658	44.213.190.124
5	1	1	0	0	29754491	0	0	29754491	0	0	1422	206.189.42.186
5	2	2	0	0	29794032	0	0	29794032	0	0	1658	103.228.84.189
5	5	1	0	2	29802508	0	29787218	29778867	0	29780353	7582	162.214.184.71
5	6	0	0	2	29801305	0	29777368	29779599	0	29777355	9004	20.237.250.71
5	1	1	0	0	29734366	0	0	29734366	0	0	702	68.183.43.38
5	1	0	0	0	29804383	0	0	29804383	0	0	1658	65.111.28.12
5	4	4	0	0	29818553	0	0	29768893	0	0	19504	77.90.185.5
5	1	1	0	0	29827283	0	0	29827283	0	0	1422	207.46.13.141
5	1	0	0	0	29768401	0	0	29768401	0	0	2416214	170.247.223.213
5	1	1	0	2	29786933	0	29738196	29786933	0	29738143	1658	45.148.10.120
5	1	1	0	0	29792611	0	0	29792611	0	0	1658	43.153.54.14
5	1	0	0	0	29777471	0	0	29777471	0	0	1658	54.174.1.141
5	1	1	0	0	29746341	0	0	29746341	0	0	1658	167.86.111.173
5	1	1	0	0	29832786	0	0	29832786	0	0	1658	43.134.78.217
5	2	2	0	0	29795516	0	0	29792423	0	0	3316	54.208.198.119
5	3	0	0	1	29731488	0	29729669	29730584	0	29729669	1329	72.167.50.103
5	1	0	0	0	29769284	0	0	29769284	0	0	1422	207.46.13.124
5	1	0	0	0	29790287	0	0	29790287	0	0	4876	69.171.230.36
5	0	0	0	2	0	0	29818883	0	0	29818535	0	172.86.81.19
5	5	0	0	0	29823454	0	0	29823454	0	0	1734	34.29.252.243
5	91	2	1	184	29817310	29817310	29817310	29817310	29817310	29817310	150878	34.17.61.42
5	0	0	0	1	0	0	29758189	0	0	29758189	0	198.244.168.206
5	5	5	0	0	29818747	0	0	29771332	0	0	8290	124.220.42.101
5	1	0	0	0	29769358	0	0	29769358	0	0	1422	207.46.13.111
5	1	1	0	0	29786570	0	0	29786570	0	0	1658	87.58.197.202
5	1	1	0	0	29786571	0	0	29786571	0	0	1658	87.58.197.201
5	1	1	0	0	29821983	0	0	29821983	0	0	1658	62.238.97.73
5	0	0	0	1	0	0	29748137	0	0	29748137	0	198.244.168.202
5	2	2	0	0	29807554	0	0	29806291	0	0	3316	43.130.26.3
5	1	1	0	0	29755346	0	0	29755346	0	0	1422	103.138.88.68
5	1	0	0	0	29787220	0	0	29787220	0	0	1658	185.33.54.5
5	2	0	0	0	29731416	0	0	29731416	0	0	298	198.57.247.195
5	1	0	0	0	29787848	0	0	29787848	0	0	4876	173.252.82.3
5	1	1	0	0	29814374	0	0	29814374	0	0	1658	170.106.65.93
5	34	4	0	1	29784682	0	29784682	29750582	0	29784682	770144	4.154.177.79
5	33	4	0	1	29769510	0	29769510	29769509	0	29769510	546082	100.61.168.165
5	1	1	0	0	29758787	0	0	29758787	0	0	1658	101.32.15.141
5	2	0	0	0	29764593	0	0	29744239	0	0	3316	68.210.136.250
5	0	0	0	1	0	0	29818435	0	0	29818435	0	8.229.20.225
5	1	1	0	0	29812934	0	0	29812934	0	0	1658	18.235.110.182
5	0	0	0	1	0	0	29753030	0	0	29753030	0	209.38.87.65
5	2	2	0	0	29816232	0	0	29768001	0	0	3316	43.135.145.77
5	1	1	0	0	29749142	0	0	29749142	0	0	1658	43.135.186.135
5	5	0	0	2	29785429	0	29778117	29777350	0	29777358	7346	162.240.105.3
5	2	2	0	0	29796427	0	0	29790495	0	0	3316	43.153.85.46
5	1	1	0	0	29822018	0	0	29822018	0	0	1658	43.166.130.123
5	1	1	0	0	29789733	0	0	29789733	0	0	1658	43.135.145.73
5	1	0	0	0	29801450	0	0	29801450	0	0	4876	45.117.63.25
5	1	1	0	0	29785429	0	0	29785429	0	0	1422	143.244.133.186
5	3	0	0	0	29786574	0	0	29774260	0	0	4266	152.232.74.103
5	1	1	0	0	29825098	0	0	29825098	0	0	1658	34.138.64.176
5	4	0	1	0	29801811	29801811	0	29797365	29801811	0	5688	115.187.18.185
5	0	0	0	1	0	0	29725747	0	0	29725747	0	43.130.105.21
5	2	2	0	0	29761683	0	0	29734636	0	0	2854	111.230.233.46
5	3	3	0	0	29808279	0	0	29763595	0	0	4974	124.221.140.98
5	0	0	0	1	0	0	29725157	0	0	29725157	0	20.185.96.226
5	1	0	0	0	29818528	0	0	29818528	0	0	4876	138.84.77.195
5	1	1	0	0	29738416	0	0	29738416	0	0	1658	34.181.222.149
5	2	1	0	0	29802505	0	0	29800456	0	0	2844	108.167.132.205
5	9	9	0	0	29819161	0	0	29815269	0	0	14922	87.58.197.139
5	6	6	0	0	29819178	0	0	29814384	0	0	9948	87.58.197.138
5	2	0	0	0	29807386	0	0	29807386	0	0	2844	198.38.94.87
5	1	1	0	0	29736690	0	0	29736690	0	0	1422	198.46.194.164
5	0	0	0	1	0	0	29832449	0	0	29832449	0	45.138.12.21
5	3	0	0	0	29731471	0	0	29730562	0	0	1329	131.72.236.123
5	5	1	0	0	29737398	0	0	29737398	0	0	474260	106.75.20.152
5	3	0	0	1	29794119	0	29778116	29778117	0	29778116	4502	69.57.172.96
5	1	1	0	0	29816773	0	0	29816773	0	0	1658	188.166.32.152
5	6	0	0	2	29780353	0	29780348	29770730	0	29777364	9476	64.182.46.134
5	2	0	0	0	29771198	0	0	29755529	0	0	2844	198.38.94.66
5	2	2	0	0	29803089	0	0	29775174	0	0	3316	43.157.142.101
5	1	1	0	0	29786638	0	0	29786638	0	0	1422	103.196.9.43
5	6	3	0	1	29767376	0	29760219	29734366	0	29760219	7812	5.182.209.54
5	1	0	0	0	29802794	0	0	29802794	0	0	1422	66.96.183.236
5	0	0	0	1	0	0	29728948	0	0	29728948	0	107.175.39.125
5	61	13	0	2	29814468	0	29743633	29732412	0	29743633	2396290	62.146.225.75
5	3	3	0	1	29811105	0	29727151	29760065	0	29727151	4974	162.14.66.219
5	5	5	0	0	29821161	0	0	29818883	0	0	8290	87.58.197.107
5	10	0	0	9	29805563	0	29805563	29805563	0	29805563	48760	34.101.172.35
5	38	8	0	2	29821095	0	29730072	29730372	0	29728752	1132982	62.146.225.69
5	0	0	0	2	0	0	29729552	0	0	29729552	0	31.22.76.204
5	2	0	0	0	29831949	0	0	29829716	0	0	2844	74.7.228.39
5	2	0	0	0	29828068	0	0	29827066	0	0	3316	151.241.171.190
5	3	0	0	0	29767125	0	0	29766496	0	0	4266	74.7.228.37
5	1	0	0	0	29766426	0	0	29766426	0	0	1658	20.174.162.174
5	37	3	0	2	29769469	0	29769469	29769469	0	29769469	1249606	54.237.200.129
5	1	1	0	0	29786589	0	0	29786589	0	0	4876	91.230.168.17
5	1	1	0	0	29743539	0	0	29743539	0	0	1658	23.27.145.29
5	1	0	0	0	29743989	0	0	29743989	0	0	66	185.247.137.7
5	25	3	0	0	29750632	0	0	29750632	0	0	509910	23.137.105.106
5	2	0	0	0	29761622	0	0	29742186	0	0	3316	93.158.90.71
5	1	1	0	0	29761622	0	0	29761622	0	0	1658	93.158.90.70
5	1	0	0	0	29733553	0	0	29733553	0	0	979	186.60.3.19
5	2	1	0	0	29761622	0	0	29756262	0	0	3316	93.158.90.68
5	8	0	1	0	29785428	29771197	0	29770730	29771197	0	12320	209.42.29.39
5	1	1	0	0	29742186	0	0	29742186	0	0	1658	93.158.90.66
5	1	1	0	0	29741018	0	0	29741018	0	0	1658	23.27.145.16
5	14	0	1	0	29735380	29735380	0	29735380	29735380	0	42924	34.148.21.167
5	2	0	0	0	29807360	0	0	29807360	0	0	2844	77.95.113.11
5	1	0	0	0	29785059	0	0	29785059	0	0	1422	209.127.142.46
5	0	0	0	2	0	0	29728757	0	0	29728754	0	15.235.167.25
5	1	0	0	0	29751243	0	0	29751243	0	0	1658	68.210.136.126
5	1	0	0	0	29737407	0	0	29737407	0	0	1658	52.206.61.49
5	1	1	0	0	29743989	0	0	29743989	0	0	1658	87.236.176.225
5	1	1	0	0	29831666	0	0	29831666	0	0	1422	81.168.41.171
5	1	1	0	0	29738003	0	0	29738003	0	0	1658	178.211.57.76
5	1	0	1	0	29770729	29770729	0	29770729	29770729	0	1422	167.71.70.215
5	1	0	0	0	29740268	0	0	29740268	0	0	4876	167.142.37.19
5	1	1	0	0	29768410	0	0	29768410	0	0	1422	185.243.76.40
5	1	0	0	0	29752972	0	0	29752972	0	0	66	87.236.176.214
5	1	0	0	0	29802507	0	0	29802507	0	0	1422	78.47.229.96
5	2	0	0	0	29750582	0	0	29750582	0	0	2132	40.77.179.3
5	0	0	0	1	0	0	29725954	0	0	29725954	0	18.216.166.123
5	4	1	0	0	29816229	0	0	29815743	0	0	16286	164.90.183.192
5	1	0	0	0	29750582	0	0	29750582	0	0	579	40.77.179.1
5	2	1	0	0	29736673	0	0	29736673	0	0	6298	51.75.119.165
5	6	6	0	0	29826681	0	0	29764752	0	0	9948	43.134.56.214
5	1	1	0	0	29789137	0	0	29789137	0	0	1658	87.236.176.197
5	1	1	0	0	29827257	0	0	29827257	0	0	1658	159.26.105.155
5	0	0	0	1	0	0	29725504	0	0	29725504	0	103.250.189.146
5	1	0	0	0	29731469	0	0	29731469	0	0	443	93.127.166.156
5	1	0	0	0	29741106	0	0	29741106	0	0	1658	216.24.210.75
5	0	0	0	2	0	0	29729969	0	0	29728493	0	66.249.76.38
5	0	0	0	1	0	0	29729969	0	0	29729969	0	66.249.76.37
5	1	1	0	0	29802426	0	0	29802426	0	0	1422	13.140.187.88
5	1	0	0	2	29735121	0	29726983	29735121	0	29726079	1196	162.220.13.17
5	2	1	0	0	29789267	0	0	29789266	0	0	1724	199.45.155.110
5	3	1	0	0	29786570	0	0	29786570	0	0	1554	129.227.46.133
5	1	1	0	0	29825170	0	0	29825170	0	0	1658	34.74.142.204
5	1	1	0	0	29755401	0	0	29755401	0	0	1658	43.153.71.132
5	1	1	0	0	29740211	0	0	29740211	0	0	1658	192.36.24.172
5	1	0	0	0	29769399	0	0	29769399	0	0	1658	135.116.82.46
5	1	1	0	19	29788808	0	29788809	29788808	0	29788809	4876	136.66.8.34
5	1	1	0	0	29810062	0	0	29810062	0	0	1658	98.84.1.175
5	1	1	0	0	29820498	0	0	29820498	0	0	1658	43.157.174.69
5	4	1	0	2	29785429	0	29785429	29764949	0	29777366	5924	138.68.158.60
5	1	0	0	0	29767800	0	0	29767800	0	0	66	87.236.176.176
5	4	1	0	0	29815295	0	0	29814402	0	0	16286	104.248.128.114
5	1	0	0	0	29800068	0	0	29800068	0	0	4876	175.176.33.127
5	0	0	0	1	0	0	29811205	0	0	29811205	0	182.253.126.66
5	0	0	0	1	0	0	29729300	0	0	29729300	0	16.174.22.118
5	4	4	0	0	29819972	0	0	29791241	0	0	6632	124.156.226.179
5	0	0	0	2	0	0	29729451	0	0	29729451	0	172.252.175.4
5	0	0	0	2	0	0	29757295	0	0	29757295	0	103.178.60.197
5	130	6	0	13	29788656	0	29788656	29787495	0	29787495	1709629	103.120.221.49
5	0	0	0	1	0	0	29763775	0	0	29763775	0	103.152.100.65
5	3	0	0	0	29774231	0	0	29774231	0	0	4974	14.142.19.154
5	2	2	0	0	29799880	0	0	29799880	0	0	1658	176.116.30.194
5	0	0	0	1	0	0	29755529	0	0	29755529	0	187.127.191.163
5	1	0	0	4	29778116	0	29778121	29778116	0	29778114	1658	195.201.215.13
5	7	7	0	6	29787837	0	29728108	29786616	0	29728071	11606	85.137.57.233
5	2	0	0	0	29784472	0	0	29783607	0	0	3316	162.240.228.207
5	1	1	0	0	29799549	0	0	29799549	0	0	1658	199.45.154.75
5	4	0	0	0	29802600	0	0	29785227	0	0	5688	191.102.176.77
5	1	1	0	0	29808296	0	0	29808296	0	0	1658	80.248.227.97
5	0	0	0	1	0	0	29788441	0	0	29788441	0	64.227.78.67
5	2	2	0	0	29786571	0	0	29786570	0	0	2844	193.123.91.227
5	0	0	0	2	0	0	29726212	0	0	29726212	0	52.230.100.152
5	1	0	0	0	29755347	0	0	29755347	0	0	1422	94.136.170.156
5	1	1	0	0	29827131	0	0	29827131	0	0	1658	43.162.95.192
5	4	2	0	2	29750603	0	29750603	29750603	0	29750603	19504	136.65.211.115
5	0	0	0	1	0	0	29729008	0	0	29729008	0	198.46.214.47
5	2	0	0	0	29807428	0	0	29779737	0	0	3316	52.22.138.222
5	1172	115	0	28	29753078	0	29753078	29732687	0	29725608	13645847	103.58.73.170
5	3	1	1	0	29775658	29771197	0	29770866	29771197	0	4266	207.244.255.111
5	1	0	0	1	29801110	0	29801304	29801110	0	29801304	1422	43.135.153.177
5	1	1	0	0	29798931	0	0	29798931	0	0	1658	199.45.154.53
5	0	0	0	1	0	0	29778117	0	0	29778117	0	94.136.170.142
5	1	1	0	0	29773076	0	0	29773076	0	0	1658	43.155.27.244
5	1	1	0	0	29768401	0	0	29768401	0	0	4876	191.102.155.236
5	1	1	0	0	29804508	0	0	29804508	0	0	1658	134.122.53.212
5	1	1	0	0	29735693	0	0	29735693	0	0	1196	43.153.48.240
5	60	4	0	0	29800992	0	0	29800937	0	0	1125694	40.77.178.6
5	0	0	0	1	0	0	29725141	0	0	29725141	0	84.247.172.23
5	0	0	0	1	0	0	29777359	0	0	29777359	0	195.35.41.11
5	1	1	0	0	29801425	0	0	29801425	0	0	1422	185.214.198.60
5	1	0	0	0	29823947	0	0	29823947	0	0	4876	205.210.31.239
5	1	0	0	0	29823454	0	0	29823454	0	0	1422	136.65.73.207
5	0	0	0	1	0	0	29728758	0	0	29728758	0	8.152.4.116
5	1	0	0	0	29752972	0	0	29752972	0	0	66	87.236.176.101
5	1	1	0	0	29772123	0	0	29772123	0	0	1658	34.90.69.83
5	3	3	0	0	29800681	0	0	29792337	0	0	4974	49.233.45.47
5	1	0	0	0	29814164	0	0	29814164	0	0	4876	177.129.250.41
5	4	1	1	0	29746662	29746662	0	29735118	29746662	0	5462	20.153.140.50
5	2	0	0	1	29746228	0	29780351	29733078	0	29780351	1865	103.90.234.13
5	1	1	0	0	29776231	0	0	29776231	0	0	1658	77.74.177.118
5	0	0	0	2	0	0	29726072	0	0	29726067	0	31.24.44.107
5	1	0	0	0	29739607	0	0	29739607	0	0	1658	34.239.33.204
5	1	1	0	2	29781195	0	29785806	29781195	0	29784278	1422	74.7.241.59
5	2	2	0	0	29755863	0	0	29735696	0	0	2854	77.74.177.114
5	1	1	0	0	29808490	0	0	29808490	0	0	1658	170.106.84.136
5	0	0	0	2	0	0	29831949	0	0	29829716	0	74.7.241.53
5	1	0	0	0	29765012	0	0	29765012	0	0	1422	209.50.254.193
5	1	1	0	0	29753411	0	0	29753411	0	0	0	45.90.147.10
5	0	0	0	1	0	0	29746200	0	0	29746200	0	34.145.129.117
5	1	1	0	0	29746140	0	0	29746140	0	0	1422	207.180.241.245
5	1	1	0	1	29809949	0	29807288	29809949	0	29807288	1422	74.7.241.46
5	1	1	0	0	29734637	0	0	29734637	0	0	1196	170.106.73.216
5	4	2	0	0	29735615	0	0	29731734	0	0	519391	74.7.241.45
5	1	1	0	0	29744550	0	0	29744550	0	0	1658	34.145.130.113
5	3	0	0	0	29797992	0	0	29797991	0	0	4974	174.67.181.68
5	1	1	0	0	29828466	0	0	29828466	0	0	4876	205.210.31.200
5	1	1	0	0	29773479	0	0	29773479	0	0	1658	54.234.47.45
5	5	5	0	1	29812698	0	29728470	29746511	0	29728470	8290	1.14.110.85
5	3	3	0	0	29776914	0	0	29734848	0	0	4512	43.156.79.172
5	3	1	0	0	29811205	0	0	29811205	0	0	4266	37.187.156.42
5	1	1	0	0	29737348	0	0	29737348	0	0	4876	205.210.31.183
5	37	3	0	2	29768428	0	29768428	29768428	0	29768428	1249605	52.87.123.49
5	1	1	0	0	29757596	0	0	29757596	0	0	4876	198.46.154.21
5	0	0	0	1	0	0	29725159	0	0	29725159	0	173.237.189.134
5	2	1	0	1	29770867	0	29725149	29755829	0	29725149	3080	142.93.10.93
5	0	0	0	1	0	0	29729669	0	0	29729669	0	205.210.31.181
5	1	0	0	0	29802482	0	0	29802482	0	0	4876	41.188.107.224
5	1	1	0	0	29767175	0	0	29767175	0	0	1658	98.88.137.2
5	1	1	0	0	29766128	0	0	29766128	0	0	4876	205.210.31.176
5	1	1	0	0	29752949	0	0	29752949	0	0	4876	205.210.31.175
5	2	2	0	0	29748991	0	0	29748394	0	0	3316	219.255.132.65
5	1	1	0	0	29767494	0	0	29767494	0	0	1422	176.230.198.47
5	1	1	0	0	29793248	0	0	29793248	0	0	4876	205.210.31.171
5	1	1	0	0	29761428	0	0	29761428	0	0	4876	205.210.31.169
5	0	0	0	3	0	0	29727877	0	0	29725141	0	163.223.13.54
5	0	0	0	1	0	0	29752465	0	0	29752465	0	74.7.241.20
5	1	1	0	0	29782964	0	0	29782964	0	0	4876	205.210.31.166
5	2	1	0	0	29775658	0	0	29767377	0	0	2844	194.164.127.114
5	30	1	0	1	29768415	0	29768415	29768415	0	29768415	765157	203.166.147.98
5	4	0	0	0	29807380	0	0	29807373	0	0	5688	20.15.145.84
5	1	1	0	0	29750702	0	0	29750702	0	0	1658	192.71.126.53
5	0	0	0	1	0	0	29787236	0	0	29787236	0	74.7.241.12
5	1	1	0	0	29809406	0	0	29809406	0	0	4876	205.210.31.156
5	3	0	0	0	29770456	0	0	29770455	0	0	4974	125.99.184.173
5	0	0	0	2	0	0	29764589	0	0	29764589	0	74.208.70.132
5	2	2	0	1	29815604	0	29728949	29767221	0	29728949	3316	43.164.3.23
5	2	1	0	0	29813877	0	0	29813877	0	0	1724	64.225.9.104
5	1	1	0	0	29778078	0	0	29778078	0	0	1658	52.203.136.146
5	1	1	0	0	29812272	0	0	29812272	0	0	4876	205.210.31.154
5	31	2	0	2	29759671	0	29759671	29759671	0	29759671	806201	4.155.4.5
5	1	1	0	0	29807076	0	0	29807076	0	0	1658	187.13.218.79
5	0	0	0	1	0	0	29822739	0	0	29822739	0	216.81.200.63
5	1	1	0	0	29806182	0	0	29806182	0	0	4876	205.210.31.151
5	34	1	0	0	29744556	0	0	29744556	0	0	650246	43.250.82.230
5	1	0	0	0	29784682	0	0	29784682	0	0	589	40.77.177.8
5	19	4	4	1	29830162	29830161	29830162	29830161	29830161	29830162	27018	31.223.129.108
5	0	0	0	1	0	0	29742054	0	0	29742054	0	94.154.43.188
5	3	0	0	1	29768715	0	29768714	29768714	0	29768714	2569	59.152.5.92
5	1	1	0	0	29737469	0	0	29737469	0	0	4876	205.210.31.142
5	1	1	0	0	29832169	0	0	29832169	0	0	4876	205.210.31.141
5	2	2	0	0	29765724	0	0	29761339	0	0	3316	3.94.32.68
5	12	1	4	0	29761710	29761710	0	29761710	29761710	0	1658	69.164.216.107
5	2	0	0	0	29802183	0	0	29802183	0	0	3316	129.146.72.189
5	1	0	0	0	29735202	0	0	29735202	0	0	979	168.100.149.202
5	1	1	0	0	29735653	0	0	29735653	0	0	1196	43.130.71.237
5	1	0	0	0	29768401	0	0	29768401	0	0	672	193.34.75.131
5	1	1	0	0	29748612	0	0	29748612	0	0	1658	54.167.49.197
5	2	0	0	0	29817745	0	0	29806868	0	0	3316	163.172.214.79
5	1	1	0	0	29807433	0	0	29807433	0	0	1422	165.232.153.130
5	1	0	0	0	29822060	0	0	29822060	0	0	4876	203.25.124.147
5	1	1	0	0	29770729	0	0	29770729	0	0	1422	124.253.213.74
5	1	1	0	0	29801300	0	0	29801300	0	0	1658	100.61.245.67
5	0	0	0	2	0	0	29728295	0	0	29728295	0	164.90.155.207
5	1	1	0	0	29792512	0	0	29792512	0	0	4876	94.154.43.158
5	1	0	0	0	29791488	0	0	29791488	0	0	4876	173.252.70.48
5	0	0	0	1	0	0	29730278	0	0	29730278	0	104.196.48.220
5	1	0	0	0	29815684	0	0	29815684	0	0	4876	179.173.101.194
5	0	0	0	1	0	0	29747566	0	0	29747566	0	113.199.246.165
5	1	0	1	0	29819372	29819372	0	29819372	29819372	0	1422	91.126.117.137
5	1	0	0	0	29769459	0	0	29769459	0	0	66	18.212.133.46
5	1	0	0	0	29779609	0	0	29779609	0	0	1658	109.234.162.227
5	1	0	0	0	29814471	0	0	29814471	0	0	1658	170.64.210.49
5	8	0	0	3	29736531	0	29729845	29730782	0	29727953	5004	74.7.230.3
5	4	4	0	0	29779799	0	0	29741479	0	0	6632	43.161.251.162
5	3	0	0	0	29770171	0	0	29770170	0	0	4974	220.197.19.62
5	0	0	0	2	0	0	29727869	0	0	29727869	0	59.152.5.38
5	1	0	0	0	29793177	0	0	29793177	0	0	2416214	94.154.43.129
5	3	0	0	0	29772892	0	0	29772891	0	0	4974	122.117.141.59
5	5	5	0	0	29827929	0	0	29734681	0	0	7828	43.173.1.69
5	1	1	0	0	29824172	0	0	29824172	0	0	1658	130.185.77.72
5	2	2	0	0	29801635	0	0	29742137	0	0	3316	43.165.167.72
5	1	0	0	0	29745542	0	0	29745542	0	0	4876	103.214.217.29
5	3	3	0	0	29830927	0	0	29777158	0	0	4974	43.165.167.69
5	3	3	0	0	29825580	0	0	29793163	0	0	4974	43.173.1.57
5	0	0	0	1	0	0	29758427	0	0	29758427	0	14.192.215.105
5	2	1	0	0	29785227	0	0	29783088	0	0	2844	181.177.89.176
5	1	0	0	0	29736053	0	0	29736053	0	0	1196	27.255.165.2
5	2	2	0	0	29788594	0	0	29788594	0	0	1658	34.122.173.216
5	153	1	2	56	29783952	29783952	29783952	29783952	29783952	29783952	733720	136.119.230.201
5	1	1	0	0	29768174	0	0	29768174	0	0	1422	34.24.113.164
5	1	0	0	0	29755529	0	0	29755529	0	0	1422	45.89.239.165
5	1	1	0	0	29761102	0	0	29761102	0	0	1658	45.153.159.100
5	1	0	0	0	29772132	0	0	29772132	0	0	66	34.91.246.146
5	4	1	0	0	29746605	0	0	29745881	0	0	5688	205.196.217.58
5	6	6	0	0	29809944	0	0	29742775	0	0	9948	43.134.23.177
5	9	2	0	1	29785428	0	29778117	29770868	0	29778117	13506	162.214.211.238
5	2	2	0	0	29788047	0	0	29785099	0	0	2844	84.75.220.221
5	33	3	0	0	29735202	0	0	29735202	0	0	540593	202.8.42.185
5	1	1	0	0	29757386	0	0	29757386	0	0	1658	43.130.60.195
5	2	2	0	0	29787032	0	0	29734886	0	0	2854	43.153.10.83
5	2	2	0	1	29811714	0	29726575	29795338	0	29726575	3316	43.159.136.201
5	1	0	0	0	29732221	0	0	29732221	0	0	443	167.71.25.230
5	0	0	0	4	0	0	29725182	0	0	29725141	0	45.55.65.84
5	2	0	0	1	29787224	0	29779605	29780349	0	29779605	3316	162.241.153.188
5	1	1	0	0	29774914	0	0	29774914	0	0	1658	34.181.227.13
5	1	0	0	0	29780820	0	0	29780820	0	0	1658	3.213.16.195
5	1	0	0	0	29804095	0	0	29804095	0	0	1658	100.50.227.41
5	1	0	0	0	29787236	0	0	29787236	0	0	1422	74.7.228.8
5	7	0	0	0	29784278	0	0	29776223	0	0	9954	74.7.228.7
5	1	1	0	0	29760429	0	0	29760429	0	0	1658	34.12.210.73
5	1	0	0	0	29810881	0	0	29810881	0	0	1658	216.24.219.217
5	2	2	0	1	29799866	0	29729666	29761378	0	29729666	3316	43.164.133.138
5	4	4	0	0	29804167	0	0	29770092	0	0	6632	162.14.114.97
5	2	0	0	0	29817706	0	0	29817705	0	0	9752	157.245.152.218
5	1	1	0	1	29734183	0	29734183	29734183	0	29734183	0	134.209.67.19
5	2	0	0	0	29809384	0	0	29809384	0	0	3316	34.48.102.63
5	1	1	0	0	29808578	0	0	29808578	0	0	1658	158.173.67.234
5	2	0	0	1	29799286	0	29787620	29785059	0	29787620	2844	181.177.84.143
5	1	1	0	0	29801423	0	0	29801423	0	0	1658	43.163.86.65
5	1	0	0	0	29736755	0	0	29736755	0	0	1658	139.59.250.7
5	0	0	0	10	0	0	29725192	0	0	29725141	0	212.38.162.241
5	0	0	0	1	0	0	29728948	0	0	29728948	0	196.58.229.82
5	0	0	0	2	0	0	29730154	0	0	29730153	0	3.20.255.114
5	4	1	1	0	29767379	29746561	0	29746561	29746561	0	5688	185.115.217.185
5	1	0	0	0	29785237	0	0	29785237	0	0	1422	162.214.205.212
5	1	1	0	0	29764922	0	0	29764922	0	0	1658	158.173.67.210
5	0	0	0	1	0	0	29749793	0	0	29749793	0	158.94.211.252
5	5	5	0	0	29768479	0	0	29734030	0	0	6730	3.139.242.79
5	2	2	0	0	29816985	0	0	29783873	0	0	3316	46.228.199.158
5	1	1	0	0	29747298	0	0	29747298	0	0	1658	158.173.67.9
5	87	87	0	3	29830095	0	29729292	29730672	0	29725512	399309	154.38.191.87
5	4	4	0	0	29819017	0	0	29734477	0	0	5872	43.157.98.187
5	1	1	0	1	29795639	0	29727191	29795639	0	29727191	1658	43.165.198.5
5	1	1	0	0	29770349	0	0	29770349	0	0	4876	34.219.69.159
5	5	1	1	3	29784386	29784385	29784486	29770731	29784385	29779609	7582	69.30.231.90
5	15	0	5	0	29802041	29802025	0	29801821	29801859	0	38600	94.132.34.77
5	1	1	0	0	29786635	0	0	29786635	0	0	1422	84.75.220.13
5	1	0	0	0	29782591	0	0	29782591	0	0	1658	194.103.222.88
5	2	2	0	0	29759383	0	0	29746234	0	0	3316	43.161.234.148
5	1	1	0	0	29734308	0	0	29734308	0	0	878	188.166.79.23
5	1	0	0	0	29746662	0	0	29746662	0	0	1422	45.55.180.68
5	2	2	0	0	29793414	0	0	29760126	0	0	3316	43.153.10.13
5	2	2	0	1	29804841	0	29727976	29759052	0	29727976	3316	170.106.143.6
5	1	1	0	0	29792662	0	0	29792662	0	0	1658	43.155.140.157
5	4	4	0	0	29803854	0	0	29733301	0	0	5423	106.52.216.13
5	1	1	0	0	29827692	0	0	29827692	0	0	1658	194.103.222.73
5	1	1	0	0	29779098	0	0	29779098	0	0	1658	43.130.111.40
5	2	2	0	0	29808894	0	0	29791285	0	0	3316	36.255.97.129
5	2	0	0	0	29819025	0	0	29819025	0	0	3316	34.76.249.32
5	1	0	0	0	29815937	0	0	29815937	0	0	1658	185.191.171.13
5	1	1	0	0	29773403	0	0	29773403	0	0	1658	192.71.81.171
5	1	1	0	0	29745448	0	0	29745448	0	0	1658	180.153.236.58
5	0	0	0	1	0	0	29728972	0	0	29728972	0	108.181.43.142
5	2	0	0	0	29809639	0	0	29791907	0	0	3316	3.215.197.210
5	37	5	0	2	29784204	0	29784204	29750293	0	29784204	1126308	89.117.72.154
5	1	1	0	0	29736021	0	0	29736021	0	0	1196	180.153.236.53
5	14	0	1	0	29737156	29737156	0	29737156	29737156	0	68264	34.148.80.231
5	2	1	0	0	29756171	0	0	29756171	0	0	1724	165.22.78.35
5	1	1	0	0	29783448	0	0	29783448	0	0	1658	136.66.229.99
5	1	0	0	0	29741402	0	0	29741402	0	0	4876	173.252.82.51
5	2	2	0	0	29775779	0	0	29767441	0	0	3316	43.130.57.76
5	1	0	0	0	29831760	0	0	29831760	0	0	66	47.79.201.32
5	2	1	0	0	29810099	0	0	29810099	0	0	3316	89.46.108.185
5	0	0	0	1	0	0	29725213	0	0	29725213	0	180.153.236.40
5	1	1	0	0	29771052	0	0	29771052	0	0	1422	96.126.108.134
5	1	0	0	0	29777536	0	0	29777536	0	0	4876	43.250.252.62
5	1	0	0	0	29778117	0	0	29778117	0	0	1658	51.255.197.21
5	1	1	0	0	29777122	0	0	29777122	0	0	1658	158.173.67.143
5	65	2	1	210	29832509	29832509	29832509	29832508	29832509	29832508	107770	34.17.97.60
5	2	2	0	0	29826267	0	0	29732720	0	0	2101	87.106.141.44
5	1	1	0	0	29745924	0	0	29745924	0	0	4876	205.210.31.5
5	0	0	0	1	0	0	29769968	0	0	29769968	0	177.223.46.226
5	3	3	0	0	29794911	0	0	29735497	0	0	4512	43.156.41.180
5	2	1	0	0	29762085	0	0	29762085	0	0	1724	143.244.178.75
5	2	2	0	0	29787605	0	0	29768057	0	0	3316	43.133.220.37
5	1	0	0	0	29742650	0	0	29742650	0	0	1658	152.42.246.10
5	1	1	0	0	29828605	0	0	29828605	0	0	4876	147.185.132.70
5	1	1	0	0	29797683	0	0	29797683	0	0	1658	43.157.82.252
5	1	1	0	0	29831190	0	0	29831190	0	0	1658	193.183.103.251
5	2	2	0	0	29829168	0	0	29787353	0	0	3316	43.165.198.224
5	36	5	0	2	29775271	0	29775271	29775271	0	29775271	810995	144.217.135.205
5	91	2	1	184	29806656	29806656	29806656	29806656	29806656	29806656	150878	34.175.140.89
5	1	1	0	0	29760507	0	0	29760507	0	0	1658	34.23.123.165
5	2	1	0	0	29740450	0	0	29740450	0	0	3316	35.173.141.237
5	8	8	0	2	29799958	0	29729455	29733770	0	29729451	33614	35.164.170.136
5	0	0	0	1	0	0	29725387	0	0	29725387	0	43.152.72.247
5	1	0	0	0	29748962	0	0	29748962	0	0	1658	17.241.219.188
5	1	1	0	0	29743418	0	0	29743418	0	0	1658	43.156.232.154
5	2	1	0	0	29790790	0	0	29790790	0	0	1724	209.38.156.234
5	1	0	0	0	29745880	0	0	29745880	0	0	1422	199.189.225.40
5	2	2	0	0	29826608	0	0	29741689	0	0	3316	43.161.217.205
5	76	0	11	0	29740027	29740027	0	29740027	29740027	0	108072	4.194.24.143
5	0	0	0	1	0	0	29812009	0	0	29812009	0	52.0.41.164
5	2	0	0	0	29800702	0	0	29764249	0	0	3080	103.74.123.7
5	6	0	0	21	29782721	0	29782721	29782721	0	29782721	9948	35.245.53.215
5	2	0	0	0	29821868	0	0	29818499	0	0	3316	98.86.199.78
5	36	5	0	0	29833267	0	0	29833267	0	0	587371	149.56.150.10
5	1	1	0	0	29773747	0	0	29773747	0	0	1658	49.51.243.156
5	1	1	0	0	29813526	0	0	29813526	0	0	1658	34.219.47.242
5	1	0	0	0	29734234	0	0	29734234	0	0	878	144.208.124.2
5	0	0	0	1	0	0	29725142	0	0	29725142	0	49.12.144.217
5	0	0	0	1	0	0	29725654	0	0	29725654	0	35.188.236.95
5	1	1	0	0	29768443	0	0	29768443	0	0	1658	45.74.159.42
5	1	0	0	0	29793910	0	0	29793910	0	0	1658	17.241.219.164
5	0	0	0	1	0	0	29759549	0	0	29759549	0	180.254.64.71
5	1	0	0	0	29741022	0	0	29741022	0	0	1658	195.211.44.136
5	1	0	0	0	29803702	0	0	29803702	0	0	1658	61.160.195.24
5	3	3	0	0	29827633	0	0	29757702	0	0	4974	43.130.32.245
5	1	0	0	0	29741423	0	0	29741423	0	0	4876	95.70.205.159
5	0	0	0	2	0	0	29728084	0	0	29728084	0	44.226.204.8
5	1	1	0	0	29816272	0	0	29816272	0	0	1658	193.183.87.205
5	0	0	0	1	0	0	29786100	0	0	29786100	0	173.239.240.91
5	1	0	3	1	29778958	29778958	29778958	29778958	29778958	29778958	4876	141.98.252.206
5	1	0	0	0	29817403	0	0	29817403	0	0	1658	47.76.44.95
5	1	1	0	0	29805474	0	0	29805474	0	0	1658	43.157.148.38
5	0	0	0	1	0	0	29761970	0	0	29761970	0	185.198.191.161
5	1	1	0	0	29766489	0	0	29766489	0	0	1658	43.135.182.43
5	3	3	0	2	29833405	0	29728376	29762123	0	29726340	4974	101.32.52.164
5	1	0	0	2	29787225	0	29778864	29787225	0	29778117	1658	194.164.192.228
5	1	0	0	0	29789137	0	0	29789137	0	0	66	185.247.137.252
5	1	1	0	0	29825441	0	0	29825441	0	0	1658	185.175.136.206
5	1	0	0	0	29770854	0	0	29770854	0	0	1658	98.80.16.166
5	1	0	0	0	29802792	0	0	29802792	0	0	1422	14.225.231.104
5	1	0	0	0	29777349	0	0	29777349	0	0	1658	202.166.199.166
5	35	3	0	1	29769457	0	29769457	29769457	0	29769457	1179602	185.159.158.58
5	1	1	0	0	29813695	0	0	29813695	0	0	1658	185.247.137.242
5	4	4	0	0	29819218	0	0	29748962	0	0	6632	43.165.198.144
5	1	1	0	0	29739520	0	0	29739520	0	0	1422	51.195.215.24
5	1	1	0	0	29785192	0	0	29785192	0	0	1658	49.51.233.95
5	1	1	0	0	29734322	0	0	29734322	0	0	878	34.73.30.201
5	2	1	0	0	29782159	0	0	29782159	0	0	1724	139.59.27.210
5	1	1	0	0	29778308	0	0	29778308	0	0	1422	173.255.234.175
5	2	0	0	6	29725130	0	29726541	29725130	0	29725130	132	103.120.220.249
5	5	1	0	0	29804775	0	0	29804775	0	0	4852	159.69.248.113
5	3	1	0	0	29755151	0	0	29754492	0	0	4266	5.223.65.249
5	0	0	0	1	0	0	29728947	0	0	29728947	0	172.245.252.195
5	2	2	0	0	29814318	0	0	29814317	0	0	3316	3.151.194.164
5	1	1	0	0	29831957	0	0	29831957	0	0	1658	184.194.23.2
5	1	1	0	0	29826678	0	0	29826678	0	0	1658	146.20.65.250
5	1	1	0	0	29811034	0	0	29811034	0	0	1658	43.135.36.201
5	2	0	0	1	29779602	0	29777368	29771197	0	29777368	3080	50.6.231.19
5	6	0	0	1	29793793	0	29726975	29732653	0	29726975	6956	98.70.32.248
5	0	0	0	1	0	0	29726987	0	0	29726987	0	66.179.208.74
5	1	1	0	0	29774305	0	0	29774305	0	0	1658	49.51.233.46
5	1	0	0	0	29805393	0	0	29805393	0	0	4876	153.185.251.67
5	1	0	0	0	29735119	0	0	29735119	0	0	1196	132.148.72.88
5	1	1	0	0	29787307	0	0	29787307	0	0	1658	43.166.247.82
5	2	1	0	0	29750523	0	0	29750523	0	0	1724	164.92.85.185
5	1	1	0	0	29767800	0	0	29767800	0	0	1658	185.247.137.169
5	1	0	0	0	29770866	0	0	29770866	0	0	1422	129.121.87.110
5	17	7	1	0	29764950	29746485	0	29746140	29746485	0	24174	212.80.9.235
5	6	1	0	1	29805947	0	29778869	29781114	0	29778869	9240	129.121.76.191
5	1	0	0	0	29806106	0	0	29806106	0	0	1658	209.50.183.209
5	0	0	0	1	0	0	29778866	0	0	29778866	0	64.225.17.112
5	1	0	0	0	29833415	0	0	29833415	0	0	66	35.204.135.22
5	0	0	0	1	0	0	29760360	0	0	29760360	0	139.135.34.147
5	1	0	0	0	29786570	0	0	29786570	0	0	1658	103.104.21.148
5	1	0	0	0	29742901	0	0	29742901	0	0	4876	93.114.62.192
5	1	1	0	0	29740613	0	0	29740613	0	0	1658	103.59.161.129
5	1	0	0	0	29801111	0	0	29801111	0	0	1422	217.64.102.75
5	48	11	0	4	29760492	0	29761215	29759748	0	29760107	77926	138.59.5.40
5	6	0	0	0	29755891	0	0	29755827	0	0	9948	118.44.201.184
5	0	0	0	1	0	0	29764701	0	0	29764701	0	66.9.173.135
5	1	1	0	0	29752403	0	0	29752403	0	0	0	54.174.62.156
5	2	2	0	0	29812220	0	0	29739046	0	0	3316	43.165.65.117
5	1	1	0	0	29746140	0	0	29746140	0	0	1422	15.204.10.8
5	1	1	0	0	29743834	0	0	29743834	0	0	1658	43.157.22.57
5	1	0	0	0	29822492	0	0	29822492	0	0	4876	178.43.252.38
5	1	1	0	0	29798129	0	0	29798129	0	0	1658	18.209.145.244
5	2	1	0	0	29761401	0	0	29761401	0	0	1724	147.182.230.146
5	1	1	0	0	29761556	0	0	29761556	0	0	1422	138.219.149.238
5	1	0	0	0	29737283	0	0	29737283	0	0	4876	82.132.232.65
5	1	1	0	0	29734167	0	0	29734167	0	0	878	136.107.50.217
5	16	4	1	1	29785429	29785237	29778864	29770866	29785237	29778864	24640	129.121.103.155
5	26	1	0	0	29823643	0	0	29823643	0	0	522079	50.118.130.144
5	2	2	0	0	29793209	0	0	29749794	0	0	3316	170.106.167.214
5	1	1	0	0	29755347	0	0	29755347	0	0	1422	46.101.194.217
5	91	2	1	184	29821935	29821935	29821935	29821935	29821935	29821935	150878	34.175.164.103
5	2	1	0	0	29781043	0	0	29781043	0	0	1724	137.184.28.8
5	1	1	0	0	29815957	0	0	29815957	0	0	1658	8.235.61.150
5	2	1	0	0	29747653	0	0	29747653	0	0	1724	168.144.95.133
5	1	1	0	0	29830875	0	0	29830875	0	0	4876	178.156.142.196
5	2	0	0	0	29815166	0	0	29736326	0	0	3316	44.209.164.247
5	2	1	0	1	29782046	0	29782725	29781104	0	29782725	3316	212.28.184.147
5	1	1	0	0	29807353	0	0	29807353	0	0	1658	185.247.137.106
5	0	0	0	1	0	0	29727862	0	0	29727862	0	103.74.121.5
5	1	1	0	1	29797192	0	29729945	29797192	0	29729945	1658	43.130.154.56
5	2	0	0	0	29818176	0	0	29818176	0	0	3316	129.146.114.53
5	3	3	0	0	29805421	0	0	29770713	0	0	4974	123.207.65.62
5	3	0	0	2	29736886	0	29726069	29734232	0	29726062	3732	154.61.75.100
5	0	0	0	1	0	0	29728002	0	0	29728002	0	198.46.230.156
5	3	3	0	1	29823960	0	29729395	29802801	0	29729395	4974	43.167.236.228
5	1	1	0	1	29799623	0	29729716	29799623	0	29729716	1658	43.157.156.190
5	5	1	0	0	29810817	0	0	29810813	0	0	2432911	35.200.62.35
5	5	5	0	0	29781804	0	0	29737328	0	0	8290	43.163.80.48
5	1	1	0	0	29790006	0	0	29790006	0	0	0	34.142.143.223
5	38	3	0	0	29741520	0	0	29741519	0	0	653152	4.246.75.249
5	30	1	0	1	29769466	0	29769466	29769466	0	29769466	765157	203.166.153.96
5	6	6	0	0	29828567	0	0	29766707	0	0	9948	43.135.211.148
5	1	1	0	0	29786570	0	0	29786570	0	0	1658	104.233.59.95
5	0	0	0	1	0	0	29773673	0	0	29773673	0	113.188.96.174
5	4	4	0	0	29803029	0	0	29751762	0	0	6632	43.164.196.47
5	1	1	0	0	29743621	0	0	29743621	0	0	1658	43.130.15.147
5	3	3	0	0	29809201	0	0	29737970	0	0	4974	43.154.127.188
5	0	0	0	1	0	0	29726087	0	0	29726087	0	194.164.170.191
5	1	0	0	0	29768401	0	0	29768401	0	0	765	95.164.158.130
5	1	0	0	0	29800703	0	0	29800703	0	0	1422	193.70.46.29
5	1	0	0	0	29772395	0	0	29772395	0	0	1658	192.71.36.199
5	2	2	0	0	29823751	0	0	29823751	0	0	3316	169.40.142.138
5	3	3	0	0	29822483	0	0	29768989	0	0	4974	43.134.93.164
5	1	1	0	0	29825447	0	0	29825447	0	0	1658	169.40.142.134
5	1	0	0	0	29775660	0	0	29775660	0	0	4876	183.82.120.1
5	1	0	1	0	29767376	29767376	0	29767376	29767376	0	1422	103.112.62.59
5	1	0	0	0	29737881	0	0	29737881	0	0	1658	134.199.167.45
5	5	3	2	1	29779537	29779537	29779537	29779537	29779537	29779537	8290	72.60.103.16
5	12	2	0	0	29806533	0	0	29731464	0	0	15578	209.42.21.221
5	2	0	0	0	29817923	0	0	29817923	0	0	3316	136.67.127.43
5	3	0	0	0	29831793	0	0	29763021	0	0	4974	52.202.232.123
5	1	1	0	0	29746229	0	0	29746229	0	0	1422	185.22.228.25
5	2	0	0	2	29812785	0	29812785	29806243	0	29806243	9752	217.216.72.78
5	2	2	0	0	29730884	0	0	29730884	0	0	443	142.252.33.66
5	2	0	0	0	29805964	0	0	29805964	0	0	2844	109.236.48.208
5	1	1	0	0	29732732	0	0	29732732	0	0	443	192.71.36.158
5	1	0	1	2	29771196	29771196	29771197	29771196	29771196	29770730	1422	67.227.229.140
5	1	1	0	0	29774259	0	0	29774259	0	0	1422	152.232.72.190
5	2	2	0	0	29776467	0	0	29739558	0	0	3316	129.211.172.249
5	5	1	0	0	29800974	0	0	29800974	0	0	705068	74.7.227.59
5	0	0	0	1	0	0	29791829	0	0	29791829	0	23.21.250.48
5	2	1	0	0	29740752	0	0	29740752	0	0	1724	64.23.188.71
5	2	0	0	0	29824538	0	0	29824538	0	0	9752	109.107.243.103
5	3	0	0	4	29779610	0	29779606	29777363	0	29779605	4974	129.121.48.235
5	1	0	0	0	29736885	0	0	29736885	0	0	1658	124.156.212.23
5	0	0	0	1	0	0	29768816	0	0	29768816	0	182.253.194.20
5	1	0	0	0	29755151	0	0	29755151	0	0	1422	173.252.167.180
5	1	1	0	0	29822089	0	0	29822089	0	0	1658	3.224.95.233
5	1	0	0	0	29827635	0	0	29827635	0	0	1658	167.99.66.200
5	1	1	0	0	29730921	0	0	29730921	0	0	973	34.253.232.204
5	29	1	0	1	29768715	0	29768715	29768715	0	29768715	804114	163.53.140.69
5	1	1	0	0	29769781	0	0	29769781	0	0	1658	147.90.227.68
5	1	1	0	0	29813169	0	0	29813169	0	0	1658	136.119.99.211
5	2	0	1	0	29800456	29800456	0	29800456	29800456	0	2844	51.75.153.0
5	36	3	0	2	29769522	0	29769522	29769522	0	29769522	1248184	136.65.101.172
5	1	1	0	0	29779863	0	0	29779863	0	0	1658	175.27.163.171
5	1	1	0	0	29811204	0	0	29811204	0	0	1658	176.74.195.170
5	1	1	0	4	29767135	0	29827090	29767135	0	29766507	1422	74.7.227.38
5	2	2	0	0	29792580	0	0	29792580	0	0	1658	142.252.33.28
5	1	1	0	0	29789498	0	0	29789498	0	0	1658	193.183.111.38
5	1	0	0	1	29761921	0	29728397	29761921	0	29728397	1658	34.193.242.118
5	3	1	0	0	29745959	0	0	29745959	0	0	481190	74.7.227.35
5	1	1	0	1	29746665	0	29782720	29746665	0	29782720	1422	68.178.165.65
5	3	2	0	0	29800770	0	0	29800769	0	0	3382	89.37.63.17
5	0	0	0	2	0	0	29729674	0	0	29729668	0	46.105.28.235
5	0	0	0	2	0	0	29822559	0	0	29822559	0	91.230.110.187
5	2	2	0	52	29749713	0	29749713	29749713	0	29749713	3316	98.84.141.222
5	1	1	0	0	29811205	0	0	29811205	0	0	1422	65.21.34.173
5	12	3	0	3	29755721	0	29755076	29730560	0	29728790	14363	97.74.93.24
5	1	0	0	0	29782730	0	0	29782730	0	0	1658	70.40.220.123
5	1	1	0	0	29831958	0	0	29831958	0	0	4876	205.210.31.94
5	13	0	0	0	29806785	0	0	29806784	0	0	21554	170.64.155.51
5	3	0	1	0	29802051	29801749	0	29801749	29801749	0	4266	162.241.144.20
5	0	0	0	1	0	0	29741302	0	0	29741302	0	74.7.227.21
5	1	0	0	0	29792518	0	0	29792518	0	0	1658	192.36.24.75
5	4	4	0	0	29784765	0	0	29754016	0	0	6632	43.164.197.117
5	3	3	0	0	29783966	0	0	29733080	0	0	3759	43.131.45.213
5	0	0	0	1	0	0	29785059	0	0	29785059	0	200.71.127.130
5	1	1	0	0	29764634	0	0	29764634	0	0	1422	82.165.89.134
5	5	5	0	0	29818029	0	0	29759636	0	0	8290	43.164.192.151
5	1	0	1	0	29811205	29811205	0	29811205	29811205	0	1422	185.60.105.9
5	1	1	0	0	29756688	0	0	29756688	0	0	1658	43.153.79.218
5	1	0	0	2	29806167	0	29806167	29806167	0	29806167	1658	194.156.79.68
5	1	1	0	0	29788471	0	0	29788471	0	0	1658	192.36.24.56
5	8	1	0	1	29801735	0	29801735	29801735	0	29801735	11986	104.28.196.77
5	1	1	0	0	29784018	0	0	29784018	0	0	1422	66.175.211.134
5	3	1	0	0	29738201	0	0	29738198	0	0	681142	157.230.13.33
5	1	1	0	0	29832262	0	0	29832262	0	0	4876	205.210.31.66
5	1	1	0	0	29821682	0	0	29821682	0	0	1658	195.210.114.205
5	4	2	0	2	29746665	0	29746606	29741000	0	29746563	5924	152.228.213.32
5	31	2	0	1	29754948	0	29754948	29754948	0	29754948	766513	4.246.112.197
5	1	1	0	0	29767683	0	0	29767683	0	0	4876	205.210.31.60
5	1	1	0	0	29772997	0	0	29772997	0	0	4876	205.210.31.56
5	1	1	0	0	29802082	0	0	29802082	0	0	4876	205.210.31.55
5	1	0	0	0	29801934	0	0	29801934	0	0	1422	209.42.28.14
5	3	3	0	0	29802441	0	0	29745273	0	0	4974	43.157.43.147
5	1	1	0	0	29783256	0	0	29783256	0	0	4876	205.210.31.54
5	18	9	0	3	29811205	0	29729678	29733084	0	29725149	25561	47.86.33.52
5	1	1	0	0	29773435	0	0	29773435	0	0	4876	205.210.31.51
5	1	1	0	0	29821682	0	0	29821682	0	0	1658	195.210.114.179
5	1	1	0	0	29749377	0	0	29749377	0	0	1658	44.220.233.148
5	1	1	0	0	29755528	0	0	29755528	0	0	1422	165.99.198.19
5	5	0	0	0	29823454	0	0	29823454	0	0	459176	34.135.113.84
5	1	1	0	0	29817831	0	0	29817831	0	0	4876	205.210.31.38
5	1	1	0	0	29742396	0	0	29742396	0	0	1658	170.106.15.3
5	0	0	0	1	0	0	29727863	0	0	29727863	0	103.120.176.171
5	3	3	0	0	29826650	0	0	29765774	0	0	14628	205.210.31.35
5	1	1	0	0	29772622	0	0	29772622	0	0	1658	45.153.159.39
5	2	2	0	0	29783684	0	0	29755344	0	0	3316	43.130.116.87
5	1	1	0	0	29830900	0	0	29830900	0	0	1658	178.62.0.161
5	1	0	0	0	29746496	0	0	29746496	0	0	1658	3.225.222.203
5	2	1	0	0	29734038	0	0	29734038	0	0	2881	51.83.6.238
5	1	1	0	0	29740316	0	0	29740316	0	0	4876	205.210.31.24
5	0	0	0	2	0	0	29732185	0	0	29732185	0	140.248.75.102
5	4	1	0	0	29732982	0	0	29732982	0	0	478521	119.12.192.106
5	3	3	0	0	29825882	0	0	29765614	0	0	4974	43.131.39.179
5	1	1	0	0	29804038	0	0	29804038	0	0	1658	43.153.96.79
5	1	1	0	0	29752204	0	0	29752204	0	0	4876	205.210.31.18
5	4	4	0	0	29832895	0	0	29780919	0	0	6632	162.14.81.106
5	2	0	0	1	29749411	0	29749411	29749411	0	29749411	2844	152.232.66.108
5	1	0	0	0	29812876	0	0	29812876	0	0	1658	64.227.123.116
5	2	1	0	0	29741786	0	0	29741786	0	0	1724	137.184.116.146
5	417	0	0	0	29734528	0	0	29734497	0	0	932829	20.226.26.5
5	0	0	0	1	0	0	29725430	0	0	29725430	0	43.166.246.180
5	0	0	0	6	0	0	29725432	0	0	29725432	0	176.65.148.30
5	1	0	0	0	29800948	0	0	29800948	0	0	1422	213.227.139.244
5	0	0	0	1	0	0	29728761	0	0	29728761	0	159.195.95.192
5	1	1	0	0	29819101	0	0	29819101	0	0	1658	34.182.172.164
5	1	1	0	0	29818432	0	0	29818432	0	0	1422	195.178.110.93
5	4	0	0	0	29741018	0	0	29731463	0	0	4493	103.90.233.75
5	0	0	0	2	0	0	29725305	0	0	29725305	0	195.178.110.242
5	1	0	0	0	29770833	0	0	29770833	0	0	66	135.148.195.16
5	1	1	0	0	29789362	0	0	29789362	0	0	1658	135.148.195.15
5	2	0	0	0	29832627	0	0	29789363	0	0	132	135.148.195.14
5	0	0	0	1	0	0	29819372	0	0	29819372	0	86.120.251.125
5	1	0	0	0	29754931	0	0	29754931	0	0	66	135.148.195.12
5	1	1	0	0	29754931	0	0	29754931	0	0	1658	135.148.195.11
5	301	19	0	251	29793594	0	29793599	29725628	0	29725628	10656026	49.12.82.48
5	1	0	0	0	29767162	0	0	29767162	0	0	66	135.148.195.10
5	0	0	2	5	0	29769219	29769220	0	29769219	29769219	0	23.23.253.54
5	1	0	0	0	29768401	0	0	29768401	0	0	579	138.94.216.182
5	1	0	0	0	29781109	0	0	29781109	0	0	1658	82.112.233.227
5	2	2	0	0	29816176	0	0	29771173	0	0	3316	119.28.177.175
5	13	4	0	0	29802506	0	0	29755076	0	0	18722	160.250.130.168
5	2	1	0	1	29802600	0	29783087	29785059	0	29783087	2844	186.65.114.51
5	1	1	0	0	29734366	0	0	29734366	0	0	702	200.128.9.8
5	0	0	0	1	0	0	29820297	0	0	29820297	0	195.178.110.67
5	3	3	0	0	29812837	0	0	29742566	0	0	4974	49.51.166.228
5	1	0	0	1	29788759	0	29788759	29788759	0	29788759	0	103.120.220.26
5	0	0	0	1	0	0	29778116	0	0	29778116	0	91.214.189.142
5	1	0	1	0	29785428	29785428	0	29785428	29785428	0	1422	3.18.204.61
5	1	0	0	0	29777091	0	0	29777091	0	0	1658	46.29.237.80
5	2	2	0	0	29771624	0	0	29766953	0	0	3316	129.226.195.146
5	1	1	0	0	29762752	0	0	29762752	0	0	1422	172.233.186.176
5	1	1	0	0	29800456	0	0	29800456	0	0	1422	162.241.216.122
5	4	0	0	0	29818876	0	0	29809681	0	0	5688	51.8.102.247
5	0	0	0	15	0	0	29727175	0	0	29727175	0	136.107.255.241
5	8	3	0	0	29731069	0	0	29731063	0	0	3399	193.148.56.134
5	0	0	0	1	0	0	29793612	0	0	29793612	0	195.178.110.209
5	1	0	1	0	29819372	29819372	0	29819372	29819372	0	1422	27.47.236.46
5	4	0	0	0	29832759	0	0	29822666	0	0	5688	51.8.102.241
5	2	0	0	1	29735111	0	29726064	29731497	0	29726064	1494	58.186.150.51
5	1	1	0	0	29733957	0	0	29733957	0	0	702	66.93.96.18
5	3	0	0	0	29830386	0	0	29830386	0	0	4974	178.211.139.240
5	1	0	0	0	29816328	0	0	29816328	0	0	1422	51.8.102.238
5	2	0	0	0	29778117	0	0	29770730	0	0	3080	162.240.102.228
5	2	2	0	0	29814853	0	0	29806719	0	0	3316	43.134.54.246
5	1	0	0	0	29814069	0	0	29814069	0	0	4876	173.252.87.53
5	2	1	0	0	29801750	0	0	29755529	0	0	2844	190.92.174.81
5	4	0	0	1	29784385	0	29780344	29770730	0	29780344	5924	66.116.205.202
5	1	0	0	0	29808231	0	0	29808231	0	0	1422	51.8.102.231
5	3	3	0	1	29799221	0	29730197	29745779	0	29730197	4974	170.106.140.110
5	49	2	1	120	29826352	29826352	29826352	29826352	29826352	29826352	81242	34.81.186.254
5	1	1	0	0	29790729	0	0	29790729	0	0	1658	34.21.6.153
5	1	0	1	0	29801811	29801811	0	29801811	29801811	0	1422	161.248.201.7
5	0	0	0	1	0	0	29812702	0	0	29812702	0	154.54.100.183
5	0	0	0	1	0	0	29728771	0	0	29728771	0	103.138.189.57
5	2	2	0	0	29832626	0	0	29767162	0	0	3316	135.148.195.8
5	0	0	0	3	0	0	29831559	0	0	29826365	0	154.54.100.179
5	4	4	0	0	29753388	0	0	29749605	0	0	3316	185.8.106.168
5	1	0	0	0	29777072	0	0	29777072	0	0	4876	87.252.100.19
5	5	5	0	0	29824629	0	0	29742695	0	0	8290	175.178.110.121
5	1	0	0	0	29802506	0	0	29802506	0	0	1422	160.22.160.89
5	31	2	0	1	29776408	0	29776408	29776408	0	29776408	806257	40.125.84.253
5	1	1	0	0	29770833	0	0	29770833	0	0	1658	135.148.195.4
5	2	1	0	1	29757444	0	29757444	29757444	0	29757444	9752	185.8.106.162
5	0	0	0	1	0	0	29755217	0	0	29755217	0	157.245.138.73
5	1	0	0	0	29811865	0	0	29811865	0	0	1422	51.8.102.211
5	64	1	0	0	29821268	0	0	29811385	0	0	133900	195.178.110.22
5	0	0	0	1	0	0	29756108	0	0	29756108	0	92.206.191.177
5	0	0	0	1	0	0	29729664	0	0	29729664	0	5.31.188.210
5	0	0	0	2	0	0	29789974	0	0	29787807	0	195.178.110.18
5	4	2	0	0	29799322	0	0	29786572	0	0	1067413	158.69.55.82
5	0	0	0	2	0	0	29784404	0	0	29784067	0	195.178.110.159
5	1	0	0	0	29804062	0	0	29804062	0	0	1658	195.178.110.15
5	3	0	0	0	29829397	0	0	29810119	0	0	4266	51.8.102.203
5	0	0	0	1	0	0	29725158	0	0	29725158	0	180.153.236.188
5	88	88	0	5	29831656	0	29728692	29734392	0	29727072	424581	178.156.227.240
5	1	0	0	0	29831385	0	0	29831385	0	0	1422	51.8.102.188
5	1	0	0	0	29808602	0	0	29808602	0	0	1658	216.73.160.194
5	1	1	0	0	29759477	0	0	29759477	0	0	1658	172.238.253.23
5	1	0	0	0	29736756	0	0	29736756	0	0	1658	168.144.39.226
5	1	0	0	0	29733081	0	0	29733081	0	0	443	190.92.174.39
5	0	0	0	1	0	0	29725505	0	0	29725505	0	49.204.201.131
5	0	0	0	1	0	0	29802814	0	0	29802814	0	216.81.248.56
5	9	1	0	0	29826520	0	0	29826520	0	0	12798	81.132.181.0
5	2	0	0	0	29828916	0	0	29828432	0	0	2844	51.8.102.176
5	1	0	0	0	29780351	0	0	29780351	0	0	1658	143.198.237.61
5	1	0	0	0	29777351	0	0	29777351	0	0	1658	103.173.67.83
5	1	1	0	0	29771124	0	0	29771124	0	0	1658	43.166.224.244
5	2	0	0	0	29825548	0	0	29819785	0	0	2844	51.8.102.166
5	0	0	0	1	0	0	29778116	0	0	29778116	0	143.95.144.95
5	0	0	0	1	0	0	29778964	0	0	29778964	0	129.146.188.65
5	1	1	0	0	29735525	0	0	29735525	0	0	1196	180.153.236.155
5	2	2	0	1	29789474	0	29726755	29785261	0	29726755	3316	170.106.192.3
5	1	1	0	0	29753557	0	0	29753557	0	0	1658	54.157.149.144
5	0	0	0	1	0	0	29784948	0	0	29784948	0	181.26.241.65
5	1	1	0	0	29772536	0	0	29772536	0	0	1658	43.157.147.3
5	1	1	0	0	29755535	0	0	29755535	0	0	1658	180.153.236.145
5	26	2	0	100	29816152	0	29816152	29816152	0	29816152	43108	34.150.118.195
5	0	0	0	3	0	0	29749726	0	0	29747755	0	216.81.248.20
5	2	1	0	0	29825435	0	0	29825435	0	0	1724	161.35.36.34
5	1	0	0	0	29805946	0	0	29805946	0	0	1422	103.75.187.25
5	3	0	0	0	29832345	0	0	29814383	0	0	4266	51.8.102.139
5	3	3	0	0	29803346	0	0	29791308	0	0	4974	43.131.23.154
5	3	1	0	0	29817242	0	0	29798692	0	0	481190	40.77.167.1
5	3	3	0	0	29804595	0	0	29771862	0	0	4974	47.89.129.126
5	77	2	1	184	29732630	29732630	29732630	29732629	29732630	29732629	34111	54.180.100.180
5	2	1	0	0	29742131	0	0	29742131	0	0	1724	66.132.172.96
5	2	2	0	0	29820697	0	0	29781851	0	0	3316	43.167.157.80
5	0	0	0	1	0	0	29728972	0	0	29728972	0	107.174.249.68
5	4	4	0	1	29807505	0	29725208	29745726	0	29725208	6632	43.164.190.28
5	1	1	0	0	29747049	0	0	29747049	0	0	4876	44.234.64.119
5	4	0	0	0	29829877	0	0	29821231	0	0	5688	51.8.102.120
5	2	2	0	0	29786638	0	0	29786638	0	0	2844	104.164.126.3
5	26	5	0	0	29785311	0	0	29730326	0	0	977200	66.249.74.5
5	63	5	0	1	29785335	0	29769127	29730326	0	29769127	1124722	66.249.74.4
5	104	6	0	2	29785335	0	29785335	29730326	0	29751459	2191230	66.249.74.3
5	1	0	0	0	29768401	0	0	29768401	0	0	453	91.202.57.15
5	100	100	0	11	29833155	0	29729952	29731091	0	29725392	470178	5.161.72.154
5	1	0	0	0	29797210	0	0	29797210	0	0	1422	191.101.44.2
5	1	1	0	0	29755488	0	0	29755488	0	0	1658	180.153.236.108
5	1	1	0	0	29745708	0	0	29745708	0	0	1658	180.153.236.107
5	1	1	0	0	29819371	0	0	29819371	0	0	1422	139.227.59.147
5	3	0	0	0	29820270	0	0	29804290	0	0	4266	51.8.102.107
5	0	0	0	2	0	0	29768601	0	0	29765004	0	68.183.121.117
5	2	0	0	0	29828477	0	0	29801866	0	0	3316	100.49.153.7
5	0	0	0	1	0	0	29810194	0	0	29810194	0	160.179.156.197
5	1	1	0	0	29827059	0	0	29827059	0	0	1658	43.134.94.96
5	1	0	0	0	29824774	0	0	29824774	0	0	4876	103.244.227.135
5	1	1	0	0	29827664	0	0	29827664	0	0	1658	37.60.252.150
5	1	0	0	0	29768401	0	0	29768401	0	0	514	95.164.79.158
5	4	0	1	0	29755528	29754860	0	29746662	29754860	0	5688	184.168.124.4
5	1	1	0	0	29805455	0	0	29805455	0	0	1422	173.230.132.61
5	3	0	0	0	29765741	0	0	29765741	0	0	4974	39.46.132.178
5	1	0	0	0	29782943	0	0	29782943	0	0	4876	173.252.87.114
5	0	0	0	1	0	0	29728213	0	0	29728213	0	64.31.36.201
5	2	0	0	0	29807402	0	0	29807402	0	0	2844	103.227.176.5
5	3	3	0	0	29800171	0	0	29741421	0	0	4974	43.165.126.130
5	12	6	0	0	29751574	0	0	29737202	0	0	7877718	184.154.139.38
5	1	1	0	0	29824857	0	0	29824857	0	0	1658	43.135.140.225
5	2	2	0	0	29781266	0	0	29781224	0	0	2844	15.204.182.106
5	39	22	0	0	29783252	0	0	29755889	0	0	27892406	184.154.139.36
5	28	16	0	3	29830809	0	29728804	29731465	0	29728804	20188005	184.154.139.35
5	34	18	0	0	29827914	0	0	29734309	0	0	23229366	184.154.139.34
5	0	0	0	1	0	0	29764298	0	0	29764298	0	103.28.36.200
5	1	0	0	0	29797257	0	0	29797257	0	0	66	195.96.139.86
5	1	1	0	0	29768401	0	0	29768401	0	0	1658	194.14.75.100
5	12	2	1	2	29771198	29767378	29767378	29767375	29767378	29767377	17064	103.155.85.173
5	3	0	0	0	29765727	0	0	29765727	0	0	4974	103.125.102.184
5	1	0	0	1	29778115	0	29778118	29778115	0	29778118	1658	47.251.12.114
5	2	1	0	0	29828192	0	0	29828192	0	0	1724	201.79.48.50
5	2	1	0	0	29776372	0	0	29776372	0	0	1724	66.132.172.33
5	2	1	0	0	29753705	0	0	29753705	0	0	1724	66.132.172.32
5	11	3	0	0	29833107	0	0	29833107	0	0	53636	149.56.150.196
5	10	3	0	0	29775270	0	0	29775270	0	0	48760	149.56.150.195
5	0	0	0	1	0	0	29790874	0	0	29790874	0	35.229.54.52
5	2	0	0	0	29794213	0	0	29794213	0	0	53493	157.55.39.9
5	4	4	0	0	29820704	0	0	29766189	0	0	6632	175.27.136.83
5	1	0	0	0	29750582	0	0	29750582	0	0	51655	65.55.210.254
5	5	0	0	0	29817258	0	0	29817258	0	0	48464	157.55.39.7
5	1	0	0	0	29754629	0	0	29754629	0	0	1422	103.28.36.168
5	1	1	0	0	29739975	0	0	29739975	0	0	1658	43.130.67.6
5	1	0	0	0	29784682	0	0	29784682	0	0	12240	65.55.210.247
5	9	0	0	0	29832332	0	0	29832332	0	0	6300	52.167.144.222
5	2	0	0	0	29750566	0	0	29750566	0	0	479768	52.167.144.219
5	1	0	0	0	29786570	0	0	29786570	0	0	1658	82.22.226.153
5	34	3	0	2	29749091	0	29749091	29749091	0	29749091	808105	176.9.158.217
5	2	2	0	0	29772480	0	0	29742975	0	0	3316	43.130.9.111
5	2	2	0	0	29796900	0	0	29752210	0	0	3316	43.135.142.7
5	4	2	0	0	29748140	0	0	29748140	0	0	19504	34.32.193.40
5	1	1	0	0	29758013	0	0	29758013	0	0	1658	43.153.104.196
5	4	2	0	0	29777249	0	0	29777247	0	0	3448	135.136.19.242
5	1	0	0	0	29731485	0	0	29731485	0	0	443	82.25.119.134
5	1	0	0	0	29750582	0	0	29750582	0	0	871	65.55.210.237
5	1	1	0	0	29831180	0	0	29831180	0	0	1422	52.167.144.213
5	1	0	0	0	29779607	0	0	29779607	0	0	1658	46.250.228.132
5	1	0	0	0	29746140	0	0	29746140	0	0	1422	91.134.141.127
5	1	0	0	0	29811204	0	0	29811204	0	0	1658	80.248.232.131
5	2	1	0	0	29827284	0	0	29754932	0	0	1813	52.167.144.210
5	1	1	0	0	29760889	0	0	29760889	0	0	1658	195.96.139.51
5	1	1	0	0	29794213	0	0	29794213	0	0	1422	52.167.144.209
5	5	0	0	0	29832332	0	0	29832332	0	0	48464	52.167.144.208
5	0	0	0	1	0	0	29750582	0	0	29750582	0	65.55.210.233
5	9	0	0	0	29732766	0	0	29732766	0	0	3075	52.167.144.197
5	1	1	0	0	29750564	0	0	29750564	0	0	0	52.167.144.206
5	2	0	0	0	29802600	0	0	29802600	0	0	2844	45.15.237.74
5	1	1	0	0	29768348	0	0	29768348	0	0	0	52.167.144.195
5	2	2	0	0	29759585	0	0	29745106	0	0	3316	49.51.178.45
5	20	2	0	0	29823221	0	0	29823221	0	0	97520	139.59.12.24
5	1	0	0	0	29746662	0	0	29746662	0	0	1422	42.200.84.61
5	1	1	0	0	29741503	0	0	29741503	0	0	1422	52.167.144.192
5	2	1	0	0	29764515	0	0	29764515	0	0	3316	65.21.113.205
5	7	2	0	0	29797735	0	0	29788983	0	0	32514	66.249.73.5
5	1	0	1	0	29745880	29745880	0	29745880	29745880	0	1422	217.174.149.203
5	2	0	0	0	29763513	0	0	29750566	0	0	3676	52.167.144.191
5	5	0	0	1	29797733	0	29788983	29786259	0	29788983	6079	66.249.73.4
5	1	1	0	0	29814324	0	0	29814324	0	0	1658	43.135.139.165
5	17	0	0	0	29801108	0	0	29788983	0	0	1009372	66.249.73.3
5	2	2	0	55	29750001	0	29750001	29750001	0	29750001	3316	18.188.161.230
5	30	2	0	0	29827905	0	0	29827905	0	0	582691	40.77.189.164
5	1	0	0	1	29780352	0	29780348	29780352	0	29780348	1658	156.67.27.237
5	4	4	0	0	29822865	0	0	29734072	0	0	5852	43.135.145.117
5	1	1	0	0	29775467	0	0	29775467	0	0	1658	43.130.74.193
5	0	0	0	1	0	0	29781005	0	0	29781005	0	52.167.144.184
5	3	1	0	0	29829957	0	0	29829957	0	0	503562	161.115.239.221
5	1	0	0	0	29784682	0	0	29784682	0	0	1566	65.55.210.217
5	1	1	0	0	29781021	0	0	29781021	0	0	4876	65.55.210.215
5	1	0	0	0	29784682	0	0	29784682	0	0	481	40.77.178.248
5	3	0	0	0	29826496	0	0	29826495	0	0	4974	91.208.197.163
5	29	2	0	1	29794213	0	29794213	29794213	0	29794213	542612	40.77.178.247
5	1	1	0	0	29792605	0	0	29792605	0	0	1658	143.202.111.159
5	3	1	0	0	29786570	0	0	29786570	0	0	4974	172.93.100.137
5	31	3	0	0	29731055	0	0	29731055	0	0	762226	149.56.150.146
5	14	0	0	0	29800992	0	0	29800992	0	0	54764	52.167.144.173
5	34	3	0	2	29768401	0	29768401	29768401	0	29768401	768415	169.150.208.35
5	1	0	0	0	29807354	0	0	29807354	0	0	66	195.96.139.22
5	1	1	0	0	29789962	0	0	29789962	0	0	4876	40.77.178.238
5	1	0	0	0	29736053	0	0	29736053	0	0	1196	45.32.103.140
5	9	0	0	0	29817258	0	0	29817258	0	0	6300	52.167.144.170
5	0	0	0	1	0	0	29746022	0	0	29746022	0	103.28.36.122
5	1	1	0	0	29732766	0	0	29732766	0	0	298	65.55.210.192
5	1	1	0	0	29813840	0	0	29813840	0	0	1422	52.167.144.166
5	8	0	0	0	29817258	0	0	29817258	0	0	2667	52.167.144.165
5	1	1	0	0	29780352	0	0	29780352	0	0	1658	43.153.122.30
5	1	0	0	0	29784682	0	0	29784682	0	0	871	65.55.210.186
5	8	0	0	0	29832332	0	0	29832332	0	0	2667	52.167.144.161
5	1	1	0	0	29833415	0	0	29833415	0	0	1658	34.91.119.153
5	1	0	0	0	29741504	0	0	29741504	0	0	2005	52.167.144.158
5	10	3	0	0	29731055	0	0	29731055	0	0	9730	149.56.150.131
5	1	1	0	0	29787704	0	0	29787704	0	0	1658	35.245.178.225
5	3	0	0	0	29777081	0	0	29777080	0	0	4974	121.154.176.166
5	1	0	0	0	29784682	0	0	29784682	0	0	547	65.55.210.178
5	2	1	0	0	29816822	0	0	29816822	0	0	1724	159.203.108.46
5	1	0	0	0	29800770	0	0	29800770	0	0	1422	103.28.36.106
5	1	0	0	0	29778115	0	0	29778115	0	0	1658	103.28.36.105
5	3	0	0	0	29742666	0	0	29742666	0	0	4974	59.102.2.181
5	2	0	0	0	29796728	0	0	29774259	0	0	2844	190.185.109.208
5	8	2	0	7	29730892	0	29730892	29730892	0	29730892	456218	2.24.206.103
5	0	0	0	1	0	0	29789962	0	0	29789962	0	52.167.144.150
5	0	0	0	2	0	0	29785118	0	0	29785118	0	74.208.146.162
5	1	0	0	0	29768401	0	0	29768401	0	0	12240	161.0.30.42
5	32	3	0	1	29781004	0	29781004	29781004	0	29781004	806257	65.55.210.170
5	1	1	0	0	29743841	0	0	29743841	0	0	0	51.89.129.49
5	1	1	0	0	29786979	0	0	29786979	0	0	1658	45.32.227.177
5	1	0	0	0	29750582	0	0	29750582	0	0	785	40.77.178.211
5	1	0	0	0	29732782	0	0	29732782	0	0	172223	40.77.178.199
5	0	0	0	1	0	0	29748137	0	0	29748137	0	94.23.188.198
5	1	0	0	0	29794110	0	0	29794110	0	0	1658	32.193.60.217
5	1	0	0	0	29784682	0	0	29784682	0	0	514	40.77.178.195
5	1	0	0	0	29784682	0	0	29784682	0	0	424	40.77.178.205
5	1	1	0	0	29803207	0	0	29803207	0	0	1422	161.115.234.216
5	1	0	0	0	29798692	0	0	29798692	0	0	391	52.167.144.136
5	0	0	0	1	0	0	29780467	0	0	29780467	0	103.160.172.244
5	1	0	0	0	29750582	0	0	29750582	0	0	481	40.77.178.203
5	3	3	0	0	29813404	0	0	29749618	0	0	4974	43.159.140.236
5	1	0	0	0	29750582	0	0	29750582	0	0	453	40.77.178.202
5	1	0	0	0	29750582	0	0	29750582	0	0	557	40.77.178.201
5	26	1	0	1	29757904	0	29757904	29757904	0	29757904	586354	161.115.235.22
5	87	87	0	3	29832316	0	29728572	29730432	0	29726772	402887	154.38.190.94
5	1	0	0	0	29819642	0	0	29819642	0	0	4876	203.83.40.62
5	26	1	0	0	29829958	0	0	29829958	0	0	522079	161.115.234.210
5	3	1	0	1	29738839	0	29734367	29734367	0	29734367	4018	78.142.18.172
5	31	2	0	1	29789978	0	29789978	29789978	0	29789978	766546	40.77.178.184
5	1	0	0	0	29750582	0	0	29750582	0	0	614	65.55.210.149
5	2	0	0	1	29771197	0	29770866	29770866	0	29770866	2844	80.74.128.8
5	1	0	0	0	29806329	0	0	29806329	0	0	1658	98.95.10.23
5	1	0	0	0	29784682	0	0	29784682	0	0	579	40.77.178.180
5	1	1	0	0	29799367	0	0	29799367	0	0	1658	5.133.209.128
5	1	0	0	0	29750582	0	0	29750582	0	0	520	40.77.178.178
5	0	0	0	1	0	0	29768768	0	0	29768768	0	3.224.215.150
5	1	0	0	0	29750582	0	0	29750582	0	0	492	40.77.178.177
5	0	0	0	1	0	0	29800456	0	0	29800456	0	190.92.174.248
5	1	1	0	0	29826125	0	0	29826125	0	0	1658	194.132.63.91
5	91	2	1	184	29827301	29827301	29827301	29827300	29827301	29827300	150878	34.174.51.148
5	91	2	1	184	29818898	29818898	29818898	29818897	29818898	29818897	150878	34.174.102.248
5	1	1	0	0	29733613	0	0	29733613	0	0	449	43.135.134.127
5	1	0	0	0	29784682	0	0	29784682	0	0	639	65.55.210.135
5	1	1	0	0	29802792	0	0	29802792	0	0	1422	195.54.178.44
5	26	1	0	0	29829958	0	0	29829958	0	0	522079	161.115.234.177
5	3	3	0	0	29787985	0	0	29780546	0	0	4974	170.106.11.6
5	1	1	0	0	29829958	0	0	29829958	0	0	1422	161.115.234.176
5	1	0	0	0	29754959	0	0	29754959	0	0	1422	67.227.179.74
5	4	4	0	0	29829231	0	0	29749449	0	0	6632	82.156.116.86
5	1	0	0	0	29750582	0	0	29750582	0	0	639	65.55.210.129
5	2	0	0	0	29804979	0	0	29804979	0	0	3316	34.73.149.120
5	1	1	0	0	29790310	0	0	29790310	0	0	1422	192.81.131.187
5	2	2	0	0	29769956	0	0	29748312	0	0	3316	43.159.145.153
5	2	1	0	0	29761833	0	0	29761833	0	0	1724	146.190.58.16
5	0	0	0	1	0	0	29785214	0	0	29785214	0	31.171.130.130
5	33	3	0	2	29786570	0	29786570	29786570	0	29786570	768463	34.147.47.195
5	30	2	0	0	29803609	0	0	29803609	0	0	543003	65.55.210.122
5	36	3	0	2	29788594	0	29788594	29788594	0	29788594	769593	34.44.142.114
5	1	0	0	0	29784682	0	0	29784682	0	0	557	40.77.178.154
5	2	0	0	0	29730577	0	0	29730574	0	0	886	148.66.159.112
5	3	0	0	0	29802600	0	0	29786574	0	0	4266	138.59.205.201
5	1	1	0	0	29801113	0	0	29801113	0	0	1658	43.153.35.128
5	1	1	0	0	29829958	0	0	29829958	0	0	1422	161.115.234.163
5	1	1	0	0	29768770	0	0	29768770	0	0	1658	52.55.248.163
5	0	0	0	1	0	0	29729475	0	0	29729475	0	40.77.167.243
5	2	0	0	0	29750582	0	0	29750582	0	0	172770	40.77.178.151
5	1	0	0	0	29820946	0	0	29820946	0	0	4876	78.190.166.64
5	4	2	1	0	29801305	29801304	0	29755347	29801304	0	5688	103.255.134.61
5	0	0	0	1	0	0	29728785	0	0	29728785	0	13.228.246.83
5	8	2	2	0	29808909	29808909	0	29808898	29808899	0	16482	205.185.117.197
5	44	13	0	6	29819295	0	29743853	29739612	0	29743853	1336227	89.117.74.90
5	0	0	0	1	0	0	29738150	0	0	29738150	0	144.172.101.168
5	1	0	0	0	29750582	0	0	29750582	0	0	352605	40.77.178.144
5	0	0	0	2	0	0	29725742	0	0	29725144	0	192.178.6.8
5	1	0	0	0	29813840	0	0	29813840	0	0	391	40.77.167.235
5	0	0	0	2	0	0	29726392	0	0	29726392	0	40.88.21.235
5	6	1	0	5	29746081	0	29729560	29731414	0	29726550	6284	192.178.6.7
5	17	0	0	1	29747980	0	29725574	29731414	0	29725574	83914	192.178.6.6
5	1	0	0	0	29831155	0	0	29831155	0	0	1658	91.193.232.190
5	65	2	0	1	29743335	0	29729969	29731414	0	29729969	1536601	192.178.6.5
5	1	0	0	0	29784181	0	0	29784181	0	0	4876	69.171.249.8
5	4	0	0	0	29778865	0	0	29736884	0	0	6632	185.109.244.91
5	1	1	0	0	29819372	0	0	29819372	0	0	1422	185.107.56.146
5	4	4	0	0	29748271	0	0	29741736	0	0	6632	124.156.157.91
5	1	0	0	0	29750582	0	0	29750582	0	0	514	40.77.178.133
5	1	1	0	0	29761102	0	0	29761102	0	0	1658	167.160.50.176
5	0	0	0	1	0	0	29777153	0	0	29777153	0	124.109.61.116
5	3	3	0	0	29802136	0	0	29748713	0	0	4974	43.159.139.164
5	1	0	0	0	29818790	0	0	29818790	0	0	1658	185.223.152.195
5	2	1	0	0	29749091	0	0	29749091	0	0	26760	5.9.50.77
5	1	0	0	0	29814314	0	0	29814314	0	0	1658	45.8.19.213
5	1	1	0	0	29828707	0	0	29828707	0	0	1658	47.79.200.19
5	1	0	0	0	29818674	0	0	29818674	0	0	1658	68.211.137.89
5	1	1	0	0	29807253	0	0	29807253	0	0	1422	44.222.89.106
5	1	1	0	0	29831908	0	0	29831908	0	0	1658	43.159.128.247
5	0	0	0	1	0	0	29786574	0	0	29786574	0	138.219.123.7
5	1	0	0	0	29759003	0	0	29759003	0	0	1658	64.233.173.34
5	1	1	0	0	29829957	0	0	29829957	0	0	1422	161.115.234.128
5	1	0	0	0	29753823	0	0	29753823	0	0	1658	103.117.94.15
5	455	4	0	7	29756916	0	29794411	29730329	0	29727304	4062853	185.93.89.147
5	0	0	0	1	0	0	29786574	0	0	29786574	0	190.185.109.101
5	3	3	0	0	29806607	0	0	29744629	0	0	4974	43.164.131.148
5	4	4	0	0	29829887	0	0	29782948	0	0	6632	119.91.20.139
5	1	1	0	0	29732030	0	0	29732030	0	0	298	161.115.234.120
5	1	1	0	0	29812757	0	0	29812757	0	0	1658	136.50.76.111
5	2	2	0	59	29756991	0	29756992	29756991	0	29756991	3316	3.98.108.54
5	1	1	0	0	29757904	0	0	29757904	0	0	1422	161.115.234.114
5	3	3	0	0	29791027	0	0	29791027	0	0	4738	45.13.186.11
5	1	0	0	0	29798691	0	0	29798691	0	0	1422	40.77.167.184
5	1	1	0	0	29821033	0	0	29821033	0	0	1422	76.33.188.176
5	1	0	0	0	29757969	0	0	29757969	0	0	4876	190.245.146.99
5	3	3	0	0	29777737	0	0	29735886	0	0	4512	43.134.15.174
5	1	0	0	0	29806704	0	0	29806704	0	0	1658	155.2.215.35
5	4	1	0	0	29732982	0	0	29732982	0	0	478521	103.196.9.176
5	0	0	0	1	0	0	29775969	0	0	29775969	0	87.200.68.253
5	2	0	0	0	29802600	0	0	29802600	0	0	2844	138.59.205.124
5	1	0	0	0	29796808	0	0	29796808	0	0	4876	45.43.65.82
5	4	0	0	0	29734366	0	0	29730567	0	0	2031	199.189.225.167
5	1	0	0	0	29776752	0	0	29776752	0	0	1422	40.77.167.159
5	0	0	0	6	0	0	29792007	0	0	29790727	0	134.199.154.99
5	6	0	0	0	29796354	0	0	29796354	0	0	9948	162.19.251.210
5	1	0	1	0	29811205	29811205	0	29811205	29811205	0	1422	176.133.93.57
5	1	1	0	0	29817600	0	0	29817600	0	0	1422	40.77.167.156
5	2	0	0	0	29735066	0	0	29734367	0	0	1898	192.46.221.70
5	1	0	0	0	29777349	0	0	29777349	0	0	1658	3.15.245.239
5	1	1	0	0	29771198	0	0	29771198	0	0	1422	92.62.141.168
5	0	0	0	2	0	0	29830242	0	0	29830242	0	51.77.12.86
5	1	0	0	0	29790162	0	0	29790162	0	0	1658	209.87.169.37
5	1	0	0	0	29741504	0	0	29741504	0	0	408	40.77.167.143
5	1	1	0	0	29790371	0	0	29790371	0	0	1422	9.129.55.249
5	0	0	0	1	0	0	29725183	0	0	29725183	0	103.74.116.239
5	0	0	0	1	0	0	29815840	0	0	29815840	0	34.7.245.199
5	0	0	3	7	0	29769221	29769221	0	29769220	29769220	0	3.224.234.70
5	1	1	0	0	29790371	0	0	29790371	0	0	1422	9.129.55.246
5	1	1	0	0	29787800	0	0	29787800	0	0	1422	9.129.55.244
5	84	2	1	184	29738419	29738419	29738418	29738417	29738419	29738417	139272	18.181.254.209
5	1	1	0	0	29829113	0	0	29829113	0	0	1658	49.51.52.250
5	1	0	0	0	29738339	0	0	29738339	0	0	4876	216.128.11.2
5	4	4	0	0	29830154	0	0	29768736	0	0	6632	49.51.141.76
5	2	1	0	0	29802326	0	0	29802326	0	0	3260	40.77.167.126
5	13	1	1	12	29812612	29812612	29812612	29812612	29812612	29812612	63388	34.83.202.242
5	2	2	0	0	29774753	0	0	29745057	0	0	3316	43.159.128.155
5	29	7	5	3	29820524	29820524	29820524	29797211	29800947	29726066	41238	103.74.116.219
5	0	0	0	1	0	0	29768252	0	0	29768252	0	54.39.136.22
5	2	1	0	0	29808886	0	0	29808886	0	0	1724	137.184.86.229
5	1	0	0	0	29770730	0	0	29770730	0	0	1422	165.227.132.137
5	1	1	0	0	29823642	0	0	29823642	0	0	1422	172.121.189.87
5	1	1	0	0	29821033	0	0	29821033	0	0	1658	134.209.15.202
5	14	0	1	0	29735377	29735377	0	29735377	29735377	0	42924	34.138.105.21
5	6	6	0	0	29816851	0	0	29741126	0	0	9948	49.235.136.28
5	6	6	0	0	29827928	0	0	29736566	0	0	9948	129.28.84.30
5	1	0	0	3	29725125	0	29725125	29725125	0	29725125	66	37.111.212.154
5	5	0	0	1	29817242	0	29728692	29731632	0	29728692	5986	40.77.167.101
5	7	0	1	0	29805947	29801110	0	29801110	29801110	0	9954	192.250.232.93
5	3	1	0	1	29777360	0	29777364	29777350	0	29777364	4974	162.0.208.45
5	1	0	1	0	29811205	29811205	0	29811205	29811205	0	1422	137.59.109.72
5	1	1	0	0	29778901	0	0	29778901	0	0	1658	43.153.71.12
5	4	0	0	1	29749410	0	29749410	29749410	0	29749410	5688	138.59.4.90
5	1	0	0	0	29807200	0	0	29807200	0	0	1658	188.213.202.22
5	1	0	0	0	29796470	0	0	29796470	0	0	1658	188.213.202.16
5	0	0	0	1	0	0	29766913	0	0	29766913	0	37.41.131.57
5	1	0	0	0	29805946	0	0	29805946	0	0	1422	106.0.62.80
5	2	0	0	1	29785018	0	29785017	29778118	0	29785017	3080	129.121.123.168
5	1	1	0	0	29734897	0	0	29734897	0	0	1196	23.27.145.221
5	2	1	0	0	29797181	0	0	29797181	0	0	3316	54.158.89.55
5	0	0	0	3	0	0	29728363	0	0	29727038	0	178.121.49.196
5	1	0	0	0	29783038	0	0	29783038	0	0	1658	54.147.150.116
5	38	3	0	2	29758262	0	29758262	29758262	0	29758262	1472794	202.134.10.130
5	2	2	0	0	29785993	0	0	29785993	0	0	3316	106.255.253.75
5	0	0	0	1	0	0	29831196	0	0	29831196	0	81.70.36.142
5	0	0	0	1	0	0	29735345	0	0	29735345	0	47.84.121.120
5	2	0	0	0	29827914	0	0	29827914	0	0	3316	35.193.230.92
5	0	0	0	1	0	0	29726255	0	0	29726255	0	23.27.145.191
5	1	0	0	0	29810345	0	0	29810345	0	0	1658	193.36.225.56
5	2	0	1	0	29746486	29746098	0	29746098	29746098	0	2844	45.117.83.212
5	2	0	0	1	29731461	0	29729686	29730574	0	29729686	886	2.81.199.210
5	1	1	0	0	29811665	0	0	29811665	0	0	1658	170.106.37.134
5	1	0	0	0	29810815	0	0	29810815	0	0	1658	217.181.91.54
5	2	0	0	2	29749411	0	29749411	29749411	0	29749411	2844	138.59.4.51
5	2	1	1	0	29799440	29799440	0	29799440	29799440	0	3316	202.78.167.217
5	1	0	0	0	29731479	0	0	29731479	0	0	443	136.144.35.157
5	3	0	0	0	29770444	0	0	29770443	0	0	4974	182.180.171.201
5	1	1	0	0	29760385	0	0	29760385	0	0	1658	35.245.62.112
5	2	1	1	0	29765012	29765012	0	29765012	29765012	0	2844	45.146.192.214
5	1	0	0	0	29813695	0	0	29813695	0	0	66	185.247.137.25
5	1	1	0	2	29788461	0	29725666	29788461	0	29725666	1658	202.78.167.207
5	29	2	0	1	29772458	0	29772458	29772458	0	29772458	1013527	35.214.75.31
5	1	0	0	0	29745401	0	0	29745401	0	0	1658	32.193.37.124
5	6	6	0	0	29833224	0	0	29763290	0	0	9948	129.211.229.121
5	1	1	0	0	29820438	0	0	29820438	0	0	4876	147.185.132.168
5	4	4	0	0	29799921	0	0	29736705	0	0	6632	101.32.49.171
5	1	0	0	0	29781003	0	0	29781003	0	0	1422	40.77.167.85
5	0	0	0	2	0	0	29791149	0	0	29790977	0	216.81.248.174
5	2	0	0	0	29798122	0	0	29784666	0	0	2844	52.167.144.67
5	1	0	0	0	29751655	0	0	29751655	0	0	1422	138.59.4.19
5	2	0	0	0	29794213	0	0	29789961	0	0	2844	52.167.144.64
5	2	0	0	0	29765782	0	0	29765781	0	0	3316	39.52.2.145
5	5	0	1	1	29774259	29769242	29769242	29769242	29769242	29769242	7110	200.71.127.19
5	9	1	0	0	29800992	0	0	29789961	0	0	2667	40.77.167.77
5	1	0	0	0	29817229	0	0	29817229	0	0	1658	45.157.43.18
5	2	0	0	0	29831180	0	0	29827283	0	0	2844	52.167.144.59
5	2	0	0	0	29784666	0	0	29784666	0	0	479768	40.77.167.74
5	9	0	0	0	29776752	0	0	29741503	0	0	12798	52.167.144.58
5	2	1	0	0	29829236	0	0	29829236	0	0	1724	64.23.190.226
5	1	0	0	0	29768401	0	0	29768401	0	0	2097	170.254.179.131
5	1	0	1	0	29755150	29755150	0	29755150	29755150	0	1422	165.140.157.20
5	1	0	0	0	29744888	0	0	29744888	0	0	1422	52.167.144.55
5	33	4	0	0	29737834	0	0	29737834	0	0	545802	23.27.145.142
5	3	3	0	0	29819079	0	0	29739909	0	0	4974	43.136.86.241
5	1	1	0	0	29741112	0	0	29741112	0	0	1658	23.27.145.141
5	1	1	0	0	29746140	0	0	29746140	0	0	1422	69.163.181.218
5	1	0	0	0	29825949	0	0	29825949	0	0	1658	45.146.54.171
5	0	0	0	1	0	0	29804746	0	0	29804746	0	173.239.198.118
5	0	0	0	1	0	0	29786539	0	0	29786539	0	206.189.179.28
5	1	1	0	0	29731632	0	0	29731632	0	0	298	40.77.167.67
5	1	1	0	0	29785858	0	0	29785858	0	0	1658	170.106.193.108
5	1	0	0	0	29819596	0	0	29819596	0	0	1658	52.205.52.0
5	2	1	0	0	29793394	0	0	29793394	0	0	3316	51.68.130.128
5	2	0	0	0	29750838	0	0	29750838	0	0	3316	35.88.41.93
5	1	0	0	0	29731470	0	0	29731470	0	0	443	166.62.33.230
5	1	1	0	0	29759670	0	0	29759670	0	0	0	40.77.167.57
5	1	1	0	0	29760397	0	0	29760397	0	0	1658	192.71.142.232
5	7	7	0	0	29828535	0	0	29758664	0	0	34132	141.98.11.224
5	0	0	0	1	0	0	29758684	0	0	29758684	0	54.152.163.42
5	2	1	0	0	29784994	0	0	29784994	0	0	1724	206.189.130.52
5	1	0	0	1	29794214	0	29794214	29794214	0	29794214	172223	40.77.167.48
5	1	0	0	0	29784666	0	0	29784666	0	0	1894	40.77.167.47
5	1	1	0	0	29784666	0	0	29784666	0	0	1422	40.77.167.46
5	1	1	0	2	29743543	0	29725147	29743543	0	29725147	1658	87.106.33.230
5	1	1	0	0	29790418	0	0	29790418	0	0	1658	157.173.126.61
5	2	2	0	0	29793818	0	0	29791219	0	0	3316	50.17.101.143
5	1	1	0	0	29763513	0	0	29763513	0	0	1422	40.77.167.42
5	1	1	0	0	29758381	0	0	29758381	0	0	1658	34.132.228.138
5	10	1	0	1	29732766	0	29728692	29732765	0	29728692	6312	52.167.144.25
5	109	109	0	6	29833576	0	29729232	29731212	0	29725332	505977	178.156.190.34
5	1	0	0	0	29827284	0	0	29827284	0	0	1838	52.167.144.23
5	1	1	0	0	29798039	0	0	29798039	0	0	1422	146.190.172.93
5	1	0	0	0	29760130	0	0	29760130	0	0	1658	203.134.193.134
5	2	1	0	0	29744782	0	0	29744782	0	0	1724	143.198.102.67
5	2	2	0	2	29822732	0	29822732	29821773	0	29821773	0	20.219.103.87
5	1	1	0	0	29747127	0	0	29747127	0	0	1422	100.27.253.23
5	31	2	0	1	29784666	0	29784666	29784666	0	29784666	766569	4.155.66.167
5	2	0	0	0	29739772	0	0	29739772	0	0	2844	37.252.26.12
5	0	0	0	1	0	0	29781110	0	0	29781110	0	162.241.203.97
5	3	0	0	0	29742722	0	0	29742721	0	0	4974	186.239.41.102
5	2	0	0	0	29800937	0	0	29800937	0	0	479768	40.77.167.30
5	1	1	0	0	29776408	0	0	29776408	0	0	1422	40.77.167.28
5	2	0	0	0	29832316	0	0	29832316	0	0	479768	40.77.167.26
5	1	0	0	0	29800456	0	0	29800456	0	0	1422	95.111.193.11
5	0	0	0	1	0	0	29751654	0	0	29751654	0	23.229.41.225
5	2	2	0	0	29754860	0	0	29746486	0	0	2844	208.109.9.173
5	1	0	0	0	29768401	0	0	29768401	0	0	520	170.254.179.39
5	1	1	0	0	29781004	0	0	29781004	0	0	0	40.77.167.25
5	1	1	0	0	29747865	0	0	29747865	0	0	1658	170.106.187.106
5	1	0	0	0	29787225	0	0	29787225	0	0	1658	178.156.200.16
5	0	0	0	1	0	0	29725141	0	0	29725141	0	54.36.142.130
5	2	0	0	0	29731633	0	0	29731633	0	0	479768	40.77.167.22
5	1	0	0	0	29818828	0	0	29818828	0	0	1658	159.89.125.173
5	0	0	0	1	0	0	29767779	0	0	29767779	0	219.92.215.121
5	0	0	0	1	0	0	29754932	0	0	29754932	0	40.77.167.21
5	1	0	1	1	29784385	29784385	29781110	29784385	29784385	29781110	1422	185.23.70.16
5	2	2	0	0	29753230	0	0	29752917	0	0	2844	103.170.81.37
5	1	1	0	0	29738514	0	0	29738514	0	0	1658	8.234.203.1
5	2	2	0	0	29801494	0	0	29787065	0	0	3316	152.228.236.215
5	3	3	0	0	29799503	0	0	29787901	0	0	4974	152.228.236.214
5	2	1	0	0	29746664	0	0	29746563	0	0	2844	45.150.79.142
5	1	1	0	0	29810313	0	0	29810313	0	0	1658	157.173.126.22
5	6	0	0	0	29785429	0	0	29778862	0	0	9240	129.121.74.194
5	3	2	0	0	29786571	0	0	29786571	0	0	457274	171.22.217.55
5	3	3	0	0	29805537	0	0	29735264	0	0	4512	43.157.52.37
5	1	1	0	0	29738215	0	0	29738215	0	0	1658	51.79.64.101
5	1	1	0	0	29748312	0	0	29748312	0	0	4876	178.156.231.8
5	0	0	0	1	0	0	29728778	0	0	29728778	0	92.53.96.141
5	1	0	1	0	29818867	29818867	0	29818867	29818867	0	1658	169.58.197.251
5	3	1	0	0	29822694	0	0	29822694	0	0	4974	85.117.242.80
5	1	0	0	0	29734792	0	0	29734792	0	0	3066	189.183.25.161
5	2	0	0	0	29776378	0	0	29748716	0	0	3316	54.174.209.145
5	0	0	0	1	0	0	29729469	0	0	29729469	0	192.71.142.146
5	1	0	0	0	29819372	0	0	29819372	0	0	1422	176.61.153.80
5	1	0	0	0	29786383	0	0	29786383	0	0	1658	52.203.79.108
5	1	1	0	0	29800994	0	0	29800994	0	0	4876	178.156.139.236
5	6	2	0	0	29811428	0	0	29789122	0	0	8532	79.139.58.98
5	2	1	0	0	29793561	0	0	29793561	0	0	3316	220.118.193.178
5	0	0	0	1	0	0	29759884	0	0	29759884	0	193.32.248.161
5	3	3	0	0	29749576	0	0	29747047	0	0	4974	43.134.68.29
5	4	2	0	0	29799323	0	0	29786574	0	0	943552	158.69.55.148
5	0	0	0	1	0	0	29729008	0	0	29729008	0	198.46.222.253
5	1	1	0	0	29787604	0	0	29787604	0	0	1658	8.229.142.87
5	5	3	1	0	29775956	29775956	0	29775956	29775956	0	6632	103.215.75.19
5	1	0	0	0	29805946	0	0	29805946	0	0	1422	192.250.235.218
5	1	1	0	0	29783476	0	0	29783476	0	0	1658	34.62.218.5
5	0	0	0	15	0	0	29729990	0	0	29729990	0	136.66.222.90
5	1	1	0	0	29797280	0	0	29797280	0	0	1422	132.255.58.41
5	2	0	0	0	29820733	0	0	29749810	0	0	3316	54.198.67.201
5	1	0	0	0	29737925	0	0	29737925	0	0	1658	167.99.230.93
5	1	1	0	0	29734360	0	0	29734360	0	0	878	8.229.133.128
5	0	0	0	2	0	0	29727492	0	0	29727492	0	45.55.35.236
5	1	1	0	0	29789145	0	0	29789145	0	0	0	143.244.47.89
5	1	1	0	0	29784385	0	0	29784385	0	0	1422	192.250.235.185
5	0	0	0	1	0	0	29727415	0	0	29727415	0	170.106.165.186
5	2	2	0	0	29768438	0	0	29736893	0	0	3316	49.234.192.248
5	2	0	0	0	29797365	0	0	29782727	0	0	3080	108.167.161.148
5	0	0	0	1	0	0	29726597	0	0	29726597	0	103.211.135.224
5	1	1	0	0	29813160	0	0	29813160	0	0	1658	3.137.206.197
5	4	4	0	0	29801937	0	0	29788839	0	0	6632	43.160.225.169
5	4	2	0	0	29803519	0	0	29803505	0	0	498800	66.249.74.99
5	0	0	0	1	0	0	29768252	0	0	29768252	0	51.161.37.26
5	1	1	0	0	29750595	0	0	29750595	0	0	1422	220.151.9.22
5	0	0	0	1	0	0	29777357	0	0	29777357	0	167.71.213.255
5	2	0	0	0	29803519	0	0	29803519	0	0	691	66.249.74.98
5	1	1	0	0	29778401	0	0	29778401	0	0	1658	43.158.91.71
5	10	3	1	0	29793902	29755602	0	29755151	29755602	0	14928	192.250.229.214
5	3	0	0	3	29778122	0	29778116	29777355	0	29777365	4974	108.167.161.133
5	1	1	0	0	29772177	0	0	29772177	0	0	4876	80.94.95.173
5	2	0	0	0	29796345	0	0	29788564	0	0	3316	34.206.50.36
5	2	2	0	1	29794655	0	29725602	29786307	0	29725602	3316	43.160.219.206
5	3	1	0	0	29802145	0	0	29802144	0	0	14628	194.180.48.7
5	7	7	0	0	29829364	0	0	29732333	0	0	10391	43.157.191.20
5	10	2	2	2	29784919	29771196	29784493	29770730	29770866	29778866	15164	185.118.190.176
5	0	0	0	1	0	0	29753181	0	0	29753181	0	189.36.128.82
5	1	1	0	0	29823146	0	0	29823146	0	0	1658	43.159.36.180
5	1	1	0	0	29731032	0	0	29731032	0	0	443	47.103.148.210
5	4	3	0	0	29735882	0	0	29735882	0	0	596471	207.241.173.12
5	2	1	0	0	29748304	0	0	29748304	0	0	1724	159.223.207.248
5	0	0	0	4	0	0	29786599	0	0	29786599	0	144.172.118.88
5	2	0	0	0	29797896	0	0	29797896	0	0	3316	8.231.220.182
5	1	0	0	0	29774844	0	0	29774844	0	0	4876	117.220.35.67
5	0	0	0	1	0	0	29768602	0	0	29768602	0	46.8.56.112
5	4	4	0	0	29832571	0	0	29741448	0	0	6632	1.15.52.154
5	2	1	0	0	29793466	0	0	29785018	0	0	2844	20.75.217.78
5	6	3	0	2	29771196	0	29755152	29755328	0	29727866	8532	167.71.218.184
5	2	2	0	0	29813130	0	0	29763147	0	0	3316	43.166.131.228
5	37	3	0	2	29784034	0	29755473	29750175	0	29750200	1984354	66.249.74.78
5	2	1	0	0	29811819	0	0	29811819	0	0	3316	157.245.246.135
5	1	0	1	0	29797211	29797211	0	29797211	29797211	0	1422	20.75.217.75
5	1	0	0	0	29774164	0	0	29774164	0	0	1658	35.153.221.203
5	1	0	1	0	29746604	29746604	0	29746604	29746604	0	1422	20.75.217.74
5	3	1	1	0	29791527	29791527	0	29791527	29791527	0	14628	34.227.80.80
5	0	0	0	3	0	0	29725184	0	0	29725159	0	159.198.35.26
5	2	0	0	0	29784386	0	0	29780358	0	0	3080	20.75.217.72
5	1	1	0	0	29803396	0	0	29803396	0	0	1658	185.139.175.35
5	1	1	0	0	29795515	0	0	29795515	0	0	1658	52.205.50.5
5	2	1	0	0	29800702	0	0	29746605	0	0	2844	20.75.217.69
5	8	4	0	0	29755153	0	0	29746563	0	0	11376	119.195.102.159
5	2	0	1	0	29802792	29802792	0	29801634	29802792	0	2844	20.75.217.66
5	0	0	0	1	0	0	29777366	0	0	29777366	0	20.75.217.65
5	3	2	0	1	29783488	0	29746230	29746140	0	29746230	4502	20.75.217.64
5	2	2	0	0	29763983	0	0	29763981	0	0	3316	23.21.62.45
5	13	1	0	0	29785169	0	0	29750200	0	0	17130	66.249.74.65
5	14	3	0	0	29784703	0	0	29750200	0	0	44656	66.249.74.64
5	0	0	0	2	0	0	29827897	0	0	29826437	0	144.172.89.127
5	1	1	0	0	29796646	0	0	29796646	0	0	1658	41.92.124.142
5	176	23	0	5	29833395	0	29781079	29738712	0	29764031	4704752	62.146.225.153
5	2	1	0	0	29768407	0	0	29768404	0	0	1488	158.173.21.206
5	1	0	0	0	29770729	0	0	29770729	0	0	1422	159.198.66.85
5	1	0	0	0	29768401	0	0	29768401	0	0	1566	95.164.8.96
5	2	2	0	0	29757795	0	0	29733852	0	0	2536	43.166.136.153
5	0	0	0	2	0	0	29725166	0	0	29725160	0	185.70.185.130
5	1	1	0	0	29813196	0	0	29813196	0	0	1658	136.67.92.208
5	3	0	0	0	29787226	0	0	29779607	0	0	4974	69.72.136.99
5	263	30	0	0	29831532	0	0	29732790	0	0	7904069	62.146.225.142
5	1	1	0	0	29764793	0	0	29764793	0	0	1422	47.79.11.239
5	2	2	0	0	29807290	0	0	29807141	0	0	2844	98.81.33.208
5	230	25	0	3	29811356	0	29783981	29749093	0	29773893	6391503	62.146.225.140
5	2	2	0	0	29800928	0	0	29800928	0	0	3316	51.15.192.215
5	1	0	0	1	29770866	0	29779600	29770866	0	29779600	1422	72.167.45.169
5	1	0	0	0	29802508	0	0	29802508	0	0	1422	197.155.134.251
5	8	0	0	0	29770866	0	0	29731480	0	0	10633	120.72.98.5
5	2	0	0	3	29778864	0	29777369	29777364	0	29777353	3316	69.57.172.212
5	1	1	0	0	29814709	0	0	29814709	0	0	1422	20.164.18.93
5	6	1	1	3	29802078	29802077	29725159	29735982	29802077	29725155	8080	209.42.18.223
5	4	0	0	0	29797077	0	0	29787928	0	0	6632	157.66.56.22
5	1	0	0	0	29778116	0	0	29778116	0	0	1658	152.160.212.20
5	2	2	0	0	29803299	0	0	29730732	0	0	2101	43.160.219.138
5	1	1	0	0	29739590	0	0	29739590	0	0	1658	64.89.160.220
5	11	3	0	0	29809264	0	0	29809264	0	0	16580	213.109.160.103
5	1	0	0	0	29779610	0	0	29779610	0	0	1658	135.181.179.114
5	2	1	0	0	29821619	0	0	29821619	0	0	1724	164.92.90.72
5	4	0	0	1	29797365	0	29778116	29781112	0	29778116	6396	202.172.28.53
5	0	0	0	1	0	0	29729688	0	0	29729688	0	13.200.127.26
5	3	0	0	0	29772822	0	0	29772821	0	0	4974	125.213.130.148
5	4	2	1	0	29748762	29748762	0	29748762	29748762	0	13068	95.85.238.60
5	1	1	0	0	29761145	0	0	29761145	0	0	4876	64.89.160.197
5	0	0	0	1	0	0	29825270	0	0	29825270	0	178.18.243.162
5	2	1	0	2	29801304	0	29781110	29800947	0	29727861	2844	209.42.18.204
5	1	0	0	0	29768401	0	0	29768401	0	0	785	191.102.174.97
5	2	2	0	0	29795520	0	0	29795520	0	0	1658	172.252.53.239
5	2	2	0	34	29756978	0	29756979	29756978	0	29756978	3316	18.179.112.146
5	232	24	0	9	29823135	0	29770987	29764713	0	29764713	5990931	62.146.225.103
5	3	0	0	0	29770189	0	0	29770188	0	0	4974	219.73.79.33
5	30	2	0	0	29813840	0	0	29813840	0	0	543002	40.77.179.18
5	0	0	0	1	0	0	29725148	0	0	29725148	0	217.160.228.98
5	1	1	0	0	29821586	0	0	29821586	0	0	1422	142.147.225.143
5	1	1	0	0	29803626	0	0	29803626	0	0	1658	43.154.250.181
5	2	2	0	0	29765668	0	0	29744213	0	0	3316	43.157.172.39
5	2	0	0	0	29799648	0	0	29775267	0	0	3316	34.204.28.244
5	0	0	0	1	0	0	29728769	0	0	29728769	0	5.135.37.162
5	0	0	0	30	0	0	29725449	0	0	29725449	0	157.245.105.107
5	1	0	0	0	29742775	0	0	29742775	0	0	4876	106.192.98.89
5	1	1	0	0	29817301	0	0	29817301	0	0	1422	41.86.38.122
5	7	1	2	0	29733743	29733743	0	29733743	29733743	0	6188	95.85.238.18
5	1	0	0	0	29746228	0	0	29746228	0	0	1422	41.76.214.143
5	1	0	0	0	29817201	0	0	29817201	0	0	4876	216.247.44.173
5	3	0	0	0	29778599	0	0	29735208	0	0	4512	52.55.58.190
5	0	0	0	1	0	0	29729664	0	0	29729664	0	15.235.145.230
5	0	0	0	1	0	0	29728780	0	0	29728780	0	198.46.211.159
5	19	2	0	0	29732895	0	0	29732895	0	0	18487	35.234.188.193
5	2	0	0	0	29797430	0	0	29768600	0	0	3316	13.223.3.216
5	3	3	0	0	29822342	0	0	29750428	0	0	4974	1.12.70.96
5	1	1	0	0	29804401	0	0	29804401	0	0	1658	185.123.93.126
5	3	0	0	0	29737401	0	0	29737401	0	0	3382	106.75.21.200
5	0	0	0	1	0	0	29725385	0	0	29725385	0	140.238.225.184
5	1	1	0	0	29753754	0	0	29753754	0	0	1658	43.130.31.17
5	5	1	0	0	29806433	0	0	29806431	0	0	2432911	34.70.218.12
5	1	1	0	0	29830573	0	0	29830573	0	0	1658	87.236.210.149
5	6	6	0	0	29831835	0	0	29741406	0	0	9948	178.105.183.10
5	2	2	0	0	29805059	0	0	29754497	0	0	3316	43.156.37.91
5	1	1	0	0	29798400	0	0	29798400	0	0	1658	43.166.244.251
5	91	2	1	184	29816036	29816036	29816036	29816036	29816036	29816036	150878	34.174.98.158
5	1	0	0	0	29832741	0	0	29832741	0	0	1658	192.176.28.40
5	1	1	0	0	29740196	0	0	29740196	0	0	1658	43.157.46.118
5	1	0	0	0	29828186	0	0	29828186	0	0	4876	194.124.36.2
5	1	1	0	1	29758329	0	29726978	29758329	0	29726978	1658	170.106.148.137
5	2	2	0	0	29733767	0	0	29733767	0	0	878	103.124.84.88
5	6	6	0	0	29820366	0	0	29730714	0	0	8733	129.204.188.64
5	0	0	2	4	0	29769220	29769220	0	29769220	29769220	0	98.91.77.46
5	3	3	0	0	29828636	0	0	29762398	0	0	4974	43.166.250.187
5	3	0	0	0	29825380	0	0	29825380	0	0	4974	62.60.130.62
5	1	0	0	0	29772843	0	0	29772843	0	0	4876	103.160.241.133
5	0	0	0	1	0	0	29726974	0	0	29726974	0	103.171.88.220
5	2	2	0	0	29797063	0	0	29797063	0	0	1658	103.124.84.77
5	2	2	0	0	29831685	0	0	29753185	0	0	3316	43.164.190.124
5	10	3	0	2	29785238	0	29778116	29734366	0	29778116	13972	167.71.240.77
5	3	0	0	0	29800456	0	0	29800456	0	0	4266	176.119.210.73
5	1	1	0	0	29817264	0	0	29817264	0	0	1658	139.59.177.211
5	2	1	0	0	29767766	0	0	29767766	0	0	1724	142.93.98.0
5	1	0	0	0	29816806	0	0	29816806	0	0	1658	92.119.36.55
5	3	0	0	0	29770188	0	0	29770188	0	0	4974	39.46.136.16
5	2	1	0	0	29821616	0	0	29821616	0	0	1724	137.184.114.168
5	1	1	0	0	29821424	0	0	29821424	0	0	1658	43.166.255.122
5	1	0	0	0	29801811	0	0	29801811	0	0	1422	194.163.183.171
5	1	0	1	0	29771196	29771196	0	29771196	29771196	0	1422	147.52.205.199
5	1	1	0	0	29783566	0	0	29783566	0	0	1658	169.224.20.101
5	33	4	0	1	29768433	0	29768433	29768432	0	29768433	546083	18.213.150.131
5	1	0	0	0	29815365	0	0	29815365	0	0	1658	173.239.213.46
5	1	1	0	0	29775419	0	0	29775419	0	0	1658	34.124.148.236
5	8	1	0	0	29742336	0	0	29731371	0	0	3751	74.235.96.117
5	0	0	0	1	0	0	29779610	0	0	29779610	0	35.213.184.226
5	1	0	0	0	29818829	0	0	29818829	0	0	1658	46.101.74.104
5	1	1	0	0	29735201	0	0	29735201	0	0	979	51.195.183.253
5	2	2	0	0	29813354	0	0	29811924	0	0	3316	43.153.135.208
5	2	2	0	0	29770437	0	0	29762069	0	0	3316	43.166.244.192
5	4	2	0	0	29746229	0	0	29734365	0	0	4968	45.79.123.44
5	4	4	0	0	29793469	0	0	29742180	0	0	6632	43.159.144.16
5	1	1	0	0	29739395	0	0	29739395	0	0	1658	43.166.255.102
5	0	0	0	1	0	0	29774712	0	0	29774712	0	216.73.216.49
5	2	1	0	0	29812331	0	0	29812331	0	0	1724	176.119.150.79
5	2	0	0	0	29793483	0	0	29793483	0	0	3316	35.230.72.36
5	1	1	0	0	29832741	0	0	29832741	0	0	1658	93.158.95.193
5	1	1	0	0	29820961	0	0	29820961	0	0	1658	150.251.225.185
5	2	0	0	0	29785227	0	0	29785227	0	0	2844	131.108.17.250
5	1	1	0	0	29820182	0	0	29820182	0	0	1658	170.106.147.63
5	1	1	0	1	29754684	0	29755407	29754684	0	29755407	1422	124.253.81.107
5	2	0	0	0	29790423	0	0	29780794	0	0	3316	192.178.8.68
5	2	0	0	0	29785428	0	0	29784386	0	0	2844	146.59.150.209
5	4	1	0	0	29805946	0	0	29801749	0	0	5688	50.87.179.84
5	2	0	0	0	29788983	0	0	29780794	0	0	3316	192.178.8.67
5	1	1	0	0	29819111	0	0	29819111	0	0	1658	35.186.187.170
5	1	1	0	0	29746456	0	0	29746456	0	0	1658	91.92.240.219
5	3	1	0	0	29741144	0	0	29741141	0	0	14628	54.80.112.11
5	0	0	0	1	0	0	29726990	0	0	29726990	0	209.172.2.80
5	10	2	0	2	29807410	0	29729677	29735977	0	29729658	14024	202.51.202.242
5	1	1	0	0	29782981	0	0	29782981	0	0	1658	43.130.12.43
5	2	2	0	0	29738925	0	0	29733126	0	0	2101	43.134.62.67
5	2	2	0	0	29788805	0	0	29786727	0	0	3316	54.38.196.24
5	1	0	0	1	29797023	0	29797023	29797023	0	29797023	1658	167.172.238.221
5	1	1	0	0	29818688	0	0	29818688	0	0	1658	49.51.196.42
5	1	1	0	0	29826445	0	0	29826445	0	0	1658	31.56.58.165
5	1	0	0	0	29803022	0	0	29803022	0	0	1658	119.59.124.134
5	1	0	0	0	29770866	0	0	29770866	0	0	1422	114.10.45.114
5	1	1	0	0	29815206	0	0	29815206	0	0	1658	69.163.180.19
5	0	0	0	2	0	0	29730258	0	0	29730258	0	64.227.109.175
5	1	0	0	0	29777439	0	0	29777439	0	0	1658	162.241.203.232
5	0	0	0	1	0	0	29747490	0	0	29747490	0	45.132.195.203
5	4	0	0	0	29767378	0	0	29767376	0	0	5688	50.28.87.108
5	1	1	0	1	29781612	0	29728153	29781612	0	29728153	1658	43.166.1.243
5	0	0	0	1	0	0	29788476	0	0	29788476	0	223.233.85.136
5	2	0	0	1	29787620	0	29768602	29787620	0	29768602	2844	138.219.120.153
5	1	1	0	1	29746229	0	29729651	29746229	0	29729651	1422	15.235.140.141
5	0	0	0	2	0	0	29729450	0	0	29729450	0	172.252.111.247
5	4	4	0	1	29814592	0	29727235	29756040	0	29727235	6632	43.131.26.226
5	1	1	0	0	29732684	0	0	29732684	0	0	443	34.181.244.11
5	1	1	0	0	29734773	0	0	29734773	0	0	1196	192.71.12.156
5	1	1	0	0	29800474	0	0	29800474	0	0	1658	82.208.21.21
5	1	1	0	0	29819372	0	0	29819372	0	0	1422	178.233.173.7
5	1	1	0	0	29791697	0	0	29791697	0	0	1658	3.18.186.238
5	1	0	0	0	29735201	0	0	29735201	0	0	979	51.195.183.185
5	0	0	0	1	0	0	29778308	0	0	29778308	0	92.222.108.127
5	1	0	0	0	29745881	0	0	29745881	0	0	1422	130.185.118.215
5	3	1	0	0	29787620	0	0	29783088	0	0	4266	109.248.143.145
5	4	4	0	0	29830935	0	0	29740392	0	0	19504	5.161.75.231
5	3	3	0	0	29782741	0	0	29748920	0	0	4974	124.156.204.51
5	1	1	0	0	29761947	0	0	29761947	0	0	4876	44.244.106.113
5	0	0	0	1	0	0	29727854	0	0	29727854	0	172.96.190.90
5	1	0	0	0	29732732	0	0	29732732	0	0	443	192.71.12.140
5	1	1	0	0	29795304	0	0	29795304	0	0	1658	36.255.97.58
5	2	1	0	0	29801305	0	0	29784385	0	0	2844	209.172.2.30
5	2	2	0	0	29821973	0	0	29817702	0	0	3316	43.155.162.41
5	3	0	0	0	29798100	0	0	29798099	0	0	4974	195.201.254.135
5	2	0	0	3	29801811	0	29778121	29778115	0	29778117	3080	74.220.219.216
5	1	0	0	2	29782726	0	29781109	29782726	0	29779601	1658	157.173.101.89
5	40	4	0	3	29788100	0	29788100	29788098	0	29788099	1515178	45.132.195.147
5	3	0	0	0	29802051	0	0	29801305	0	0	4266	15.235.140.103
5	1	0	0	0	29810776	0	0	29810776	0	0	4876	86.195.75.7
5	5	1	0	0	29775658	0	0	29770866	0	0	7110	119.18.52.246
5	1	1	0	0	29802824	0	0	29802824	0	0	1658	193.235.141.244
5	3	3	0	0	29792024	0	0	29765891	0	0	4974	162.62.132.25
5	2	2	0	0	29796840	0	0	29796207	0	0	3316	129.226.193.111
5	1	0	0	0	29812367	0	0	29812367	0	0	1658	45.130.83.244
5	4	1	0	0	29771048	0	0	29771048	0	0	474384	84.32.97.162
5	2	1	0	0	29808114	0	0	29808114	0	0	1724	137.184.227.223
5	65	2	1	210	29830112	29830112	29830112	29830111	29830112	29830111	107770	34.174.180.69
5	4	2	0	1	29796728	0	29774259	29768602	0	29774259	5688	192.144.31.144
5	0	0	0	1	0	0	29782238	0	0	29782238	0	39.34.130.225
5	1	0	0	0	29768813	0	0	29768813	0	0	4876	223.181.86.10
5	85	85	0	4	29833096	0	29730012	29731152	0	29728332	410557	178.156.236.139
5	1	1	0	0	29799851	0	0	29799851	0	0	1658	177.39.133.187
5	1	1	0	0	29816856	0	0	29816856	0	0	1658	137.184.227.205
5	0	0	0	2	0	0	29818149	0	0	29816740	0	144.172.97.51
5	1	0	0	0	29738500	0	0	29738500	0	0	1658	54.211.226.193
5	0	0	0	1	0	0	29726093	0	0	29726093	0	8.210.183.148
5	0	0	0	2	0	0	29725174	0	0	29725141	0	216.194.174.116
5	1	0	0	0	29753823	0	0	29753823	0	0	1658	103.117.95.4
5	1	0	0	0	29738487	0	0	29738487	0	0	1658	216.73.163.136
5	0	0	0	1	0	0	29758189	0	0	29758189	0	51.195.183.123
5	0	0	0	1	0	0	29728002	0	0	29728002	0	198.46.224.43
5	0	0	0	1	0	0	29728972	0	0	29728972	0	69.172.232.236
5	1	0	0	0	29812895	0	0	29812895	0	0	1658	159.89.116.36
5	1	0	0	0	29769718	0	0	29769718	0	0	1658	54.205.66.13
5	26	1	0	0	29829957	0	0	29829957	0	0	522079	161.115.234.96
5	3	0	0	0	29812308	0	0	29812308	0	0	4266	191.96.125.254
5	2	1	0	0	29796526	0	0	29796526	0	0	1724	104.248.55.61
5	4	4	0	0	29732346	0	0	29731736	0	0	886	38.253.224.42
5	2	2	0	0	29733769	0	0	29733769	0	0	878	103.144.160.74
5	1	1	0	0	29741966	0	0	29741966	0	0	4876	44.251.188.17
5	0	0	0	1	0	0	29727654	0	0	29727654	0	38.253.224.30
5	1	1	0	0	29785533	0	0	29785533	0	0	1658	31.130.241.78
5	1	1	0	0	29766397	0	0	29766397	0	0	1422	159.223.183.39
5	34	0	0	0	29820699	0	0	29820699	0	0	56372	38.253.224.23
5	0	0	0	1	0	0	29725161	0	0	29725161	0	185.252.86.65
5	49	2	1	120	29826068	29826068	29826068	29826067	29826068	29826067	81242	34.126.203.164
5	1	1	0	0	29821585	0	0	29821585	0	0	1422	104.253.228.235
5	1	0	0	0	29811826	0	0	29811826	0	0	1658	3.216.210.239
5	4	1	0	0	29831346	0	0	29831346	0	0	499655	5.102.169.29
5	0	0	0	1	0	0	29729008	0	0	29729008	0	69.172.232.190
5	1	0	0	0	29802824	0	0	29802824	0	0	1658	193.235.141.156
5	1	0	0	1	29781112	0	29778868	29781112	0	29778868	1658	108.179.252.145
5	4	1	0	0	29825570	0	0	29812308	0	0	5688	191.96.125.217
5	30	0	0	5	29790793	0	29790793	29790790	0	29790790	41238	91.92.47.201
5	1	0	0	0	29739482	0	0	29739482	0	0	4876	160.250.50.17
5	0	0	0	1	0	0	29729052	0	0	29729052	0	69.172.232.174
5	3	0	0	0	29822021	0	0	29812308	0	0	4266	191.96.125.196
5	8	1	0	0	29768427	0	0	29768416	0	0	7461351	93.216.64.110
5	1	0	0	0	29767377	0	0	29767377	0	0	1422	213.165.88.159
5	1	0	0	0	29743841	0	0	29743841	0	0	1422	142.44.220.51
5	2	2	0	0	29803557	0	0	29757209	0	0	3316	170.106.160.90
5	1	1	0	0	29761262	0	0	29761262	0	0	1422	20.15.133.184
5	1	0	0	0	29811204	0	0	29811204	0	0	1658	194.71.211.126
5	1	1	0	0	29816529	0	0	29816529	0	0	1658	43.166.142.76
5	1	0	0	0	29768401	0	0	29768401	0	0	4568	45.15.245.148
5	0	0	0	1	0	0	29729052	0	0	29729052	0	69.172.232.159
5	1	1	0	0	29832994	0	0	29832994	0	0	1658	5.133.204.30
5	1	1	0	0	29783485	0	0	29783485	0	0	1658	136.108.88.80
5	3	3	0	0	29758979	0	0	29737075	0	0	4974	43.133.66.51
5	3	0	0	0	29802600	0	0	29802600	0	0	4266	191.96.125.176
5	1	0	0	0	29802824	0	0	29802824	0	0	1658	193.235.141.120
5	1	0	1	0	29800456	29800456	0	29800456	29800456	0	1422	85.215.36.9
5	3	0	0	0	29770172	0	0	29770171	0	0	4974	115.70.194.100
5	1	1	0	0	29829957	0	0	29829957	0	0	1422	161.115.234.22
5	2	1	0	0	29786570	0	0	29786570	0	0	1658	34.13.217.205
5	6	0	0	0	29822021	0	0	29820505	0	0	8532	191.96.125.172
5	2	1	0	0	29794233	0	0	29794233	0	0	3316	108.129.231.17
5	1	0	0	0	29761262	0	0	29761262	0	0	1422	20.15.133.165
5	26	1	0	0	29732030	0	0	29732030	0	0	537721	161.115.235.1
5	0	0	0	1	0	0	29779230	0	0	29779230	0	106.222.224.140
5	1	0	0	0	29741020	0	0	29741020	0	0	1658	213.171.208.62
5	4	0	0	0	29778411	0	0	29778410	0	0	6632	161.97.138.119
5	1	1	0	0	29786570	0	0	29786570	0	0	1658	198.145.49.104
5	2	2	0	0	29798423	0	0	29798423	0	0	1658	172.252.53.73
5	3	3	0	0	29814078	0	0	29740281	0	0	4974	43.153.49.151
5	3	0	0	0	29814043	0	0	29755148	0	0	4974	34.195.16.23
5	0	0	0	1	0	0	29728972	0	0	29728972	0	69.172.232.135
5	1	1	0	0	29805141	0	0	29805141	0	0	1658	43.135.148.92
5	2	0	0	0	29813743	0	0	29813743	0	0	2844	191.96.125.156
5	1	1	0	0	29733221	0	0	29733221	0	0	443	35.237.167.245
5	0	0	0	3	0	0	29786975	0	0	29782192	0	144.172.109.237
5	2	0	0	0	29813743	0	0	29813743	0	0	2844	191.96.125.87
5	4	4	0	0	29826161	0	0	29823725	0	0	6632	102.220.161.89
5	1	1	0	0	29773181	0	0	29773181	0	0	1422	45.33.65.202
5	1	1	0	2	29746563	0	29726979	29746563	0	29726971	1422	18.61.192.253
5	1	0	0	0	29742809	0	0	29742809	0	0	1658	158.180.33.171
5	2	2	0	0	29831055	0	0	29820135	0	0	9752	154.38.188.71
5	1	1	0	0	29786631	0	0	29786631	0	0	1422	23.94.179.91
5	1	1	0	0	29831959	0	0	29831959	0	0	1658	43.155.157.239
5	89	89	0	2	29832256	0	29728812	29731692	0	29727132	421047	5.161.86.62
5	1	0	0	0	29755809	0	0	29755809	0	0	1658	38.242.206.25
5	1	0	0	0	29732581	0	0	29732581	0	0	443	178.128.81.148
5	55	2	0	0	29730630	0	0	29730630	0	0	1344209	154.38.188.63
5	4	0	0	0	29813743	0	0	29802600	0	0	5688	191.96.125.139
5	7	0	0	0	29833454	0	0	29802600	0	0	9954	191.96.125.76
5	2	1	0	0	29781391	0	0	29781391	0	0	1724	143.198.155.224
5	3	0	0	0	29800298	0	0	29800013	0	0	4974	152.42.211.164
5	1	1	0	0	29832727	0	0	29832727	0	0	1658	170.106.110.146
5	2	0	0	0	29785452	0	0	29785443	0	0	3316	194.68.17.43
5	1	0	0	0	29768401	0	0	29768401	0	0	481	45.15.245.100
5	1	1	0	0	29737605	0	0	29737605	0	0	1658	135.136.23.210
5	1	0	0	0	29802580	0	0	29802580	0	0	1422	3.108.127.218
5	2	0	0	0	29813744	0	0	29813744	0	0	2844	191.96.125.67
5	10	0	0	0	29833454	0	0	29802600	0	0	14220	191.96.125.125
5	5	5	0	0	29811741	0	0	29749751	0	0	8290	118.24.135.34
5	1	1	0	0	29754568	0	0	29754568	0	0	1422	62.193.193.15
5	2	2	0	0	29823099	0	0	29790003	0	0	3316	43.159.148.221
5	0	0	0	1	0	0	29726980	0	0	29726980	0	164.132.200.220
5	1	1	0	0	29750535	0	0	29750535	0	0	1658	35.172.91.99
5	2	0	0	0	29820505	0	0	29820505	0	0	2844	191.96.125.56
5	1	0	0	0	29799286	0	0	29799286	0	0	1422	191.96.125.118
5	1	0	0	0	29822044	0	0	29822044	0	0	1422	191.96.125.117
5	1	1	0	0	29755159	0	0	29755159	0	0	1658	43.131.32.36
5	5	0	0	0	29813743	0	0	29802242	0	0	7110	191.96.125.116
5	0	0	0	12	0	0	29811052	0	0	29811052	0	34.135.136.78
5	5	5	0	0	29800676	0	0	29735060	0	0	7828	43.161.224.78
5	1	1	0	0	29802779	0	0	29802779	0	0	4876	46.255.164.212
5	91	2	1	184	29827142	29827142	29827142	29827141	29827142	29827141	150878	35.198.35.28
5	3	0	0	0	29809137	0	0	29803387	0	0	4266	66.249.65.174
5	2	1	0	0	29736070	0	0	29736070	0	0	1262	137.184.189.244
5	0	0	0	1	0	0	29783088	0	0	29783088	0	131.108.17.23
5	1	1	0	0	29796451	0	0	29796451	0	0	1658	166.70.75.118
5	1	0	0	0	29732092	0	0	29732092	0	0	973	197.218.103.242
5	2	0	0	0	29806390	0	0	29804872	0	0	2844	66.249.65.161
5	1	0	0	0	29809117	0	0	29809117	0	0	1422	66.249.65.160
5	2	2	0	172	29791006	0	29791006	29791006	0	29791006	3316	13.40.99.164
5	2	2	0	0	29732327	0	0	29732327	0	0	443	172.252.175.67
5	3	3	0	0	29799560	0	0	29754064	0	0	4974	43.130.72.177
5	9	2	0	0	29755775	0	0	29755075	0	0	13034	121.200.216.55
5	1	1	0	0	29759003	0	0	29759003	0	0	1422	193.186.4.159
5	0	0	0	1	0	0	29778859	0	0	29778859	0	116.206.174.136
5	1	1	0	0	29809122	0	0	29809122	0	0	1658	43.156.58.237
5	1	1	0	0	29773679	0	0	29773679	0	0	1658	43.153.27.244
5	3	0	0	0	29822021	0	0	29802600	0	0	4266	191.96.125.15
5	4	2	1	0	29757664	29757664	0	29757664	29757664	0	1658	179.43.134.114
z	0	765	240	29833267	0
z	1	1	0	29769457	1
z	2	247	0	29833415	16505
z	3	6401	221	29833267	2557028
z	4	12547	4581	29833576	28693871
z	5	845	2	29833267	30920852
z	6	524	0	29833267	201542116
z	7	72	0	29830809	173919932
c	200	20692	29833576
c	206	87	29830163
c	301	286	29832509
c	304	623	29833267
c	400	68	29769221
c	401	105	29753145
c	403	5305	29832749
c	404	467	29830242
c	405	16	29824391
c	406	556	29793822
c	409	3	29751736
c	499	93	29831949
c	500	86	29793599
c	503	269	29725749
